#{"t_start": 1685745017.597596, "env_id": "quantumEnvMeasureFilter-v0"}
r,l,t
-358.362382,499,115.664745
-412.97629,499,229.173097
-393.592925,499,343.002218
-409.747866,499,461.075461
-391.663642,499,588.666878
-356.57303,499,987.94729
-378.445069,499,1102.562238
-355.663784,499,1218.396417
-361.882919,499,1341.607446
-369.198206,499,1467.040051
-405.344629,499,1862.373273
-376.642666,499,1977.408622
-429.920995,499,2096.674861
-343.241789,499,2222.163643
-367.840024,499,2343.609475
-342.337776,499,2735.733501
-436.06317,499,2852.097236
-334.084136,499,2972.170405
-383.179374,499,3095.449042
-394.856215,499,3215.353274
-337.113779,499,3608.562005
-317.724625,499,3725.804646
-365.126964,499,3849.582041
-408.196941,499,3971.228753
-406.511061,499,4089.453648
-379.40309,499,4476.133918
-415.762866,499,4595.796126
-416.736692,499,4717.942306
-359.501691,499,4839.048458
-358.924392,499,4957.124258
-460.858076,499,5344.768862
-374.475204,499,5467.428249
-340.310247,499,5592.677901
-374.670253,499,5710.342016
-393.976908,499,5828.89217
-366.911438,499,6217.151805
-405.204143,499,6340.179533
-331.309164,499,6462.772778
-372.373871,499,6577.970385
-367.728715,499,6695.492766
-424.129359,499,7088.231997
-342.671187,499,7212.371431
-382.986242,499,7334.277935
-392.658558,499,7450.75009
-332.9457,499,7569.159009
-350.942743,499,7958.900064
-341.073742,499,8084.184471
-423.003085,499,8205.273075
-399.925248,499,8322.825991
-377.617784,499,8441.933516
-434.667849,499,8835.758527
-385.867407,499,8963.193409
-376.296014,499,9081.26114
-356.79065,499,9196.565876
-416.194307,499,9314.42343
-368.63378,499,9707.138077
-348.946356,499,9830.933101
-382.703742,499,9949.212436
-401.815055,499,10065.722548
-364.266622,499,10184.233872
-378.448397,499,10580.583632
-341.225632,499,10703.071081
-367.994173,499,10821.390192
-404.1236,499,10938.019406
-389.324425,499,11059.056544
-350.781331,499,11454.842587
-387.409403,499,11576.538162
-405.430008,499,11695.504489
-304.228381,499,11816.254736
-337.114052,499,11934.676118
-364.992183,499,12330.471398
-405.488667,499,12451.436315
-387.623156,499,12570.782409
-401.249986,499,12691.571115
-460.699757,499,12810.424542
-367.353349,499,13205.88111
-389.946069,499,13327.076889
-350.997877,499,13447.395392
-433.096638,499,13567.838688
-352.566188,499,13685.581757
-370.071382,499,14081.438766
-379.315185,499,14202.430763
-391.251885,499,14324.246906
-370.969716,499,14443.248255
-349.880385,499,14561.764707
-325.396431,499,14955.18611
-402.491993,499,15079.419429
-381.953425,499,15203.73756
-376.433282,499,15323.061908
-373.328689,499,15443.895851
-397.337458,499,15835.60512
-384.697699,499,15958.492131
-317.489225,499,16081.527809
-337.986225,499,16202.193869
-384.050436,499,16323.514273
-399.3847,499,16715.848457
-411.938443,499,16839.45897
-343.17618,499,16961.586377
-489.462418,499,17083.14368
-372.435627,499,17203.150666
-343.7397,499,17594.269115
-360.089205,499,17719.550523
-400.043066,499,17843.49775
-343.306347,499,17964.254761
-399.286811,499,18083.559127
-356.378276,499,18474.47915
-396.093449,499,18595.849127
-406.947502,499,18721.760341
-373.798749,499,18842.187755
-353.286318,499,18960.4287
-370.162496,499,19350.284312
-360.01272,499,19476.290738
-366.197265,499,19599.786801
-377.945946,499,19719.471437
-406.930244,499,19838.618976
-378.387231,499,20229.468784
-315.887618,499,20354.01429
-333.601477,499,20475.859582
-388.604902,499,20593.416245
-412.519822,499,20713.013017
-392.688685,499,21105.846965
-367.22648,499,21229.488666
-444.629179,499,21349.479778
-360.177981,499,21466.492757
-364.265711,499,21588.71136
-383.815748,499,21977.195899
-408.650601,499,22100.257673
-342.845692,499,22220.673909
-378.0368,499,22340.053702
-365.433372,499,22461.056664
-394.477931,499,22852.629005
-430.435398,499,22972.426118
-357.323534,499,23091.444577
-365.715204,499,23213.920558
-374.201207,499,23335.329573
-381.186777,499,23720.730145
-378.064962,499,23838.703321
-375.439236,499,23957.862303
-381.339008,499,24079.973934
-374.012667,499,24200.545404
-329.649591,499,24587.866074
-323.989796,499,24707.05247
-388.818721,499,24826.823736
-431.458773,499,24948.900738
-374.962306,499,25068.974715
-418.105665,499,25457.261322
-417.71115,499,25578.092935
-366.843109,499,25697.604573
-353.795099,499,25819.015707
-412.480863,499,25938.142997
-361.754818,499,26325.732671
-348.996399,499,26445.97009
-358.093708,499,26566.480598
-408.485239,499,26686.918979
-405.529801,499,26807.75334
-407.853653,499,27197.589907
-362.063766,499,27316.463745
-365.184401,499,27437.299832
-353.022675,499,27557.38413
-412.582838,499,27679.792657
-354.600307,499,28071.031832
-389.410954,499,28192.99495
-373.130317,499,28312.580945
-362.924942,499,28436.527072
-333.34251,499,28558.635591
-319.673673,499,28946.63601
-416.045995,499,29067.350101
-416.520803,499,29186.447658
-363.49069,499,29310.324496
-425.086597,499,29433.490695
-438.100875,499,29822.809721
-349.434104,499,29941.650853
-349.825696,499,30061.072469
-438.425106,499,30183.944847
-366.07736,499,30304.436756
-369.452608,499,30691.565624
-367.489058,499,30809.165438
-406.81728,499,30930.529079
-393.356518,499,31053.76148
-424.35729,499,31173.575558
-340.376377,499,31560.73307
-355.170161,499,31680.333567
-351.068041,499,31803.614578
-444.523625,499,31926.524215
-330.622512,499,32046.978907
-391.009861,499,32430.17245
-400.21065,499,32550.977017
-340.881783,499,32675.564513
-334.923254,499,32797.966636
-365.272264,499,32917.877052
-401.936814,499,33299.855489
-406.905131,499,33421.814399
-380.358619,499,33547.289808
-416.911078,499,33667.320479
-416.566622,499,33788.60165
-373.293061,499,34171.386903
-351.293388,499,34294.538889
-449.44122,499,34419.313025
-363.813233,499,34540.490233
-349.842846,499,34661.677815
-367.218519,499,35045.994975
-413.108956,499,35170.916766
-372.944996,499,35293.175597
-401.996717,499,35415.033162
-327.037294,499,35537.262569
-383.346475,499,35921.042933
-372.90678,499,36046.189374
-427.29479,499,36168.934583
-349.362247,499,36292.828705
-370.964063,499,36415.50901
-389.332787,499,36801.964906
-329.218646,499,36928.043402
-342.43212,499,37049.904785
-339.875698,499,37173.870408
-430.645448,499,37297.013547
-405.926176,499,37688.027668
-382.279165,499,37813.474699
-439.445487,499,37936.502433
-393.121611,499,38058.87615
-374.287762,499,38183.383562
-361.608233,499,38574.388556
-423.730281,499,38698.370238
-353.835524,499,38819.279689
-356.19606,499,38939.073069
-361.126536,499,39062.244501
-395.176182,499,39452.844313
-362.884499,499,39574.615198
-362.560349,499,39695.632523
-339.859664,499,39816.490504
-383.288195,499,39938.390558
-395.49088,499,40326.382997
-400.902225,499,40446.781394
-352.105086,499,40566.026012
-389.385413,499,40688.657497
-409.228925,499,40810.353085
-310.379092,499,41199.367207
-337.627223,499,41319.429666
-365.326667,499,41440.332554
-410.521214,499,41566.470774
-372.959562,499,41688.940021
-394.637446,499,42079.945848
-449.00568,499,42202.905773
-366.638076,499,42326.15404
-384.71328,499,42453.588593
-346.29811,499,42575.730964
-417.651548,499,42964.200971
-355.297923,499,43086.035472
-373.255985,499,43212.652916
-347.8445,499,43337.896583
-407.947761,499,43459.775155
-393.747079,499,43847.456787
-352.152676,499,43971.663141
-327.45313,499,44100.133711
-397.480502,499,44224.6384
-373.222835,499,44346.247055
-355.465315,499,44732.190721
-371.999674,499,44856.979076
-399.281929,499,44984.847629
-370.768009,499,45107.54459
-302.056664,499,45231.040084
-342.83974,499,45618.083009
-370.186394,499,45745.642378
-404.141561,499,45870.211807
-403.709087,499,45993.171233
-338.641429,499,46115.723824
-487.709704,499,46503.338139
-368.02913,499,46631.726775
-366.55908,499,46755.849068
-364.39367,499,46880.094229
-401.473302,499,47002.045117
-351.833279,499,47389.317511
-398.138081,499,47515.828691
-345.750709,499,47641.993735
-400.487268,499,47765.286714
-397.472678,499,47885.102199
-356.824286,499,48279.103551
-340.777713,499,48405.069877
-372.488011,499,48530.885754
-373.152637,499,48653.961571
-381.756194,499,48773.360554
-381.564419,499,49172.732479
-409.626499,499,49297.868541
-383.00723,499,49421.174651
-329.747393,499,49538.485007
-316.632242,499,49654.68942
-385.755239,499,50047.334466
-418.842292,499,50170.244791
-383.235769,499,50291.41729
-385.079349,499,50405.335361
-437.91004,499,50521.283774
-392.345159,499,50914.921883
-365.282428,499,51038.026676
-389.93353,499,51158.337215
-412.117443,499,51274.413323
-334.556994,499,51392.042888
-395.968798,499,51788.980276
-346.903973,499,51912.081526
-406.696346,499,52030.048948
-416.182981,499,52145.563875
-355.576866,499,52262.110456
-359.241205,499,52662.888583
-382.640897,499,52781.372798
-396.536036,499,52898.905319
-356.189647,499,53016.272049
-376.760287,499,53133.051831
-381.865529,499,53533.940965
-379.497564,499,53651.302273
-342.783684,499,53769.360314
-326.17674,499,53886.640173
-391.987068,499,54003.414884
-423.400563,499,54403.510367
-357.861648,499,54521.866157
-382.811047,499,54639.259325
-432.644183,499,54756.026663
-357.748933,499,54873.507782
-366.761876,499,55273.791215
-407.990855,499,55392.562322
-382.39322,499,55509.984508
-348.601864,499,55625.839255
-368.307256,499,55744.585853
-368.584657,499,56144.890286
-382.048335,499,56263.613972
-398.734394,499,56380.526474
-358.646131,499,56497.091537
-371.998451,499,56615.241392
-355.842,499,57014.433896
-406.980314,499,57133.325514
-370.051797,499,57250.444998
-368.646806,499,57369.509689
-385.065682,499,57491.631604
-362.928435,499,57891.090767
-320.50681,499,58010.860488
-319.934242,499,58128.854749
-410.609727,499,58248.58927
-406.988623,499,58372.047425
-359.316239,499,58770.861305
-434.659015,499,58889.789874
-429.891373,499,59008.060026
-347.174539,499,59129.674567
-372.174922,499,59253.579349
-430.306709,499,59652.824497
-352.934952,499,59770.687049
-375.433555,499,59888.826616
-369.262435,499,60011.690837
-397.339697,499,60136.895068
-375.268803,499,60531.398938
-409.676198,499,60649.578161
-330.439764,499,60770.073655
-368.208506,499,60893.101746
-345.865388,499,61017.171928
-436.803459,499,61409.340152
-330.430714,499,61527.968542
-386.300443,499,61648.639294
-375.271799,499,61771.905359
-359.885432,499,61897.775399
-329.589204,499,62286.437944
-361.024022,499,62405.392501
-391.390267,499,62527.070926
-407.31341,499,62653.346885
-374.398396,499,62781.415073
-403.394858,499,63171.445508
-419.8759,499,63288.684192
-372.438172,499,63407.294403
-342.900441,499,63531.036192
-444.651853,499,63654.381639
-373.072808,499,64041.298657
-351.739385,499,64158.633469
-369.049664,499,64277.938605
-411.751265,499,64400.904454
-370.758445,499,64524.163024
-396.483789,499,64908.012447
-328.665598,499,65025.702063
-366.124618,499,65146.479193
-363.006011,499,65269.201623
-419.291932,499,65391.95101
-369.929472,499,65775.737462
-391.375462,499,65892.971601
-387.168226,499,66013.529581
-315.28073,499,66136.356452
-329.74092,499,66256.967688
-342.233333,499,66642.220227
-417.66931,499,66759.451323
-400.973491,499,66880.111628
-363.320192,499,67001.560367
-439.686166,499,67123.690654
-388.493568,499,67506.849159
-361.845901,499,67625.828147
-355.487733,499,67746.8227
-420.077886,499,67868.960621
-381.740941,499,67993.183389
-355.302357,499,68376.522988
-381.178523,499,68493.518986
-384.329448,499,68613.067781
-376.950192,499,68736.462817
-372.873588,499,68859.80265
-334.994491,499,69243.609976
-368.208078,499,69362.559323
-377.102554,499,69480.654335
-411.935094,499,69604.309017
-345.273027,499,69727.89801
-383.063259,499,70110.875522
-408.798536,499,70227.723854
-315.278598,499,70347.249931
-340.470708,499,70470.549798
-357.493177,499,70594.858679
-409.755666,499,70979.710516
-382.422813,499,71095.586365
-389.399797,499,71217.102672
-459.640201,499,71342.469908
-375.573637,499,71465.940786
-381.579374,499,71849.86276
-350.691965,499,71965.430127
-391.554028,499,72088.542471
-353.198464,499,72213.214884
-372.079323,499,72333.807271
-357.863705,499,72715.782929
-409.303984,499,72833.149336
-372.339469,499,72958.152032
-352.242885,499,73080.877291
-324.288381,499,73201.091105
-395.975234,499,73585.706728
-382.057732,499,73705.309141
-390.092818,499,73831.482074
-357.06436,499,73953.511655
-389.870767,499,74072.424486
-374.753468,499,74454.926032
-304.297706,499,74574.694719
-351.619483,499,74701.175111
-391.681034,499,74821.597174
-400.530673,499,74939.475873
-402.032357,499,75323.600643
-354.091151,499,75447.178638
-480.264207,499,75570.824068
-337.351594,499,75690.294667
-359.779419,499,75809.180733
-342.847601,499,76195.027878
-402.446791,499,76316.881552
-334.788446,499,76438.294471
-384.819526,499,76557.006599
-353.331982,499,76675.146901
-390.76009,499,77060.223893
-401.846742,499,77184.323558
-343.762496,499,77304.790306
-342.420635,499,77424.351883
-380.092886,499,77544.40694
-351.616103,499,77929.950505
-377.281457,499,78053.696322
-371.868589,499,78172.330365
-395.351341,499,78292.135181
-385.048992,499,78411.154103
-325.56207,499,78799.411511
-330.809473,499,78920.407948
-352.729957,499,79038.233527
-417.451435,499,79158.633556
-353.122935,499,79277.564343
-379.04677,499,79666.67884
-449.992172,499,79787.499698
-370.476466,499,79909.684571
-355.494136,499,80029.93445
-402.243162,499,80146.787577
-398.861929,499,80538.505368
-331.202298,499,80659.290214
-398.140613,499,80781.710014
-348.348946,499,80900.585907
-369.504305,499,81017.648966
-415.689353,499,81409.638678
-358.904861,499,81529.431478
-357.335903,499,81651.842873
-379.929963,499,81770.468498
-387.153766,499,81887.286175
-371.504771,499,82280.035702
-382.606407,499,82402.603359
-394.702507,499,82525.888338
-363.996087,499,82644.097508
-329.954295,499,82762.239468
-322.794599,499,83153.672037
-385.647418,499,83276.561224
-446.016087,499,83399.000646
-384.145993,499,83515.821715
-394.557224,499,83633.601932
-440.49371,499,84028.214227
-357.800045,499,84153.311048
-362.031815,499,84273.803882
-412.394363,499,84393.364584
-371.592922,499,84512.15656
-347.871183,499,84903.775004
-364.074225,499,85027.124083
-387.375867,499,85148.694876
-400.837568,499,85268.590606
-409.762165,499,85386.394394
-351.406454,499,85778.986783
-361.490845,499,85901.818898
-354.734565,499,86024.016457
-390.747497,499,86144.602163
-382.225918,499,86260.572004
-362.659624,499,86654.970361
-347.839354,499,86776.906302
-356.71176,499,86901.276408
-324.543928,499,87020.996551
-317.753831,499,87135.174798
-409.791577,499,87256.586235
-417.320997,499,87654.758856
-358.826847,499,87778.072137
-414.410104,499,87894.72288
-425.894572,499,88009.903632
-350.595485,499,88129.095059
-355.446135,499,88529.665221
-418.316082,499,88652.385988
-358.898867,499,88769.25248
-374.90729,499,88884.46787
-369.997899,499,89006.723961
-389.429796,499,89407.074305
-392.309335,499,89526.802209
-429.849527,499,89642.575618
-339.025742,499,89758.292079
-363.180624,499,89881.468915
-352.172834,499,90280.683804
-423.43728,499,90398.788598
-323.460273,499,90514.315049
-389.051648,499,90631.786154
-358.963205,499,90756.238025
-345.703083,499,91155.682554
-318.4337,499,91272.730096
-355.598526,499,91390.327275
-405.951688,499,91507.564122
-403.908089,499,91628.104724
-380.37791,499,92029.28743
-404.433704,499,92146.068026
-433.724267,499,92263.655826
-362.325344,499,92383.783874
-353.095613,499,92503.207575
-434.479345,499,92902.074476
-378.934056,499,93019.404527
-345.121891,499,93137.637604
-364.671965,499,93257.850036
-409.755711,499,93375.100151
-386.31267,499,93774.431892
-400.151282,499,93893.001499
-331.660795,499,94012.998424
-360.415187,499,94131.606261
-372.342004,499,94252.611808
-421.554058,499,94649.457472
-347.467029,499,94767.526762
-381.605204,499,94888.562047
-402.497361,499,95007.51155
-314.687847,499,95125.940465
-344.480448,499,95521.77531
-342.938355,499,95640.519382
-386.594072,499,95763.243953
-393.11863,499,95881.347504
-372.86401,499,96000.210939
-431.368465,499,96397.528766
-363.585562,499,96517.363554
-373.475565,499,96640.639351
-361.823014,499,96759.995095
-432.450759,499,96879.235388
-378.200091,499,97272.258684
-344.006204,499,97392.327278
-370.637006,499,97514.837819
-393.255514,499,97633.739622
-349.46255,499,97754.612785
-391.971796,499,98145.250737
-332.613581,499,98266.130929
-371.089296,499,98389.626642
-366.483851,499,98508.496647
-404.332715,499,98627.035188
-352.260149,499,99016.874269
-360.472256,499,99139.641038
-405.549551,499,99263.95431
-302.426125,499,99382.345373
-341.97743,499,99501.410733
-350.858191,499,99892.172678
-411.164693,499,100019.172272
-380.709554,499,100142.208519
-394.913732,499,100259.838409
-448.116843,499,100379.669219
-363.974053,499,100775.020758
-378.585559,499,100901.568993
-353.345146,499,101025.175343
-360.375176,499,101141.727659
-348.36912,499,101264.769832
-372.117089,499,101659.510333
-352.820549,499,101781.692337
-392.677003,499,101901.20777
-358.060213,499,102017.749227
-340.969192,499,102137.16107
-328.012382,499,102534.54249
-404.451153,499,102657.097368
-360.694216,499,102774.958296
-385.966426,499,102893.660898
-354.947843,499,103012.497456
-402.357832,499,103410.43778
-385.181033,499,103532.765789
-310.660783,499,103649.983126
-318.242381,499,103768.774678
-351.562244,499,103886.552485
-393.69814,499,104283.999559
-393.344611,499,104404.285336
-348.230616,499,104522.873427
-475.714888,499,104640.987865
-353.059719,499,104762.2579
-346.60153,499,105158.358094
-311.533374,499,105277.335866
-395.01632,499,105395.801058
-332.7986,499,105515.175328
-374.602989,499,105635.086622
-360.353687,499,106030.223701
-379.201282,499,106148.818747
-383.102098,499,106268.05049
-340.929789,499,106385.750079
-344.113379,499,106504.695537
-358.914021,499,106897.187598
-352.412363,499,107015.888354
-369.963691,499,107134.637536
-365.795032,499,107253.539624
-376.971759,499,107375.207138
-378.875125,499,107766.219485
-311.701309,499,107883.948556
-324.201937,499,108001.732254
-336.277321,499,108123.214877
-373.386536,499,108249.345279
-352.732691,499,108639.21176
-375.206834,499,108757.201292
-435.762187,499,108875.408639
-367.700749,499,108998.346966
-346.636999,499,109120.80238
-355.697751,499,109508.173257
-397.061306,499,109624.121131
-341.62176,499,109745.127611
-387.691744,499,109871.207941
-320.343956,499,109991.602581
-367.208161,499,110375.73479
-410.234461,499,110491.876638
-366.945635,499,110614.178161
-346.687614,499,110741.376729
-377.226362,499,110861.650761
-327.778553,499,111244.60421
-357.967991,499,111360.57719
-365.710379,499,111484.135882
-361.058137,499,111610.340689
-358.47948,499,111733.679546
-300.373953,499,112113.13939
-310.765406,499,112231.102437
-381.091535,499,112357.244038
-347.288864,499,112482.430337
-374.313262,499,112602.039191
-362.33277,499,112978.843651
-430.983312,499,113097.08154
-359.196448,499,113222.219567
-321.383013,499,113346.001132
-369.441697,499,113466.875325
-368.971941,499,113841.385524
-343.131677,499,113961.143171
-370.152009,499,114086.883571
-384.181021,499,114210.986127
-384.857285,499,114333.679419
-400.0335,499,114708.344667
-356.383541,499,114828.396388
-331.355991,499,114952.484683
-364.681237,499,115076.833025
-399.173217,499,115200.961549
-375.773444,499,115579.145317
-365.638232,499,115700.545574
-337.330551,499,115822.881503
-369.160595,499,115947.419871
-318.392178,499,116068.202683
-322.106373,499,116443.459231
-389.767852,499,116565.242367
-356.285082,499,116687.853115
-365.563914,499,116811.883008
-412.051599,499,116932.919822
-417.980438,499,117306.906269
-358.727936,499,117424.687154
-359.718951,499,117542.750939
-406.875138,499,117662.673391
-366.824064,499,117780.517081
-346.369079,499,118146.549457
-373.515154,499,118263.901777
-382.021885,499,118380.616485
-380.232596,499,118499.304144
-384.76201,499,118618.051997
-333.322653,499,118986.022187
-372.803847,499,119103.150426
-348.674868,499,119219.656924
-349.370956,499,119337.648497
-334.897786,499,119455.770359
-373.426083,499,119824.785074
-395.226616,499,119941.813082
-337.959045,499,120058.293324
-323.154011,499,120175.748423
-349.88231,499,120295.679505
-420.144128,499,120667.289345
-384.078751,499,120783.360054
-376.999422,499,120899.852292
-410.770919,499,121018.626978
-429.690417,499,121138.811063
-365.10809,499,121508.534039
-357.028625,499,121625.41229
-430.918455,499,121742.307256
-360.506739,499,121860.852921
-336.917786,499,121985.562468
-374.218969,499,122354.698779
-403.533427,499,122470.334049
-360.556403,499,122586.682135
-392.562947,499,122705.587809
-328.120943,499,122825.562094
-355.62111,499,123195.746455
-370.679679,499,123310.655195
-372.696905,499,123428.470447
-329.597794,499,123548.599078
-376.945495,499,123669.020633
-351.621271,499,124036.654607
-305.642259,499,124153.740411
-343.608878,499,124272.235063
-338.065903,499,124392.24859
-376.866577,499,124512.491354
-394.51633,499,124878.836286
-351.433747,499,124996.103419
-428.576474,499,125116.275709
-375.884132,499,125236.639496
-353.521711,499,125357.271098
-323.394839,499,125722.549737
-362.454684,499,125840.895068
-349.78843,499,125961.915912
-347.332073,499,126080.682646
-352.522007,499,126196.81007
-393.021835,499,126564.198004
-356.455438,499,126684.987115
-387.462488,499,126807.100708
-330.707961,499,126926.115844
-365.801014,499,127041.987006
-361.221735,499,127411.619045
-382.348396,499,127532.417813
-356.013637,499,127655.67805
-367.359645,499,127773.371252
-415.849624,499,127886.653634
-307.750574,499,128258.915309
-331.133555,499,128379.827706
-331.914523,499,128501.779028
-402.949021,499,128619.112641
-369.808566,499,128733.897201
-392.347633,499,129111.320606
-437.740326,499,129233.397143
-348.99075,499,129353.990952
-355.268952,499,129468.024409
-313.204302,499,129580.520913
-370.474151,499,129961.879603
-347.104091,499,130084.693738
-373.448995,499,130204.481574
-347.874099,499,130317.278813
-388.58186,499,130430.138083
-353.295729,499,130816.313921
-348.573971,499,130938.673211
-346.255264,499,131056.949493
-396.817777,499,131169.550072
-352.134281,499,131282.058919
-396.932078,499,131672.670608
-343.489511,499,131792.976064
-387.416307,499,131907.523084
-345.931327,499,132018.554941
-321.516808,499,132134.189188
-321.080825,499,132527.752075
-369.254702,499,132645.084481
-391.674944,499,132758.243397
-402.682455,499,132869.027303
-331.200213,499,132981.658691
-446.246301,499,133373.064509
-331.546687,499,133488.424496
-329.132543,499,133601.461967
-343.998991,499,133710.91958
-386.197283,499,133823.689917
-316.921093,499,134216.687712
-376.027195,499,134333.829112
-333.057224,499,134448.633702
-363.628034,499,134561.173455
-370.807363,499,134674.335793
-329.287708,499,135066.802133
-331.970391,499,135184.759645
-368.444531,499,135300.001573
-347.554194,499,135413.489702
-364.177894,499,135529.515818
-321.566775,499,135921.559831
-344.849248,499,136040.215431
-362.566062,499,136155.839042
-306.254243,499,136268.171455
-329.319775,499,136384.777307
-340.63644,499,136775.671109
-350.082738,499,136894.087445
-357.817391,499,137008.564073
-352.645773,499,137121.117296
-395.796937,499,137237.795535
-348.708007,499,137627.670105
-343.597351,499,137746.548525
-312.64647,499,137860.628386
-317.285,499,137974.019548
-330.323453,499,138091.894132
-376.195299,499,138479.019678
-332.128097,499,138595.643862
-352.332817,499,138707.891063
-394.957155,499,138823.635495
-338.760584,499,138943.580542
-322.859577,499,139334.695485
-358.049114,499,139451.755918
-329.341428,499,139564.185853
-339.832707,499,139680.12076
-353.409069,499,139797.481282
-342.338491,499,140185.070357
-349.582653,499,140300.252382
-305.101862,499,140414.849447
-312.050537,499,140530.458516
-341.934004,499,140648.880151
-334.721819,499,141035.753968
-354.5497,499,141150.016509
-347.569695,499,141265.650848
-388.359998,499,141381.542499
-331.030651,499,141497.553014
-317.800647,499,141882.970925
-340.81134,499,141997.08437
-340.03373,499,142112.733152
-330.51391,499,142229.338784
-341.876834,499,142349.104904
-342.784818,499,142734.766572
-365.572818,499,142850.676699
-393.24817,499,142966.075978
-337.579811,499,143084.242705
-304.255946,499,143202.950781
-330.1858,499,143583.665428
-334.065063,499,143699.5537
-345.890845,499,143815.805371
-314.812026,499,143934.305142
-333.144754,499,144053.456523
-363.117352,499,144433.794754
-287.204663,499,144549.092301
-322.619486,499,144667.274728
-348.269913,499,144787.448376
-314.741368,499,144905.821908
-339.858849,499,145284.085199
-375.864502,499,145398.196839
-386.935088,499,145518.595583
-335.699135,499,145639.545728
-327.15167,499,145760.191609
-316.839669,499,146134.805121
-330.197378,499,146249.456693
-331.15431,499,146372.716992
-362.480515,499,146492.148485
-369.716659,499,146607.911079
-333.085338,499,146980.261403
-365.518813,499,147096.83952
-307.91232,499,147219.615339
-307.913706,499,147338.550754
-318.917072,499,147455.230044
-324.528571,499,147825.747649
-306.599432,499,147945.067044
-338.809909,499,148068.703238
-351.607185,499,148187.803318
-333.229369,499,148307.097534
-292.220364,499,148677.548576
-313.2596,499,148799.092824
-349.48184,499,148921.43242
-283.44035,499,149039.916738
-351.979423,499,149165.316023
-378.595474,499,149529.621141
-413.293332,499,149649.912111
-339.842912,499,149769.428291
-333.302816,499,149887.066532
-337.692678,499,150005.671299
-336.94814,499,150371.621332
-349.400182,499,150492.308793
-351.801861,499,150612.043359
-395.048366,499,150731.836237
-339.05715,499,150851.68886
-365.340725,499,151218.519598
-317.399624,499,151336.592491
-302.858434,499,151457.297498
-308.568606,499,151577.51418
-350.130269,499,151696.520458
-299.36264,499,152062.366338
-321.606563,499,152179.798843
-344.931625,499,152300.427102
-322.063128,499,152423.246894
-295.716467,499,152544.642274
-301.323056,499,152909.664474
-344.439792,499,153026.63255
-321.57752,499,153146.926846
-320.302455,499,153268.21857
-382.418013,499,153384.602983
-384.447617,499,153752.325073
-321.807517,499,153870.093687
-346.866997,499,153990.37805
-324.971033,499,154112.984302
-339.026961,499,154230.283238
-294.227623,499,154595.833584
-364.834922,499,154714.018848
-357.939974,499,154836.159256
-324.128591,499,154957.158499
-384.37107,499,155073.500466
-328.871365,499,155438.883081
-332.32473,499,155557.724711
-321.116915,499,155678.732687
-352.510488,499,155798.723994
-298.137494,499,155916.800968
-304.757466,499,156282.991407
-355.641827,499,156402.805921
-282.389439,499,156522.962795
-330.522141,499,156642.447517
-318.562977,499,156758.982378
-352.162448,499,157128.032736
-298.729141,499,157248.118708
-340.227784,499,157369.979468
-366.66217,499,157487.914099
-373.765705,499,157602.282641
-345.721019,499,157975.514294
-305.352515,499,158094.783463
-318.038774,499,158216.312625
-324.932283,499,158333.529938
-317.170993,499,158446.399984
-342.843929,499,158823.245989
-361.951857,499,158940.565157
-331.020305,499,159060.99276
-338.973932,499,159176.744025
-321.864507,499,159291.859124
-369.016749,499,159670.321778
-305.594744,499,159789.905623
-338.358431,499,159909.8591
-288.967505,499,160023.156727
-311.403672,499,160135.933317
-341.914438,499,160519.304157
-269.789676,499,160640.087935
-302.626659,499,160757.359749
-332.725057,499,160870.31707
-333.180575,499,160983.234312
-330.288029,499,161371.295045
-318.315754,499,161489.756697
-422.574116,499,161604.3852
-351.077455,499,161718.230094
-318.054047,499,161832.523051
-283.2078,499,162219.392173
-325.341788,499,162336.647763
-308.572738,499,162450.523003
-344.244256,499,162563.170337
-323.499813,499,162683.824556
-357.649031,499,163071.437937
-337.140838,499,163186.803353
-330.370571,499,163300.165578
-324.311347,499,163414.725068
-354.601164,499,163533.380731
-311.298788,499,163919.201917
-321.748406,499,164034.805351
-301.319707,499,164148.132356
-319.359934,499,164263.118042
-350.351,499,164383.459315
-291.49527,499,164766.7273
-317.068686,499,164875.881256
-308.072194,499,164985.402933
-323.884913,499,165095.5685
-354.905084,499,165210.747958
-333.701923,499,165577.177144
-386.082894,499,165685.190579
-348.973219,499,165795.117608
-327.040391,499,165906.667664
-272.73171,499,166024.690425
-304.603894,499,166388.75134
-309.791027,499,166498.273296
-338.989157,499,166608.725514
-320.149248,499,166720.190853
-347.611613,499,166835.885656
-365.902232,499,167200.202625
-338.905433,499,167310.81909
-321.405013,499,167421.903876
-364.594829,499,167534.081125
-297.532083,499,167648.65137
-332.65742,499,168013.419048
-309.549157,499,168123.474411
-308.673811,499,168235.768491
-373.057363,499,168348.722078
-260.311778,499,168462.784386
-299.030006,499,168829.597615
-308.283447,499,168941.454132
-328.803249,499,169053.903389
-349.298405,499,169165.18329
-337.134981,499,169279.448298
-359.013691,499,169648.065715
-347.00159,499,169759.030553
-301.121983,499,169870.660654
-316.746609,499,169981.37788
-291.076783,499,170091.273356
-324.948208,499,170460.562188
-325.542665,499,170572.56078
-344.923783,499,170684.92834
-359.128755,499,170794.660347
-383.344223,499,170902.799113
-335.452502,499,171274.007401
-299.899762,499,171385.169641
-307.991752,499,171495.288421
-304.693177,499,171603.3925
-345.67226,499,171712.081481
-315.786508,499,172084.771866
-295.602165,499,172196.775418
-351.856074,499,172306.501159
-284.301563,499,172412.524309
-315.399077,499,172522.168849
-328.089394,499,172635.162492
-306.828507,499,173009.679139
-338.752597,499,173118.396738
-362.818133,499,173225.484499
-360.295018,499,173333.471127
-336.453144,499,173447.156109
-338.159218,499,173824.122875
-310.596799,499,173932.272962
-297.35348,499,174037.604637
-337.432829,499,174144.172868
-312.181422,499,174258.297482
-360.005975,499,174634.725441
-335.782477,499,174741.874256
-349.346142,499,174847.847165
-312.853694,499,174954.947936
-297.731326,499,175069.329041
-322.693125,499,175447.203764
-320.889441,499,175554.327355
-304.095285,499,175659.575327
-326.780198,499,175769.369927
-322.230199,499,175885.347889
-319.224582,499,176260.773847
-285.650703,499,176367.696756
-326.30657,499,176472.422491
-342.993771,499,176581.805608
-288.038137,499,176698.988946
-341.845624,499,177074.012504
-372.085695,499,177180.891024
-386.519147,499,177287.586225
-325.971892,499,177397.367765
-299.199449,499,177514.41509
-336.416659,499,177885.868607
-324.816182,499,177992.725437
-327.298491,499,178101.103409
-343.432931,499,178210.908341
-383.790244,499,178327.376771
-325.491782,499,178700.575969
-346.456771,499,178807.93755
-337.830689,499,178916.348136
-309.869279,499,179029.157855
-306.525281,499,179146.413297
-340.458003,499,179515.146422
-292.826005,499,179623.039523
-330.950546,499,179732.364707
-327.582515,499,179844.011066
-327.198158,499,179960.371979
-314.002485,499,180328.708107
-318.329209,499,180437.051925
-348.238798,499,180546.687982
-299.255329,499,180657.962737
-321.60746,499,180773.438728
-401.775601,499,181140.705167
-366.573084,499,181251.299783
-325.760079,499,181360.593287
-329.7586,499,181472.66391
-315.0356,499,181588.498753
-353.435562,499,181955.108985
-299.010436,499,182065.7487
-356.72874,499,182174.268506
-371.769013,499,182288.787554
-317.276956,499,182400.692652
-373.764491,499,182755.596496
-330.047516,499,182862.586798
-336.909155,499,182968.012707
-311.857409,499,183077.050723
-359.426565,499,183185.580531
-290.61518,499,183529.076526
-321.947798,499,183632.896953
-350.175639,499,183733.341085
-304.122548,499,183834.422134
-313.667312,499,183938.761654
-310.551328,499,184271.273068
-366.493472,499,184369.252665
-291.574067,499,184466.642001
-343.826634,499,184568.367032
-370.761459,499,184672.18858
-359.213614,499,185005.072558
-344.924762,499,185103.195378
-301.721052,499,185201.422161
-309.541317,499,185305.348694
-337.801183,499,185410.373169
-317.666484,499,185741.393941
-350.623058,499,185839.325315
-368.907422,499,185937.696762
-329.158566,499,186039.00744
-351.246195,499,186144.702956
-322.848985,499,186473.60317
-365.335915,499,186574.896479
-304.188074,499,186673.074831
-337.000728,499,186778.418383
-298.140731,499,186885.151204
-311.04128,499,187212.836997
-346.841474,499,187313.031904
-267.841058,499,187410.186831
-308.723889,499,187514.208104
-323.47969,499,187622.169108
-332.160204,499,187948.991075
-316.842507,499,188049.870795
-334.278697,499,188148.940782
-412.497037,499,188257.054908
-348.197805,499,188363.26737
-319.750069,499,188686.440055
-297.182323,499,188785.646124
-326.488032,499,188884.959076
-314.082725,499,188989.488557
-346.085574,499,189096.318681
-309.435964,499,189418.245676
-369.821137,499,189519.291361
-336.827378,499,189618.033871
-334.77329,499,189722.548266
-329.559862,499,189829.707596
-377.019854,499,190149.210009
-316.845565,499,190248.298229
-332.573844,499,190347.834989
-306.42474,499,190451.896903
-312.092835,499,190557.911619
-354.643635,499,190874.180456
-289.54587,499,190973.440192
-306.212427,499,191073.504482
-313.451659,499,191179.954388
-326.14235,499,191287.342736
-354.885485,499,191603.807796
-318.730915,499,191704.871487
-407.522637,499,191806.072841
-360.181759,499,191909.192505
-325.694953,499,192016.383064
-285.093754,499,192336.023152
-321.641283,499,192439.251318
-314.815874,499,192542.697343
-334.900497,499,192648.386816
-323.947162,499,192757.940017
-347.219794,499,193068.961251
-378.512868,499,193167.990694
-334.804117,499,193269.150906
-308.075655,499,193371.984607
-364.898586,499,193479.328966
-318.519962,499,193775.929168
-326.450807,499,193873.614533
-319.249325,499,193969.565155
-317.318383,499,194068.289226
-362.011695,499,194168.550715
-279.740804,499,194451.337752
-308.854671,499,194541.044768
-315.68656,499,194632.469191
-329.689969,499,194728.696401
-353.704362,499,194829.01713
-340.339241,499,195111.713179
-374.062317,499,195200.269891
-337.869346,499,195292.454458
-301.640821,499,195392.49081
-328.477922,499,195494.350727
-310.409303,499,195773.123013
-334.589297,499,195860.652003
-325.652244,499,195950.631051
-347.401673,499,196053.319788
-349.181685,499,196154.569349
-371.974127,499,196419.756298
-352.394502,499,196501.432358
-295.8118,499,196585.860482
-311.882785,499,196681.83101
-317.715557,499,196776.588412
-342.18481,499,197021.804741
-321.768487,499,197103.340009
-301.825892,499,197188.215105
-349.295304,499,197282.319608
-272.944952,499,197377.603702
-308.593854,499,197621.531839
-318.42682,499,197703.677807
-301.316555,499,197788.928807
-362.524321,499,197880.52928
-366.477,499,197975.888808
-367.648671,499,198222.446058
-359.831528,499,198305.173662
-318.136289,499,198389.464193
-330.31051,499,198480.305963
-306.131318,499,198575.811327
-351.159471,499,198824.454386
-309.790854,499,198909.507164
-373.8877,499,198995.379043
-325.61758,499,199086.953932
-353.476332,499,199180.731843
-338.022891,499,199435.87649
-297.622625,499,199519.473606
-311.99685,499,199603.523666
-324.903293,499,199691.877881
-302.355962,499,199785.025408
-343.238957,499,200042.02391
-312.882197,499,200127.121921
-355.774357,499,200211.767783
-281.489925,499,200300.021031
-317.358757,499,200391.631788
-341.878391,499,200654.290926
-284.652417,499,200739.040967
-344.72809,499,200822.392137
-370.259653,499,200910.69817
-385.217343,499,201002.008652
-316.131782,499,201245.555559
-297.14206,499,201324.658749
-317.794909,499,201403.449066
-290.272358,499,201487.664983
-317.996637,499,201572.214778
-339.303305,499,201807.276114
-385.541619,499,201884.829967
-312.688138,499,201962.542317
-361.867486,499,202043.705194
-336.634905,499,202121.718319
-315.787192,499,202340.752133
-310.25535,499,202416.033284
-345.506008,499,202491.005148
-312.870287,499,202568.278618
-333.395398,499,202643.828431
-334.181866,499,202859.365931
-333.842775,499,202936.839916
-302.629426,499,203011.426094
-313.486253,499,203087.117624
-324.492663,499,203159.954187
-302.206555,499,203376.156498
-309.718198,499,203453.609728
-401.248159,499,203530.223858
-343.895016,499,203608.270789
-317.995081,499,203681.114996
-312.772022,499,203902.339915
-329.112545,499,203980.265562
-344.660359,499,204052.177318
-334.958578,499,204121.197447
-337.918768,499,204189.992
-373.956585,499,204384.413484
-324.527394,499,204457.052585
-365.766905,499,204524.107793
-330.200605,499,204589.333287
-305.852026,499,204658.684892
-316.722748,499,204846.737554
-353.716835,499,204918.949787
-279.220065,499,204987.470965
-312.552044,499,205054.118616
-355.22458,499,205123.757933
-307.020982,499,205295.249252
-332.349713,499,205365.671597
-314.80934,499,205432.899501
-364.27358,499,205499.250031
-294.161434,499,205565.173583
-334.856936,499,205717.049372
-375.608684,499,205787.041878
-348.078716,499,205854.197057
-350.284148,499,205919.363154
-290.921458,499,205986.367839
-327.511859,499,206129.261208
-333.087344,499,206198.769803
-315.262067,499,206264.787874
-356.67216,499,206333.917107
-374.113841,499,206399.527199
-329.194544,499,206542.547978
-321.843787,499,206610.186108
-332.865461,499,206677.045575
-335.520724,499,206745.892835
-322.180682,499,206813.616927
-338.62959,499,206949.041925
-292.072052,499,207016.378266
-328.222913,499,207080.919114
-347.710146,499,207145.803654
-274.316956,499,207211.222248
-309.402252,499,207348.601515
-313.199379,499,207416.21613
-344.059369,499,207480.032434
-306.928589,499,207538.482301
-320.877659,499,207600.945364
-422.212665,499,207754.884407
-335.959088,499,207814.48068
-323.768352,499,207866.95127
-303.336419,499,207921.670871
-322.34316,499,207979.176589
-292.322401,499,208115.85651
-343.326897,499,208170.056154
-315.729123,499,208222.70468
-362.184334,499,208278.867381
-333.597829,499,208335.432045
-324.51196,499,208474.976155
-320.960402,499,208527.765759
-336.541934,499,208582.862051
-316.606116,499,208642.920876
-322.158183,499,208696.810912
-301.164537,499,208834.662533
-311.836081,499,208887.825811
-343.803493,499,208943.724609
-280.53845,499,208997.787338
-319.886683,499,209053.383612
-308.39331,499,209190.858039
-341.651461,499,209244.528201
-348.885863,499,209296.930517
-320.784262,499,209351.738444
-432.045787,499,209407.35682
-364.720963,499,209549.055756
-317.862757,499,209602.55957
-303.994154,499,209654.59699
-317.964818,499,209710.174359
-300.002067,499,209765.20915
-349.744902,499,209900.951117
-319.25948,499,209952.357998
-339.369279,499,210004.371083
-360.572575,499,210060.31626
-309.458222,499,210115.209236
-302.948232,499,210236.117448
-358.961772,499,210288.747111
-299.491426,499,210339.876419
-337.439778,499,210391.183123
-318.27473,499,210446.850616
-322.561021,499,210552.938535
-359.430785,499,210608.450414
-272.238029,499,210661.324991
-292.599382,499,210711.772019
-314.336219,499,210766.570618
-326.431061,499,210867.545339
-367.772664,499,210922.093298
-331.210319,499,210977.490926
-368.882045,499,211027.414534
-333.640835,499,211077.63081
-310.136306,499,211195.998606
-305.729407,499,211248.848556
-282.212781,499,211303.281543
-305.989794,499,211356.7905
-335.590804,499,211407.444253
-342.187836,499,211537.309901
-350.130122,499,211589.811994
-364.685817,499,211642.953833
-346.103829,499,211694.72435
-293.856594,499,211746.483497
-325.27116,499,211876.818497
-322.287865,499,211929.660292
-342.360906,499,211982.204348
-315.670641,499,212035.318929
-296.753215,499,212086.472626
-344.576726,499,212189.904389
-277.48258,499,212245.561743
-301.11192,499,212296.938829
-326.968268,499,212351.446671
-317.525189,499,212404.899539
-345.868046,499,212492.258775
-355.452001,499,212542.358536
-337.211637,499,212595.658487
-344.458811,499,212647.190968
-318.921282,499,212700.079222
-317.810918,499,212788.668083
-302.747703,499,212836.272733
-331.015218,499,212888.219767
-319.02804,499,212941.675409
-374.925478,499,212992.837202
-328.012404,499,213081.7034
-352.565181,499,213128.487069
-341.645765,499,213177.670315
-299.348674,499,213229.781485
-315.279251,499,213281.416628
-309.130596,499,213378.391005
-323.066218,499,213425.151465
-335.066597,499,213474.128246
-316.251089,499,213524.891678
-324.54652,499,213575.746062
-281.921271,499,213683.877166
-305.14487,499,213731.434688
-329.585047,499,213780.417252
-292.049482,499,213830.448233
-342.460983,499,213879.772722
-382.328875,499,213974.209095
-378.808029,499,214020.376559
-325.694089,499,214064.923194
-298.491209,499,214108.595248
-308.189254,499,214152.980606
-309.004316,499,214232.212825
-319.020551,499,214276.412393
-340.679041,499,214320.3983
-368.874441,499,214361.503266
-310.377379,499,214403.0852
-359.54233,499,214475.576231
-339.68503,499,214519.242594
-291.438029,499,214559.895712
-313.86309,499,214599.998492
-342.629518,499,214641.862128
-309.351648,499,214713.926587
-328.300913,499,214756.311331
-329.292859,499,214795.356739
-317.260414,499,214835.749878
-295.938424,499,214875.898942
-315.163923,499,214930.739565
-331.347476,499,214972.997028
-306.02694,499,215011.52144
-308.416385,499,215050.240648
-404.511867,499,215090.17434
-366.671528,499,215151.650375
-318.626544,499,215192.388616
-321.823529,499,215230.767001
-342.191323,499,215269.187906
-336.996307,499,215309.378966
-307.346162,499,215372.577019
-328.880004,499,215412.885205
-358.831778,499,215452.114254
-329.133596,499,215490.5127
-353.938866,499,215530.726224
-334.452092,499,215589.553276
-310.403823,499,215628.368479
-313.305297,499,215668.73147
-356.828938,499,215708.748852
-285.309508,499,215749.400154
-326.792275,499,215807.271226
-356.313078,499,215846.150244
-338.593474,499,215887.128572
-316.013817,499,215925.449002
-318.444139,499,215967.26488
-349.81759,499,216022.991806
-288.998422,499,216061.809167
-348.67688,499,216102.429322
-374.796452,499,216141.83944
-365.948725,499,216184.168763
-341.551702,499,216241.540434
-297.387768,499,216280.308386
-325.286651,499,216321.294458
-340.055079,499,216360.591479
-333.105656,499,216401.953543
-367.744057,499,216457.781806
-356.590461,499,216496.176287
-335.21192,499,216536.414932
-335.151165,499,216578.776659
-326.627115,499,216618.710229
-314.32262,499,216674.744881
-315.626555,499,216713.021656
-341.090713,499,216752.805907
-304.055063,499,216795.196992
-326.422646,499,216835.418364
-343.553737,499,216892.514409
-271.543755,499,216931.361894
-308.619363,499,216970.522086
-316.665191,499,217012.551792
-343.183194,499,217052.249019
-318.765551,499,217109.901827
-310.261458,499,217148.281281
-415.997918,499,217188.533496
-335.38773,499,217230.421005
-328.317002,499,217269.730394
-299.463181,499,217326.132472
-322.387553,499,217364.484701
-295.725538,499,217404.709532
-335.420456,499,217447.844989
-332.198452,499,217487.088277
-353.6701,499,217543.522553
-338.813934,499,217582.065138
-312.508768,499,217622.250879
-328.482994,499,217662.202224
-330.641667,499,217701.842752
-308.967207,499,217759.154419
-316.083952,499,217798.998779
-302.651383,499,217838.665432
-312.737213,499,217878.853744
-339.327557,499,217918.321645
-280.795579,499,217974.289423
-318.111542,499,218014.605695
-311.103263,499,218052.860718
-338.070956,499,218091.999757
-368.766791,499,218131.742356
-308.846873,499,218190.435654
-411.651564,499,218230.616931
-361.757899,499,218269.217533
-324.45799,499,218310.698672
-287.244115,499,218351.445138
-320.501116,499,218417.14128
-301.917633,499,218455.22655
-335.163318,499,218493.954149
-304.97838,499,218533.533679
-352.826097,499,218573.721558
-363.084683,499,218633.619761
-321.492747,499,218672.33712
-327.709029,499,218710.860579
-359.678169,499,218750.24413
-307.314683,499,218790.254292
-325.744304,499,218848.048647
-315.215307,499,218886.888716
-320.608792,499,218926.325472
-375.462392,499,218965.79646
-266.937127,499,219006.169632
-293.552843,499,219066.223036
-324.69739,499,219104.958908
-323.62763,499,219143.808998
-354.066072,499,219185.825195
-336.676123,499,219227.178895
-368.269595,499,219283.768635
-331.654403,499,219322.178238
-324.329895,499,219361.1257
-304.107629,499,219399.868414
-295.603027,499,219442.791681
-308.390236,499,219497.822347
-316.145245,499,219536.099972
-333.826258,499,219574.260775
-351.474505,499,219613.074448
-364.341872,499,219655.512425
-329.168141,499,219712.854141
-312.597192,499,219751.685308
-321.506321,499,219790.475558
-322.741038,499,219829.820194
-333.228977,499,219871.643948
-309.186962,499,219931.867096
-282.482629,499,219970.02173
-365.003488,499,220008.790395
-284.193461,499,220049.593831
-305.456607,499,220089.548971
-322.268182,499,220129.964314
-314.22162,499,220187.741907
-345.761439,499,220226.752916
-363.234886,499,220267.419049
-365.724022,499,220307.313697
-338.34195,499,220348.008619
-315.346176,499,220406.036464
-328.348799,499,220445.187959
-312.069193,499,220485.54538
-317.021543,499,220524.476003
-317.633362,499,220565.093094
-359.945304,499,220625.291314
-328.714468,499,220665.532949
-362.24663,499,220705.106342
-343.561009,499,220744.472369
-303.020978,499,220784.878815
-313.495687,499,220846.73294
-320.494723,499,220887.209998
-304.489132,499,220927.85697
-320.242815,499,220967.626875
-320.550279,499,221007.88285
-323.69398,499,221071.087089
-277.978198,499,221111.260615
-303.610141,499,221150.965795
-340.939931,499,221190.647317
-291.312672,499,221230.886423
-331.36733,499,221295.414773
-391.277433,499,221334.415919
-382.701726,499,221373.463667
-314.073689,499,221412.68386
-306.901169,499,221452.120792
-337.138217,499,221519.921655
-297.431952,499,221558.166597
-338.580019,499,221598.036461
-342.426987,499,221637.0736
-368.873979,499,221677.01017
-301.862028,499,221745.637724
-355.883767,499,221784.634375
-323.142357,499,221826.25901
-303.964603,499,221866.725817
-306.727814,499,221907.490221
-346.413465,499,221969.651652
-315.89707,499,222008.771054
-335.489532,499,222048.618879
-333.700938,499,222088.86181
-323.242385,499,222129.294568
-290.1942,499,222192.649901
-314.722168,499,222231.082873
-324.455699,499,222271.023494
-316.402301,499,222312.20646
-317.836859,499,222351.378557
-394.411663,499,222414.987172
-394.287823,499,222453.969098
-324.649206,499,222492.621138
-310.561476,499,222534.298704
-317.908339,499,222573.204374
-331.601876,499,222634.56738
-300.625599,499,222673.290959
-323.703827,499,222714.186934
-378.036953,499,222756.165601
-325.555993,499,222795.609188
-353.770441,499,222856.941338
-333.199907,499,222896.026354
-298.06064,499,222937.459529
-314.112522,499,222977.656883
-354.492419,499,223016.216502
-287.554715,499,223076.514363
-309.889241,499,223115.789452
-340.089969,499,223156.207694
-319.106225,499,223195.764132
-303.441561,499,223235.282814
-309.760251,499,223294.596115
-359.575075,499,223334.202798
-309.058799,499,223374.517964
-335.092321,499,223413.976754
-378.996393,499,223453.131891
-342.920216,499,223510.320311
-334.639282,499,223551.214086
-310.233654,499,223592.086806
-316.009058,499,223631.411264
-343.065373,499,223670.659825
-334.023196,499,223727.274837
-344.237693,499,223767.278922
-377.513742,499,223807.017806
-338.948607,499,223846.264184
-318.464167,499,223886.469338
-329.453581,499,223944.349178
-305.616346,499,223985.019901
-322.410848,499,224024.982934
-324.057617,499,224063.492302
-302.395545,499,224104.162737
-321.238648,499,224162.489159
-333.347151,499,224201.85653
-294.039473,499,224241.457928
-324.610478,499,224280.483907
-317.673201,499,224320.537598
-347.604593,499,224378.735378
-310.560058,499,224417.783597
-319.961967,499,224459.405855
-407.758318,499,224498.098103
-329.164903,499,224537.852407
-332.744673,499,224602.341804
-294.919953,499,224641.094331
-315.058778,499,224681.164629
-320.239181,499,224719.601843
-333.751397,499,224760.536635
-340.606347,499,224819.248892
-349.844095,499,224858.099566
-353.104484,499,224897.74194
-301.279779,499,224936.363082
-324.158446,499,224977.882782
-354.319715,499,225033.768826
-333.579717,499,225073.16704
-331.646835,499,225112.84994
-315.744211,499,225151.500612
-314.119499,499,225193.627927
-341.325339,499,225248.79783
-291.419838,499,225288.208656
-309.113981,499,225330.207912
-311.829066,499,225368.403061
-357.441038,499,225410.666678
-358.510418,499,225468.390511
-327.501333,499,225507.743077
-435.432616,499,225547.582239
-344.684646,499,225585.716415
-323.030072,499,225626.811656
-299.271066,499,225681.368513
-320.195394,499,225720.816751
-284.822851,499,225760.799252
-331.877449,499,225799.922558
-304.569059,499,225839.73948
-366.660343,499,225896.405451
-360.013828,499,225935.733875
-326.584577,499,225975.313613
-308.906937,499,226015.645202
-355.094245,499,226054.540329
-318.103402,499,226110.92342
-327.126452,499,226150.461191
-301.437981,499,226191.364256
-324.82669,499,226232.020313
-356.697953,499,226270.726532
-264.962127,499,226328.580784
-314.300439,499,226367.843064
-313.476965,499,226407.692466
-330.620729,499,226448.024402
-346.850907,499,226487.168843
-350.547098,499,226545.985494
-368.453035,499,226585.43721
-342.214063,499,226626.370211
-320.157786,499,226665.433962
-318.35748,499,226704.276917
-289.277567,499,226765.869296
-294.965878,499,226805.331487
-336.650842,499,226847.103248
-323.071162,499,226885.423199
-346.642663,499,226924.184765
-356.54547,499,226987.985023
-329.347271,499,227028.011569
-316.249337,499,227070.058359
-331.77525,499,227109.004112
-309.012211,499,227147.74644
-353.259726,499,227211.9788
-311.457678,499,227252.251157
-293.515411,499,227292.348598
-350.487578,499,227330.968918
-267.712519,499,227369.711194
-298.31398,499,227436.192034
-315.369018,499,227475.481094
-309.747182,499,227515.438782
-345.372564,499,227554.063018
-358.541017,499,227592.363503
-367.22782,499,227658.465027
-336.207384,499,227697.822946
-312.980921,499,227738.238281
-320.401083,499,227776.869177
-305.768398,499,227816.045154
-316.476794,499,227885.358656
-316.542613,499,227924.355673
-369.821005,499,227965.536538
-333.30997,499,228004.199566
-359.560517,499,228042.459148
-342.084276,499,228112.423876
-304.204466,499,228151.268312
-303.382579,499,228190.638225
-319.439967,499,228228.698006
-304.874496,499,228268.097277
-321.087485,499,228328.594761
-299.310623,499,228367.0743
-311.922503,499,228406.267293
-275.353023,499,228444.947223
-302.950775,499,228485.467554
-341.402973,499,228541.848371
-289.556724,499,228581.177546
-330.607817,499,228620.955377
-378.091336,499,228660.056201
-370.369932,499,228700.654006
-328.16057,499,228757.826441
-318.383933,499,228796.500573
-342.431014,499,228837.257981
-313.411875,499,228876.25239
-335.776999,499,228916.502712
-328.064851,499,228973.192747
-358.43391,499,229012.358518
-308.487932,499,229052.433082
-361.594388,499,229092.410118
-319.984549,499,229131.268547
-290.716582,499,229188.416242
-295.633707,499,229228.312662
-347.07985,499,229267.92707
-292.108198,499,229307.622745
-348.407571,499,229346.283069
-326.593014,499,229402.023154
-336.869042,499,229441.752045
-285.805401,499,229481.515779
-321.705834,499,229521.732454
-317.668483,499,229560.672425
-317.429323,499,229616.968989
-313.010882,499,229655.413652
-381.483086,499,229697.138945
-370.908652,499,229735.335865
-318.007617,499,229773.682482
-318.274381,499,229834.761348
-321.578582,499,229873.060273
-326.258073,499,229913.086761
-294.579882,499,229951.658885
-338.279687,499,229989.92384
-369.009419,499,230047.06461
-324.726587,499,230085.709485
-353.088903,499,230124.367862
-329.305862,499,230161.717043
-301.434768,499,230200.906416
-330.573567,499,230256.87214
-353.233451,499,230295.859027
-283.531789,499,230335.064638
-311.435381,499,230373.429252
-336.838015,499,230412.821793
-312.231943,499,230470.740563
-317.340465,499,230508.652402
-313.905089,499,230549.289537
-348.114156,499,230588.860254
-305.499655,499,230626.911297
-341.76999,499,230681.402596
-375.323584,499,230719.195023
-367.717189,499,230758.400196
-338.521306,499,230797.104599
-314.515375,499,230836.513273
-315.863481,499,230890.215735
-344.75909,499,230927.970791
-318.4115,499,230968.164515
-343.852003,499,231006.383634
-355.78522,499,231045.769402
-336.375773,499,231101.430709
-328.796764,499,231138.6381
-342.341741,499,231178.363638
-309.37382,499,231217.158299
-313.051505,499,231255.304262
-320.422609,499,231310.014975
-304.364317,499,231349.179505
-319.659881,499,231390.140664
-341.638765,499,231429.712474
-283.789718,499,231468.131261
-313.410554,499,231524.977001
-310.796035,499,231563.876563
-347.486243,499,231603.511666
-285.451732,499,231640.812053
-343.497351,499,231678.866406
-406.063512,499,231736.038489
-341.842014,499,231774.82107
-326.445843,499,231813.895251
-307.379051,499,231851.862268
-320.828625,499,231890.005138
-313.499906,499,231948.27954
-343.59717,499,231987.421632
-322.918805,499,232025.806984
-363.237392,499,232063.897923
-337.054629,499,232102.965308
-322.029038,499,232159.291775
-326.370942,499,232197.008565
-362.503955,499,232237.88298
-306.43872,499,232275.450733
-321.56284,499,232314.76807
-296.812102,499,232374.94182
-334.026589,499,232412.697758
-343.708039,499,232451.644508
-293.067038,499,232490.771352
-308.145555,499,232528.790951
-301.940697,499,232585.286127
-337.756782,499,232623.504032
-344.660978,499,232661.864456
-300.387961,499,232701.135513
-422.909271,499,232740.717124
-341.533656,499,232796.248681
-321.79563,499,232834.463616
-290.0435,499,232874.143893
-307.341569,499,232913.427846
-291.086684,499,232953.083314
-332.211873,499,233007.30518
-302.607476,499,233045.336424
-358.926598,499,233086.706977
-356.625123,499,233126.945753
-319.66301,499,233164.649357
-311.973292,499,233218.910424
-340.16423,499,233257.750612
-320.475482,499,233295.726385
-337.094021,499,233335.984481
-317.959309,499,233373.926088
-309.536292,499,233427.592542
-353.537058,499,233466.46243
-263.99448,499,233505.192637
-304.311042,499,233544.395468
-313.846597,499,233581.85707
-340.947549,499,233636.190865
-343.440641,499,233674.582894
-336.872334,499,233713.290021
-382.771758,499,233752.765742
-349.192127,499,233790.603955
-308.769701,499,233852.590953
-307.163637,499,233891.11009
-315.372656,499,233930.936393
-305.579812,499,233969.92692
-332.320854,499,234008.002032
-322.547115,499,234063.782336
-373.411216,499,234103.151817
-359.297049,499,234141.691711
-324.318957,499,234180.885293
-319.717041,499,234219.467728
-370.891538,499,234276.383093
-297.156923,499,234314.103184
-333.710595,499,234352.600139
-306.421013,499,234392.032356
-306.977411,499,234430.908973
-344.203855,499,234488.776566
-276.326566,499,234526.884828
-308.529655,499,234564.509666
-324.971048,499,234604.580576
-311.571794,499,234642.381759
-362.3824,499,234698.801663
-340.256829,499,234736.944209
-366.874803,499,234777.213112
-352.746773,499,234817.381574
-324.036049,499,234856.901241
-317.677875,499,234913.189031
-301.831585,499,234951.844618
-325.400849,499,234991.50966
-308.759228,499,235031.430703
-359.214753,499,235070.401426
-345.144351,499,235126.059199
-366.154938,499,235163.59375
-351.494035,499,235203.40866
-275.393732,499,235244.316865
-333.680475,499,235282.471032
-325.40943,499,235337.884246
-309.874661,499,235376.847353
-324.916779,499,235415.584891
-297.488743,499,235454.244497
-335.615741,499,235492.962094
-277.809908,499,235549.555628
-307.462858,499,235588.140238
-327.712512,499,235628.796591
-294.274837,499,235668.273726
-339.368954,499,235706.409513
-394.602595,499,235763.714526
-384.95201,499,235803.014229
-324.330738,499,235841.351899
-314.045082,499,235880.420086
-333.31678,499,235918.701507
-309.889266,499,235977.444197
-328.151164,499,236015.794865
-343.873054,499,236053.773754
-361.444781,499,236091.761193
-304.80148,499,236129.740961
-369.543301,499,236193.253334
-334.343572,499,236231.252582
-298.115818,499,236269.486881
-310.914488,499,236308.711371
-342.571217,499,236348.047843
-285.716983,499,236405.530313
-349.262795,499,236442.992351
-327.621407,499,236482.735274
-340.019263,499,236521.945008
-287.835332,499,236561.568012
-323.630163,499,236617.279917
-316.60068,499,236655.311112
-299.426519,499,236693.288345
-319.839564,499,236732.750056
-384.995058,499,236771.681136
-386.241923,499,236828.701435
-317.902814,499,236866.819212
-320.909322,499,236905.243071
-323.354091,499,236945.3452
-329.465286,499,236983.503593
-301.342083,499,237039.675405
-329.687487,499,237077.491858
-366.188396,499,237116.621114
-308.978709,499,237156.413443
-349.642736,499,237195.112792
-313.81501,499,237250.720232
-301.082884,499,237288.993472
-319.999496,499,237330.75004
-342.887352,499,237369.954107
-280.943956,499,237408.768376
-323.651651,499,237463.30231
-329.990927,499,237503.187474
-319.765303,499,237542.063744
-297.810301,499,237580.007408
-323.245509,499,237618.926323
-337.856701,499,237674.243215
-311.640589,499,237715.153163
-343.913617,499,237753.16202
-379.503186,499,237791.154197
-357.375919,499,237830.623739
-337.850456,499,237891.956172
-307.497847,499,237930.779938
-308.964486,499,237969.337595
-339.682408,499,238007.939099
-306.58086,499,238046.83296
-336.841054,499,238109.214075
-354.191576,499,238148.206509
-327.792514,499,238187.932111
-331.704629,499,238227.122134
-335.833155,499,238265.909067
-308.426634,499,238324.519207
-328.22096,499,238362.842734
-332.385371,499,238400.942237
-295.171853,499,238439.130201
-319.699876,499,238478.689437
-339.460422,499,238536.554744
-287.667646,499,238574.448069
-314.583013,499,238612.614053
-317.557373,499,238650.742685
-352.819992,499,238693.059261
-313.225906,499,238749.391494
-346.386284,499,238786.805091
-394.782341,499,238825.001903
-326.297832,499,238863.10488
-331.659464,499,238905.094732
-295.112582,499,238961.52959
-331.482305,499,238998.5618
-326.560703,499,239037.848176
-330.411725,499,239076.704321
-345.381701,499,239118.110056
-359.279145,499,239174.423057
-348.551239,499,239212.702049
-306.539995,499,239250.959782
-312.5577,499,239292.349584
-314.701122,499,239332.096671
-297.627807,499,239388.059594
-333.332987,499,239425.59423
-309.702472,499,239464.536455
-325.469422,499,239506.348289
-329.087316,499,239545.952332
-301.256324,499,239601.547777
-314.905946,499,239639.108082
-312.164107,499,239678.255695
-358.333111,499,239718.353078
-343.163364,499,239757.35385
-301.416855,499,239811.685344
-422.174657,499,239849.144225
-344.232126,499,239891.198323
-320.277034,499,239929.780238
-295.428315,499,239968.953659
-305.398039,499,240025.298522
-308.899164,499,240064.559564
-324.952436,499,240104.637078
-325.050414,499,240143.025731
-361.36204,499,240181.917634
-369.957933,499,240237.575007
-313.294253,499,240277.25503
-298.502338,499,240315.780408
-357.927319,499,240354.395646
-326.581835,499,240394.097619
-328.599897,499,240449.047488
-307.997236,499,240487.481506
-306.708309,499,240525.730542
-352.735658,499,240564.14577
-270.806218,499,240603.256509
-310.198863,499,240665.436633
-318.699608,499,240703.250697
-343.682254,499,240743.114915
-343.109285,499,240781.547153
-355.982364,499,240822.362384
-380.784496,499,240878.936015
-349.941384,499,240916.936904
-311.897227,499,240955.396751
-306.421861,499,240994.311373
-299.430083,499,241034.723801
-292.676517,499,241091.723782
-333.981876,499,241129.606761
-318.291074,499,241167.636214
-357.407926,499,241207.375239
-373.566783,499,241247.784933
-325.935685,499,241303.69307
-297.428902,499,241342.060679
-354.824448,499,241381.204474
-309.894071,499,241420.322935
-330.019253,499,241460.437366
-310.344732,499,241516.443858
-308.575572,499,241553.884026
-387.197497,499,241594.627876
-267.804716,499,241635.290188
-293.217341,499,241674.356616
-334.548723,499,241712.48567
-337.137356,499,241768.097957
-348.32428,499,241806.824344
-343.833456,499,241845.590707
-355.492414,499,241884.329059
-351.566321,499,241922.655694
-305.685667,499,241978.929841
-318.62456,499,242018.536391
-291.1391,499,242056.587133
-311.609391,499,242095.028833
-319.798196,499,242133.699174
-344.215082,499,242192.9421
-342.033384,499,242231.861985
-369.360101,499,242270.439806
-355.698511,499,242308.832327
-297.185356,499,242348.924143
-316.740493,499,242404.449582
-324.034476,499,242444.695082
-338.677801,499,242483.658494
-341.985596,499,242522.495291
-293.579218,499,242562.924786
-342.910048,499,242621.454618
-282.66453,499,242658.916214
-307.132137,499,242697.454205
-348.480795,499,242736.722667
-315.137758,499,242776.42924
-347.566245,499,242832.264836
-387.069756,499,242870.434099
-358.444134,499,242909.451894
-321.738722,499,242949.242365
-306.891685,499,242989.616188
-325.403792,499,243043.564034
-309.071977,499,243081.838123
-323.355342,499,243121.525984
-323.028268,499,243159.930666
-356.495981,499,243199.563795
-324.970318,499,243254.688682
-379.657947,499,243294.654601
-313.899201,499,243333.646185
-307.53812,499,243373.47214
-331.295842,499,243412.73263
-328.518859,499,243468.200203
-308.357425,499,243506.993286
-336.284988,499,243546.045564
-331.029066,499,243584.467779
-324.914554,499,243623.52823
-283.413533,499,243678.186623
-327.483044,499,243717.056962
-318.3243,499,243757.139764
-297.658389,499,243796.022494
-329.945245,499,243835.448012
-378.419862,499,243891.005099
-362.981947,499,243930.084345
-336.606563,499,243968.52757
-308.844523,499,244006.994957
-327.184447,499,244045.905456
-303.01468,499,244104.8643
-329.278208,499,244145.79599
-317.331857,499,244184.217061
-375.606689,499,244222.552356
-310.427238,499,244262.871263
-345.055997,499,244316.973531
-321.822015,499,244355.0408
-306.503299,499,244393.504266
-341.821133,499,244431.144804
-344.825795,499,244471.346483
-290.364801,499,244526.941504
-319.794719,499,244565.022063
-325.732173,499,244603.274379
-327.919598,499,244643.257063
-310.822964,499,244682.917391
-302.531307,499,244742.509295
-343.524337,499,244780.774904
-330.484867,499,244819.796268
-321.039762,499,244859.75393
-424.13332,499,244899.922541
-359.090481,499,244955.618227
-322.743846,499,244995.442576
-311.125527,499,245034.831723
-312.811046,499,245072.981316
-311.443812,499,245113.25783
-312.323872,499,245167.088865
-317.262677,499,245205.495103
-345.490909,499,245244.061643
-337.83079,499,245283.776215
-326.187012,499,245322.362727
-322.773193,499,245378.032283
-321.624277,499,245416.828856
-336.969234,499,245455.102414
-331.410069,499,245494.744375
-283.184039,499,245533.868205
-312.591298,499,245589.121567
-370.7085,499,245626.605811
-291.075142,499,245666.025322
-317.707471,499,245704.709713
-317.959703,499,245743.750865
-334.661624,499,245800.08322
-324.809032,499,245839.585124
-341.371076,499,245879.659593
-376.434715,499,245918.807855
-329.114799,499,245958.028221
-324.726099,499,246017.966633
-302.669198,499,246057.308985
-319.315478,499,246096.252427
-326.867389,499,246134.895512
-329.578664,499,246174.414148
-347.525674,499,246230.037539
-372.366546,499,246269.075136
-326.906224,499,246307.620834
-334.006757,499,246346.128289
-313.241141,499,246385.219794
-330.084881,499,246440.814197
-304.007761,499,246478.731262
-343.562552,499,246517.151672
-298.859677,499,246556.77593
-315.75895,499,246595.532813
-342.64462,499,246653.172527
-302.139397,499,246692.919618
-299.341023,499,246731.581678
-312.837162,499,246770.504854
-340.656801,499,246809.277116
-333.088152,499,246869.115177
-303.784358,499,246906.695483
-399.139039,499,246945.599272
-339.578012,499,246983.797517
-315.945274,499,247023.189605
-287.063515,499,247075.978258
-315.668936,499,247114.874169
-322.807571,499,247153.062583
-338.452703,499,247191.17101
-317.882134,499,247230.337766
-353.335583,499,247284.369739
-354.934229,499,247323.357326
-307.338783,499,247361.332611
-318.512528,499,247400.64961
-321.781214,499,247438.957863
-303.28619,499,247491.610377
-336.376462,499,247530.89581
-286.073348,499,247569.180808
-316.736904,499,247608.235161
-355.497043,499,247646.835783
-278.932623,499,247700.250241
-321.351054,499,247738.760611
-299.114205,499,247777.070217
-331.154314,499,247815.925453
-328.405339,499,247853.992868
-354.299032,499,247912.961589
-371.678824,499,247950.035327
-336.483941,499,247989.152664
-324.17265,499,248027.02208
-294.814522,499,248066.065561
-313.853348,499,248117.930288
-288.016365,499,248155.485069
-324.154541,499,248194.689623
-310.797864,499,248232.657322
-338.228417,499,248271.915582
-371.922218,499,248324.723698
-298.821878,499,248364.665428
-302.550241,499,248403.168118
-359.368362,499,248442.154843
-307.667025,499,248481.053908
-336.938204,499,248534.25887
-307.217815,499,248573.036302
-305.257046,499,248611.284056
-361.81566,499,248650.483941
-286.394227,499,248689.043624
-302.223655,499,248744.556507
-317.251797,499,248783.065568
-333.313819,499,248822.010185
-346.370431,499,248860.421628
-338.287288,499,248898.399531
-354.486213,499,248963.02507
-365.778076,499,249000.393306
-311.557485,499,249038.965903
-335.79622,499,249077.251005
-298.627849,499,249116.111139
-305.812414,499,249170.182612
-324.133771,499,249210.486569
-346.79152,499,249248.603689
-330.486522,499,249286.76152
-373.775986,499,249327.027039
-326.538379,499,249381.555099
-281.839384,499,249419.842956
-299.891885,499,249458.079384
-306.542752,499,249496.399487
-321.511433,499,249536.833528
-306.643585,499,249594.803435
-284.302353,499,249632.774176
-355.148784,499,249671.215368
-286.571605,499,249710.696403
-281.527033,499,249748.829015
-344.632671,499,249811.187047
-299.612268,499,249848.708863
-353.000686,499,249886.790105
-351.393131,499,249925.708749
-341.182494,499,249964.472137
-334.535372,499,250019.944916
-324.557294,499,250059.375909
-321.875315,499,250098.37811
-304.666605,499,250137.080715
-306.729801,499,250176.399933
-344.130604,499,250232.545336
-356.034481,499,250270.833946
-329.12647,499,250309.361514
-375.906248,499,250348.459124
-315.620355,499,250387.13651
-302.713711,499,250443.818455
-314.532444,499,250482.512207
-330.330537,499,250520.63105
-303.608927,499,250559.486485
-332.055727,499,250597.801887
-331.334269,499,250652.440576
-318.984681,499,250691.625918
-273.530072,499,250730.85331
-336.943442,499,250768.878666
-326.114165,499,250807.026402
-300.761443,499,250865.130692
-336.036297,499,250905.09544
-354.422848,499,250944.214871
-361.305734,499,250982.291562
-329.595405,499,251020.669441
-318.116117,499,251082.256503
-309.691035,499,251121.456683
-310.052957,499,251159.688606
-317.275839,499,251198.139234
-361.751478,499,251235.848207
-367.921436,499,251293.591709
-311.290621,499,251332.391274
-350.418294,499,251370.104894
-321.512198,499,251408.503196
-297.152403,499,251447.464581
-307.273516,499,251505.984541
-333.047808,499,251543.882783
-303.167606,499,251582.141572
-301.933044,499,251621.140162
-320.791367,499,251660.024711
-340.918611,499,251720.303071
-296.643173,499,251759.911438
-334.637329,499,251797.998163
-335.638016,499,251837.024537
-318.292127,499,251876.283026
-324.190174,499,251933.339349
-395.119668,499,251970.796407
-361.471583,499,252008.973075
-304.922362,499,252047.488569
-315.994092,499,252086.979908
-332.57003,499,252142.764934
-329.536006,499,252180.583656
-314.313382,499,252219.451161
-324.298358,499,252258.447306
-330.851545,499,252296.654558
-331.402168,499,252351.516326
-337.738377,499,252389.521605
-303.460087,499,252427.913596
-313.780853,499,252466.575847
-315.716255,499,252505.262291
-327.139908,499,252560.134587
-303.899204,499,252600.275739
-306.127095,499,252639.130718
-338.719408,499,252678.002125
-305.865562,499,252716.503203
-290.003977,499,252772.283316
-312.061226,499,252811.556896
-329.246883,499,252850.875816
-328.611322,499,252889.878414
-357.88547,499,252928.314772
-388.060556,499,252984.539413
-329.088281,499,253023.899786
-330.961831,499,253061.710081
-283.851671,499,253100.056853
-294.858036,499,253138.24108
-317.884174,499,253198.153406
-327.613267,499,253237.817965
-325.265483,499,253275.548087
-366.216862,499,253314.304904
-360.353004,499,253352.127331
-316.512546,499,253410.836754
-315.031371,499,253451.253308
-338.591415,499,253489.299054
-304.391031,499,253527.092971
-355.343592,499,253566.759444
-290.42911,499,253626.280332
-318.295371,499,253664.433652
-327.510044,499,253702.101823
-300.975274,499,253739.612073
-305.46585,499,253780.163852
-347.450112,499,253836.806315
-348.365158,499,253875.130251
-329.704391,499,253912.297439
-278.829999,499,253951.025336
-398.786594,499,253990.218774
-313.7203,499,254046.020181
-332.180651,499,254084.299365
-296.580916,499,254122.434867
-319.670929,499,254162.012784
-334.243969,499,254200.518159
-327.239527,499,254255.044994
-326.585095,499,254295.082354
-373.887224,499,254334.224725
-358.866446,499,254373.384401
-317.102867,499,254411.958799
-300.421278,499,254467.014921
-323.577822,499,254505.276193
-290.802275,499,254544.614544
-353.383783,499,254583.00346
-280.898276,499,254621.212309
-329.399883,499,254676.371868
-323.828661,499,254715.788447
-285.49087,499,254754.991045
-315.967762,499,254793.12932
-312.132218,499,254831.624259
-339.137715,499,254886.2574
-322.140087,499,254926.985235
-335.83079,499,254965.603513
-379.91168,499,255003.85783
-342.408818,499,255042.172858
-317.63806,499,255096.402057
-298.473615,499,255138.660553
-311.126469,499,255176.554308
-280.562104,499,255214.626043
-335.187104,499,255253.21449
-314.448174,499,255313.930811
-344.994463,499,255353.259221
-347.657957,499,255390.588691
-296.394696,499,255428.950839
-295.37624,499,255467.224362
-355.842372,499,255532.300855
-307.625299,499,255571.358916
-325.568824,499,255608.820754
-318.632854,499,255646.690579
-296.700842,499,255685.061497
-364.624173,499,255743.38974
-282.314742,499,255781.939786
-300.308104,499,255820.017519
-313.710764,499,255857.980151
-333.710433,499,255898.770092
-333.235787,499,255956.447337
-319.388965,499,255997.60373
-388.823727,499,256035.779299
-328.878889,499,256074.464671
-301.339943,499,256115.179685
-308.029526,499,256169.567723
-290.262884,499,256207.936806
-297.358561,499,256245.406306
-330.619726,499,256285.903495
-322.996242,499,256325.008586
-366.945857,499,256381.048725
-359.558752,499,256419.240493
-311.84563,499,256457.218965
-302.515249,499,256498.335983
-333.341735,499,256536.887085
-306.785176,499,256593.951349
-364.405775,499,256632.649072
-291.03627,499,256671.879285
-275.44152,499,256712.697622
-370.687041,499,256751.069694
-271.965655,499,256806.409778
-279.285154,499,256846.751053
-363.299923,499,256888.777061
-303.385025,499,256926.866175
-355.55722,499,256964.943558
-363.749691,499,257020.143701
-358.423615,499,257059.211386
-325.829194,499,257101.648909
-338.272222,499,257139.849836
-328.688838,499,257178.466322
-304.928552,499,257234.88142
-317.945718,499,257273.912312
-327.92105,499,257314.860104
-339.917987,499,257353.051655
-303.548762,499,257391.765995
-358.883349,499,257446.5853
-303.014688,499,257487.753351
-318.693087,499,257527.166944
-310.313592,499,257565.265933
-320.72133,499,257603.475391
-303.793841,499,257659.064672
-315.509123,499,257702.519274
-331.477879,499,257741.993629
-337.246149,499,257779.946028
-264.179906,499,257818.181175
-321.940168,499,257878.856395
-340.551682,499,257918.369683
-283.213384,499,257957.114788
-352.521498,499,257995.126896
-351.125945,499,258032.909504
-373.936255,499,258097.635181
-321.993489,499,258135.851355
-298.236767,499,258174.387215
-332.919008,499,258212.385419
-300.419594,499,258250.432762
-308.516942,499,258307.757413
-362.939525,499,258345.647786
-385.527502,499,258383.473657
-317.257013,499,258421.235887
-338.963112,499,258459.698972
-309.686813,499,258516.988724
-313.916039,499,258556.684546
-309.216281,499,258596.339603
-320.941008,499,258634.355976
-317.935887,499,258674.811015
-330.767108,499,258730.22085
-317.504811,499,258767.853425
-327.760421,499,258806.54153
-303.461169,499,258845.462369
-339.113148,499,258884.722039
-345.683129,499,258939.759445
-319.120687,499,258977.206932
-312.239069,499,259015.758995
-387.618211,499,259055.081286
-344.86201,499,259093.69974
-304.872184,499,259148.320574
-325.014983,499,259186.479995
-331.609677,499,259226.652261
-336.527158,499,259265.588538
-318.730438,499,259304.214477
-323.538528,499,259358.974143
-321.894834,499,259398.462402
-320.86003,499,259438.086404
-358.184849,499,259477.138756
-307.627266,499,259515.169475
-313.796363,499,259569.829452
-295.545959,499,259608.72392
-353.996342,499,259649.173652
-299.303757,499,259687.294439
-299.992166,499,259725.467878
-333.294985,499,259783.03919
-316.127759,499,259821.529474
-304.250557,499,259861.354157
-314.960271,499,259898.978218
-342.415019,499,259936.611099
-314.96077,499,259995.293645
-353.914888,499,260034.928217
-403.046218,499,260074.545596
-329.156634,499,260112.990379
-323.25603,499,260151.018074
-283.728345,499,260206.360606
-299.096887,499,260248.238078
-313.517347,499,260287.798016
-324.608504,499,260326.335211
-319.115118,499,260365.575261
-368.673459,499,260426.473768
-355.404787,499,260464.146584
-305.370276,499,260503.064366
-307.982587,499,260541.538007
-342.730563,499,260580.182846
-305.31855,499,260638.20476
-351.626112,499,260676.060447
-294.806907,499,260714.469193
-320.900648,499,260753.735489
-336.079398,499,260791.868378
-319.498736,499,260848.515576
-296.644665,499,260886.929953
-338.205113,499,260926.212474
-340.594576,499,260964.3368
-328.915785,499,261003.209472
-291.219114,499,261059.537574
-399.986648,499,261098.991816
-311.383103,499,261139.507435
-336.068951,499,261176.962296
-292.658266,499,261215.721549
-318.937702,499,261271.118882
-334.478026,499,261309.567306
-325.404109,499,261348.182629
-335.646716,499,261387.023125
-359.76645,499,261425.170985
-361.561721,499,261480.166179
-310.477756,499,261519.681576
-329.709114,499,261558.990055
-315.992815,499,261598.389091
-285.365942,499,261636.777482
-324.716108,499,261698.365763
-306.215791,499,261736.702379
-299.009698,499,261777.125313
-361.279335,499,261815.208859
-301.819222,499,261852.895533
-318.587817,499,261909.349119
-321.702199,499,261949.3239
-342.392555,499,261988.845807
-335.637447,499,262026.953275
-329.697131,499,262065.009645
-374.284806,499,262110.855392
-369.630775,499,262144.286179
-311.915539,499,262178.761445
-295.808147,499,262212.882817
-302.042211,499,262246.312378
-318.931374,499,262288.493272
-331.057752,499,262322.118176
-324.430278,499,262356.229937
-344.32038,499,262389.914312
-344.292805,499,262423.372355
-302.186486,499,262466.094951
-290.19837,499,262499.812063
-351.670844,499,262534.818531
-318.465837,499,262569.097815
-329.165461,499,262602.775772
-316.204156,499,262636.971736
-316.979373,499,262680.428319
-341.72429,499,262715.436919
-283.870125,499,262749.437373
-292.742314,499,262783.003511
-324.453218,499,262817.662485
-319.027006,499,262859.0514
-361.898376,499,262894.315422
-316.239791,499,262928.30461
-383.64255,499,262962.044306
-325.115659,499,262997.071476
-295.353459,499,263038.552432
-305.153874,499,263073.774317
-286.127629,499,263108.091975
-303.878737,499,263141.782913
-350.326885,499,263176.531961
-335.016578,499,263219.140943
-343.863462,499,263252.730464
-382.778399,499,263287.342535
-305.166497,499,263321.833621
-295.550013,499,263356.856143
-318.091181,499,263400.446699
-312.897703,499,263435.081683
-362.189805,499,263469.846471
-293.573384,499,263503.868165
-277.230886,499,263538.90461
-387.468375,499,263580.835893
-266.75887,499,263614.5348
-304.995186,499,263649.093051
-356.101381,499,263682.925482
-309.589664,499,263717.473975
-356.337721,499,263758.994865
-348.256355,499,263792.637145
-347.217796,499,263827.909785
-333.226662,499,263862.350297
-333.957799,499,263897.591345
-321.095256,499,263939.670138
-314.995079,499,263973.7151
-328.994732,499,264008.412346
-334.501111,499,264041.966576
-340.875531,499,264076.532544
-314.369868,499,264119.790767
-344.749049,499,264153.792048
-307.449515,499,264188.296456
-287.804132,499,264222.432769
-321.382769,499,264257.539205
-316.374212,499,264300.247291
-314.031861,499,264333.972492
-314.880335,499,264368.707815
-317.744227,499,264402.470567
-346.088869,499,264436.778158
-272.099831,499,264478.550928
-310.399988,499,264512.237048
-365.497503,499,264546.540475
-283.408317,499,264580.721799
-336.844258,499,264616.428673
-350.127108,499,264658.373525
-363.532187,499,264691.962071
-326.72639,499,264726.759841
-306.576548,499,264761.011867
-310.143278,499,264795.869297
-311.622749,499,264838.828157
-312.007536,499,264873.148255
-348.934412,499,264907.748726
-376.506898,499,264941.849797
-343.720547,499,264976.906393
-342.451181,499,265019.825301
-313.508208,499,265053.774242
-292.386502,499,265088.688412
-316.650544,499,265122.662546
-330.420213,499,265157.823937
-318.379405,499,265200.417779
-332.087971,499,265234.122245
-327.214241,499,265269.253193
-331.099841,499,265302.98803
-299.824154,499,265337.958896
-336.01339,499,265381.000008
-331.470617,499,265414.732382
-309.463777,499,265449.940651
-306.454555,499,265484.162221
-372.556422,499,265519.369003
-339.93559,499,265564.618686
-309.989454,499,265598.710162
-326.335362,499,265633.451951
-317.102887,499,265667.39426
-320.386649,499,265702.274335
-312.888267,499,265743.149215
-356.600905,499,265776.976426
-333.705835,499,265811.965853
-323.680055,499,265846.281409
-349.097992,499,265881.728781
-315.411219,499,265924.728289
-309.050516,499,265958.515967
-297.720956,499,265992.99985
-341.358743,499,266026.599484
-304.474779,499,266061.78238
-298.790118,499,266104.277608
-342.030759,499,266138.210624
-311.839842,499,266173.546227
-303.926631,499,266208.082384
-323.284692,499,266243.61326
-330.919992,499,266286.576055
-308.423682,499,266321.079475
-339.495023,499,266355.562097
-398.578294,499,266389.624644
-330.657371,499,266424.718082
-327.899601,499,266466.591043
-302.940313,499,266500.150692
-305.689624,499,266534.977829
-321.309194,499,266568.933017
-343.340424,499,266603.789329
-326.446558,499,266645.972736
-357.518432,499,266679.785718
-337.91891,499,266714.916326
-302.989132,499,266749.250792
-298.831618,499,266783.640888
-337.970914,499,266824.955675
-299.228487,499,266858.492087
-337.913222,499,266893.049777
-295.815806,499,266926.607479
-326.208474,499,266961.196001
-345.970628,499,267005.295929
-319.032115,499,267039.786598
-302.905803,499,267074.428546
-324.067825,499,267108.690473
-321.924527,499,267144.227988
-343.623444,499,267186.308357
-279.775685,499,267220.029367
-397.944428,499,267254.205454
-305.313426,499,267288.374277
-336.404612,499,267323.571941
-288.863617,499,267365.853977
-325.01014,499,267399.848172
-327.455526,499,267434.45179
-334.500743,499,267469.139982
-335.3794,499,267504.163493
-362.68437,499,267546.472353
-349.471181,499,267580.645033
-310.841582,499,267615.195049
-347.468649,499,267650.062263
-323.372918,499,267685.039422
-298.276812,499,267728.115036
-326.104592,499,267762.012326
-305.293224,499,267795.946637
-301.197554,499,267830.20056
-352.690849,499,267865.257595
-294.657276,499,267908.970731
-313.440881,499,267942.482
-331.11984,499,267976.354077
-333.244928,499,268011.364856
-336.481636,499,268046.836485
-333.097785,499,268089.220546
-373.058641,499,268123.355222
-362.516961,499,268157.293394
-320.713918,499,268192.508336
-302.340011,499,268227.664318
-308.901952,499,268270.258606
-320.218618,499,268303.902142
-330.453116,499,268338.286179
-333.510892,499,268373.637053
-355.931324,499,268408.524964
-341.096432,499,268454.363682
-308.100269,499,268488.178981
-287.620604,499,268522.408702
-338.059453,499,268557.843598
-297.454677,499,268591.82611
-330.20923,499,268633.470165
-300.584747,499,268667.71306
-324.097627,499,268702.629931
-350.19638,499,268738.847193
-276.377412,499,268772.638486
-302.096564,499,268814.099095
-324.584578,499,268847.919569
-327.845129,499,268881.872402
-344.386619,499,268917.588257
-321.615059,499,268952.030431
-372.462752,499,268994.348109
-320.223435,499,269028.422237
-300.324982,499,269062.759038
-318.745268,499,269098.452498
-291.167543,499,269132.814239
-305.244972,499,269175.773998
-336.702179,499,269209.60982
-335.938996,499,269243.547995
-359.025013,499,269279.149371
-368.278691,499,269312.738162
-301.533008,499,269355.242143
-287.346922,499,269388.93412
-343.116942,499,269422.988914
-306.547683,499,269458.670994
-344.877251,499,269492.30828
-306.385552,499,269534.515611
-271.452694,499,269568.22528
-380.977987,499,269601.719232
-281.127315,499,269637.157143
-314.2577,499,269671.505882
-347.75133,499,269714.31082
-326.199712,499,269748.094723
-344.64708,499,269781.913172
-343.657699,499,269817.691441
-367.792341,499,269851.620934
-332.985725,499,269894.880941
-344.161603,499,269928.784647
-321.310934,499,269962.976029
-307.583266,499,269998.340232
-313.138901,499,270033.034986
-319.124655,499,270074.809954
-346.203081,499,270108.450703
-313.828915,499,270142.061793
-346.137404,499,270177.862679
-305.151697,499,270213.047105
-310.110577,499,270255.064055
-312.256796,499,270288.835361
-313.107501,499,270322.537713
-311.289679,499,270357.660687
-316.379658,499,270391.647382
-315.840472,499,270434.036805
-343.678453,499,270468.076068
-263.192416,499,270502.376643
-300.971665,499,270537.679641
-358.94991,499,270572.314169
-271.866764,499,270615.490448
-355.648234,499,270649.680839
-356.530267,499,270683.751406
-377.813616,499,270719.58343
-333.864728,499,270753.427988
-305.738615,499,270795.721965
-311.215956,499,270829.522727
-307.436017,499,270863.220042
-324.063602,499,270899.43222
-347.054348,499,270933.46392
-368.057524,499,270975.795281
-323.536525,499,271009.578946
-350.635163,499,271043.45756
-311.823651,499,271079.983069
-300.619553,499,271115.309734
-305.571237,499,271157.720421
-334.766028,499,271191.782719
-299.313266,499,271225.50495
-336.149709,499,271260.351898
-336.987781,499,271295.960412
-337.349758,499,271338.961124
-304.75851,499,271373.057382
-332.641451,499,271407.164636
-329.712952,499,271441.10108
-323.513251,499,271478.890047
-312.464979,499,271521.198493
-379.92919,499,271555.710005
-341.557273,499,271589.673728
-299.66117,499,271623.245973
-318.555095,499,271660.183944
-311.044491,499,271702.963626
-325.493486,499,271736.714494
-311.954175,499,271770.83662
-335.90094,499,271804.814917
-343.447182,499,271841.428575
-319.575108,499,271883.66481
-346.254794,499,271917.828864
-332.42666,499,271952.44169
-313.112194,499,271987.021854
-296.434503,499,272023.342556
-357.431668,499,272068.359901
-306.716158,499,272102.551314
-298.506028,499,272136.180012
-336.463454,499,272169.943509
-305.671045,499,272205.458828
-301.917965,499,272248.385823
-304.348389,499,272282.247297
-327.483122,499,272316.341308
-302.196717,499,272350.49332
-336.288148,499,272385.646063
-380.672493,499,272429.061874
-331.57354,499,272462.930312
-329.142837,499,272496.965177
-303.506921,499,272531.26776
-327.757889,499,272566.554207
-312.676901,499,272609.304429
-339.502153,499,272643.186981
-320.003498,499,272676.913818
-353.283219,499,272710.845286
-342.847426,499,272745.550416
-308.410355,499,272791.529494
-312.439658,499,272825.425019
-348.52524,499,272859.452506
-290.532255,499,272893.49414
-345.2416,499,272928.433765
-289.135973,499,272971.746423
-316.89326,499,273006.035622
-339.289745,499,273040.102592
-320.872911,499,273074.113482
-290.428866,499,273108.70799
-323.741279,499,273152.382144
-330.352849,499,273186.192583
-348.930868,499,273220.250536
-272.766102,499,273253.969468
-405.957047,499,273288.748359
-311.779951,499,273331.714133
-332.557025,499,273365.921366
-298.954378,499,273399.915614
-313.41919,499,273433.782046
-328.695777,499,273468.759551
-334.202401,499,273514.595338
-322.093269,499,273548.766373
-350.167472,499,273582.893018
-333.449773,499,273617.060396
-305.951593,499,273652.528928
-336.255149,499,273696.867839
-319.463197,499,273730.743876
-296.212252,499,273764.867433
-330.313678,499,273798.956489
-293.352059,499,273833.968854
-304.03839,499,273878.13349
-356.139485,499,273912.076281
-321.761617,499,273946.221964
-322.718766,499,273980.266548
-334.261178,499,274014.813478
-331.852159,499,274058.76269
-335.647252,499,274092.78916
-338.487181,499,274126.71962
-385.423401,499,274160.741743
-348.823732,499,274195.58062
-326.063769,499,274240.931128
-304.475988,499,274275.164517
-324.656376,499,274308.775105
-309.32699,499,274342.777879
-324.117807,499,274377.653349
-338.805341,499,274422.65079
-349.600608,499,274457.08374
-346.243805,499,274490.654071
-290.052958,499,274524.476995
-301.472296,499,274559.492343
-335.364048,499,274603.58878
-309.899835,499,274637.867903
-345.912711,499,274671.81756
-287.711529,499,274705.553764
-313.028307,499,274740.084329
-340.651138,499,274784.130224
-264.250676,499,274818.452207
-289.845775,499,274852.357131
-317.455866,499,274886.420861
-319.400267,499,274920.680949
-355.330952,499,274961.625121
-331.939007,499,274994.1301
-383.003121,499,275027.348529
-324.686174,499,275060.594551
-298.466729,499,275094.042974
-305.422996,499,275133.859823
-299.566505,499,275166.656677
-303.833726,499,275200.452969
-334.191489,499,275233.504687
-334.238882,499,275266.442451
-355.088911,499,275306.072411
-369.835391,499,275338.9598
-282.872285,499,275372.07215
-292.250361,499,275405.351813
-339.503245,499,275438.363529
-315.110292,499,275477.530063
-338.02162,499,275510.185386
-304.75508,499,275542.502149
-297.834487,499,275575.186642
-360.843722,499,275608.030543
-281.008973,499,275648.684642
-300.137193,499,275680.896826
-338.833742,499,275714.091702
-310.284877,499,275747.294134
-353.592733,499,275780.328468
-339.655316,499,275819.556186
-350.270282,499,275852.377646
-329.196613,499,275884.867636
-317.043236,499,275917.225542
-323.010067,499,275950.278626
-298.245445,499,275989.74625
-309.201492,499,276023.3181
-323.632636,499,276056.163181
-342.529976,499,276088.686032
-331.108179,499,276121.573456
-349.410867,499,276160.277934
-309.621669,499,276193.625394
-316.165511,499,276226.485301
-324.335762,499,276259.453443
-308.602291,499,276292.503893
-335.59812,499,276333.088259
-317.90621,499,276364.608111
-305.543694,499,276397.397347
-324.263178,499,276430.057389
-267.622731,499,276462.283767
-307.941197,499,276502.617748
-377.091695,499,276535.843281
-275.335729,499,276568.634079
-358.588902,499,276601.872845
-355.131598,499,276634.88783
-361.349407,499,276676.798636
-335.847119,499,276710.095635
-305.16208,499,276743.158781
-321.317193,499,276776.316805
-305.308452,499,276809.133027
-333.378573,499,276848.063921
-346.330062,499,276880.788048
-370.807613,499,276913.907985
-333.194739,499,276947.028419
-325.817875,499,276979.901603
-322.498034,499,277023.994436
-288.56078,499,277056.952437
-306.73894,499,277089.787221
-330.89169,499,277123.269009
-319.059595,499,277156.627516
-333.079265,499,277198.190858
-320.433945,499,277230.489941
-342.542023,499,277263.391023
-287.454354,499,277295.556324
-330.753086,499,277328.019058
-337.927361,499,277376.721053
-311.995796,499,277409.420099
-294.466444,499,277442.361234
-371.976885,499,277475.490697
-350.360003,499,277508.491013
-316.444643,499,277553.919175
-306.876621,499,277586.382433
-308.128077,499,277619.346145
-323.004265,499,277651.853204
-313.245033,499,277684.860715
-342.155394,499,277727.628798
-331.172704,499,277760.098474
-299.044929,499,277793.157688
-355.854117,499,277826.075981
-340.053612,499,277859.624619
-303.214418,499,277902.84105
-292.264791,499,277935.671688
-340.797224,499,277968.68888
-310.933582,499,278001.444049
-294.820343,499,278034.088639
-344.435964,499,278073.323678
-322.596515,499,278105.623415
-319.397872,499,278138.838194
-315.82114,499,278172.12026
-359.458087,499,278204.969076
-318.010527,499,278243.62241
-331.26476,499,278277.058288
-397.981341,499,278310.533987
-329.861988,499,278343.219911
-327.2668,499,278376.423343
-314.686883,499,278416.59161
-316.177772,499,278450.074168
-327.217627,499,278482.626029
-324.566337,499,278515.581993
-334.807781,499,278548.87338
-339.461644,499,278588.458924
-332.188793,499,278621.526584
-308.013624,499,278654.714354
-293.40397,499,278687.842448
-326.640446,499,278720.645715
-292.124601,499,278761.377439
-343.10467,499,278792.863792
-295.261284,499,278821.880272
-303.753479,499,278851.912379
-331.130698,499,278882.949544
-291.955485,499,278918.242932
-296.212537,499,278945.91247
-331.215707,499,278971.741096
-312.432939,499,279001.705691
-318.270177,499,279032.265954
-314.892582,499,279069.264261
-417.657184,499,279098.947182
-300.273049,499,279126.558771
-323.221276,499,279155.91551
-291.961497,499,279186.610955
-321.900718,499,279221.666113
-312.675521,499,279251.46282
-337.395778,499,279278.735242
-324.510919,499,279307.616919
-350.50013,499,279337.141411
-333.16805,499,279372.149723
-310.67691,499,279398.167472
-329.875806,499,279427.64756
-350.120273,499,279457.577538
-311.172957,499,279487.72756
-325.491213,499,279520.181707
-318.652966,499,279547.916562
-324.062969,499,279577.424265
-344.263459,499,279607.563613
-312.24496,499,279637.116687
-311.30515,499,279673.21782
-318.808631,499,279703.853067
-337.209926,499,279735.075801
-347.444297,499,279765.91923
-298.045935,499,279796.129097
-388.304176,499,279831.050133
-334.791447,499,279859.953336
-322.158508,499,279888.351102
-303.551587,499,279918.020482
-317.395335,499,279948.868131
-332.636407,499,279983.275434
-332.910644,499,280013.662162
-331.534405,499,280040.310723
-336.438481,499,280069.580478
-364.544052,499,280099.261449
-301.947854,499,280134.718567
-313.499745,499,280162.743319
-322.127628,499,280190.327284
-291.413234,499,280220.109682
-350.593728,499,280250.284554
-289.128669,499,280280.694082
-317.600216,499,280312.783969
-345.493561,499,280338.511133
-268.624892,499,280366.045808
-297.568263,499,280396.702024
-339.821845,499,280426.523075
