#{"t_start": 1685035432.4740572, "env_id": "quantumEnvExp-v0"}
r,l,t
-243.67562,499,27.152902
-239.772231,499,55.688056
-225.329833,499,84.382894
-245.572803,499,114.016971
-241.028568,499,143.933873
-234.683388,499,270.161829
-243.825404,499,300.906585
-247.067695,499,330.872517
-236.002223,499,360.619641
-244.628812,499,389.893091
-223.811679,499,512.33125
-240.566561,499,542.585303
-241.064177,499,574.100892
-246.108904,499,605.329149
-244.735307,499,635.221628
-216.038471,499,761.735412
-238.049957,499,788.858396
-232.184672,499,816.476914
-235.050382,499,845.538036
-224.926157,499,873.658114
-242.749985,499,1001.863889
-242.834038,499,1032.448631
-229.591112,499,1063.112466
-246.135429,499,1094.804939
-242.519285,499,1125.7834
-232.158236,499,1250.548957
-212.922638,499,1278.245096
-203.696339,499,1302.91002
-212.860788,499,1327.470462
-208.002575,499,1351.868513
-230.639511,499,1459.625146
-227.945902,499,1484.203052
-223.267287,499,1510.823474
-220.422589,499,1537.923452
-221.888036,499,1564.172659
-222.451085,499,1662.560389
-215.105286,499,1686.718871
-186.069436,499,1710.136265
-197.474676,499,1732.050399
-171.632224,499,1755.755142
-207.305795,499,1833.177019
-207.84569,499,1851.316136
-179.475115,499,1870.027183
-221.907426,499,1888.379318
-221.478925,499,1906.794055
-204.058523,499,1980.628023
-215.704852,499,1998.953465
-234.514933,499,2017.842885
-170.386822,499,2038.15149
-217.887173,499,2060.751982
-204.967408,499,2143.724861
-223.132378,499,2162.751586
-202.250545,499,2182.410573
-187.37461,499,2201.718477
-233.302102,499,2222.211563
-178.606163,499,2300.595065
-238.302249,499,2320.186386
-235.805888,499,2338.860225
-206.152176,499,2357.665448
-206.839051,499,2377.392842
-184.838336,499,2493.374235
-204.561716,499,2525.032101
-199.012179,499,2559.292811
-154.662316,499,2597.419799
-180.323531,499,2639.492028
-218.246717,499,2845.386202
-184.748531,499,2892.908346
-174.53633,499,2940.152791
-217.313765,499,2987.152705
-176.226786,499,3034.708034
-211.250869,499,3259.418188
-221.769847,499,3307.140927
-210.170128,499,3354.610358
-223.745192,499,3403.281903
-162.953818,499,3453.974008
-199.402591,499,3666.96662
-192.131851,499,3715.764582
-191.554585,499,3766.103514
-199.91842,499,3819.006054
-208.989403,499,3871.279019
-198.746996,499,4087.941494
-162.526221,499,4133.831774
-156.170779,499,4180.692211
-222.986226,499,4229.951665
-224.888239,499,4279.710594
-193.922977,499,4504.512095
-187.451992,499,4552.348732
-209.793754,499,4599.196881
-223.213281,499,4648.000857
-214.066687,499,4696.442297
-196.594565,499,4905.991446
-184.362354,499,4955.595479
-136.817511,499,5007.100675
-181.78367,499,5059.473781
-200.373601,499,5110.908962
-186.981705,499,5327.773998
-215.158016,499,5373.034684
-173.274029,499,5418.806702
-198.432912,499,5467.727728
-170.002507,499,5517.275492
-187.698841,499,5746.580055
-181.653654,499,5796.8227
-195.622933,499,5843.848213
-193.56213,499,5891.332368
-185.92263,499,5938.138484
-188.345289,499,6153.209187
-154.841468,499,6201.64724
-162.408613,499,6250.571082
-148.583516,499,6302.944803
-188.981055,499,6354.372694
-173.580183,499,6571.445474
-174.858501,499,6616.581124
-159.715746,499,6663.684494
-174.993766,499,6711.456345
-189.52826,499,6761.259785
-169.256768,499,6991.288282
-163.60705,499,7037.509971
-192.799519,499,7083.172804
-186.838975,499,7128.845512
-217.119593,499,7175.659834
-144.363225,499,7396.914558
-159.406529,499,7447.716678
-189.296046,499,7499.748818
-172.240648,499,7552.590132
-176.965332,499,7604.344544
-161.747471,499,7815.859348
-164.700485,499,7862.347038
-136.24532,499,7909.487122
-194.297902,499,7958.692442
-174.048553,499,8010.351484
-184.168861,499,8238.344254
-171.498371,499,8284.379282
-159.262235,499,8329.262641
-169.19767,499,8375.532521
-156.370131,499,8423.585957
-173.773295,499,8642.894667
-176.907506,499,8692.097734
-161.809652,499,8744.226274
-182.515694,499,8795.704356
-150.269952,499,8845.892119
-171.584423,499,9058.149101
-164.655739,499,9104.779583
-150.146433,499,9151.249442
-164.280912,499,9198.628622
-161.409962,499,9249.255274
-174.917458,499,9476.968871
-184.398167,499,9522.188756
-174.42763,499,9567.59577
-169.596972,499,9614.637519
-176.809342,499,9663.55514
-158.728873,499,9878.336062
-169.92983,499,9928.463622
-174.29795,499,9978.320252
-194.945904,499,10025.9767
-150.308593,499,10074.082034
-178.641653,499,10287.904064
-195.862535,499,10332.731341
-155.564335,499,10376.44702
-168.428621,499,10423.593704
-181.81974,499,10473.084172
-160.755662,499,10699.781553
-164.290421,499,10743.330482
-177.775563,499,10786.170552
-168.922327,499,10830.89939
-165.183599,499,10877.285564
-167.263306,499,11096.968337
-178.237518,499,11147.123183
-162.682228,499,11196.158141
-160.605641,499,11244.026173
-157.906548,499,11291.227849
-167.449382,499,11499.827051
-173.894669,499,11542.309284
-152.27933,499,11585.347812
-169.376375,499,11629.342274
-147.600691,499,11678.447541
-174.376178,499,11909.279597
-166.067852,499,11954.107081
-150.285433,499,11998.424552
-181.995618,499,12043.133734
-158.580879,499,12088.778401
-150.627996,499,12304.057833
-164.42945,499,12349.988518
-140.524943,499,12397.126086
-154.224797,499,12445.898598
-162.229928,499,12493.179531
-150.154772,499,12711.262684
-162.576988,499,12755.479465
-173.370043,499,12801.001591
-165.098942,499,12845.259316
-147.605623,499,12892.506183
-161.136841,499,13120.718421
-146.515419,499,13165.104436
-160.434236,499,13209.302108
-180.418249,499,13253.730758
-168.083784,499,13299.311004
-147.438641,499,13519.229305
-142.000105,499,13567.098181
-139.732487,499,13615.819722
-153.429895,499,13665.502282
-158.392607,499,13715.446582
-133.30426,499,13927.814397
-150.058846,499,13971.952203
-144.786095,499,14016.508033
-163.964683,499,14061.549329
-152.415368,499,14107.815987
-161.696688,499,14340.075121
-142.43533,499,14386.237101
-174.30979,499,14430.871897
-140.97574,499,14475.729
-163.721002,499,14522.274776
-160.175591,499,14730.871686
-169.114977,499,14778.165261
-151.225512,499,14827.572525
-157.859816,499,14877.857361
-158.254004,499,14926.46084
-159.901389,499,15146.095179
-161.590117,499,15192.173866
-149.361381,499,15237.63157
-153.475286,499,15281.26381
-154.660073,499,15326.652815
-154.743009,499,15555.192867
-171.256925,499,15600.932823
-178.28743,499,15646.491074
-160.908796,499,15693.216501
-147.267779,499,15739.78762
-138.993869,499,15958.38845
-155.285462,499,16007.062816
-156.840124,499,16058.644536
-146.830525,499,16106.843821
-166.627332,499,16154.98536
-160.521464,499,16369.189861
-155.003385,499,16414.64807
-168.8663,499,16458.532053
-157.431976,499,16501.544305
-163.142058,499,16546.486442
-141.381086,499,16779.783137
-147.174356,499,16826.119017
-160.938715,499,16872.028897
-150.966161,499,16918.332311
-152.052576,499,16963.894367
-156.696985,499,17175.2419
-168.669199,499,17224.238479
-157.883587,499,17273.937116
-160.252502,499,17322.400004
-151.321492,499,17368.671003
-154.939546,499,17594.483197
-155.030076,499,17638.922987
-147.733503,499,17681.02857
-163.844404,499,17724.7859
-168.863688,499,17768.554206
-154.520541,499,17993.043809
-136.358497,499,18038.033434
-172.642509,499,18083.713739
-132.913777,499,18129.654176
-157.333264,499,18175.436568
-158.908921,499,18395.074896
-148.795102,499,18441.132083
-146.352605,499,18488.601549
-147.460039,499,18535.785112
-169.583387,499,18581.518787
-160.144951,499,18803.121569
-162.644927,499,18846.70168
-168.03727,499,18889.571523
-134.724549,499,18934.004853
-136.161305,499,18980.90937
-157.865696,499,19212.749218
-161.082818,499,19258.928353
-137.547401,499,19304.786741
-171.533423,499,19350.54401
-140.923646,499,19396.224064
-135.012544,499,19608.988039
-143.197494,499,19655.407469
-146.494351,499,19701.95957
-161.23434,499,19748.579536
-159.02366,499,19796.918951
-154.651456,499,20024.804356
-166.208134,499,20068.290176
-152.229057,499,20113.15881
-154.988571,499,20158.400599
-151.833622,499,20204.408898
-159.012698,499,20426.793003
-165.588918,499,20471.726175
-153.390196,499,20518.149562
-150.36479,499,20564.987061
-120.427597,499,20613.310033
-132.189363,499,20835.344687
-158.216275,499,20879.699165
-143.742848,499,20925.879138
-158.835735,499,20975.073371
-126.574034,499,21024.111997
-144.799662,499,21239.95119
-152.429622,499,21285.15767
-141.441751,499,21331.111952
-156.535733,499,21378.402691
-152.635178,499,21425.980014
-158.882818,499,21650.282662
-175.45218,499,21696.16544
-134.327168,499,21742.886038
-147.215226,499,21789.072451
-146.162939,499,21835.759686
-144.366339,499,22048.540673
-148.017842,499,22092.520581
-142.453068,499,22138.669816
-158.35095,499,22188.706679
-170.436631,499,22240.045607
-141.218129,499,22462.242148
-126.259086,499,22508.963474
-146.021828,499,22555.609316
-162.442573,499,22601.663681
-136.722034,499,22645.338005
-144.459721,499,22860.971971
-132.639501,499,22908.904291
-155.942382,499,22955.874005
-151.604999,499,23003.387719
-151.421453,499,23051.970217
-135.029402,499,23267.824227
-148.41996,499,23311.683545
-148.659677,499,23357.126164
-153.823221,499,23404.77638
-160.61343,499,23453.13195
-132.910731,499,23672.896624
-152.415286,499,23719.93875
-149.4268,499,23768.447813
-148.65586,499,23813.653289
-162.044266,499,23859.092517
-137.963379,499,24081.416985
-124.563802,499,24128.004437
-125.572144,499,24174.518905
-138.400436,499,24219.88177
-145.241593,499,24266.441371
-136.167366,499,24478.954155
-133.382926,499,24522.374889
-153.687101,499,24568.493931
-159.436873,499,24617.10383
-144.530445,499,24667.015131
-136.790778,499,24892.283944
-135.501579,499,24938.370964
-132.823437,499,24982.675307
-151.047153,499,25027.097132
-155.678037,499,25070.124609
-153.710251,499,25289.986017
-167.290177,499,25338.938719
-139.004003,499,25387.280394
-138.329599,499,25435.384701
-138.00889,499,25483.444026
-154.965171,499,25701.439378
-154.387752,499,25745.646849
-154.898462,499,25789.537236
-112.424032,499,25835.216833
-150.294705,499,25881.75914
-132.193653,499,26106.614947
-136.672797,499,26152.021443
-166.274504,499,26198.122148
-138.912104,499,26243.960708
-145.735796,499,26289.841151
-144.538877,499,26509.834826
-140.729142,499,26557.767334
-143.034411,499,26605.229509
-145.334566,499,26650.655322
-147.237436,499,26696.999017
-144.562836,499,26914.565457
-143.755368,499,26959.605908
-153.567673,499,27005.204181
-141.657475,499,27051.925462
-150.5365,499,27101.25844
-160.080643,499,27330.335212
-151.475932,499,27375.156602
-130.773908,499,27420.395508
-143.346855,499,27465.502529
-151.209222,499,27511.715435
-132.066042,499,27730.707186
-138.319923,499,27780.967248
-102.94689,499,27830.813848
-146.208984,499,27879.852903
-152.991784,499,27926.209374
-121.661556,499,28142.664088
-140.147339,499,28186.766712
-139.757682,499,28230.527714
-149.236779,499,28275.540275
-145.037115,499,28324.212701
-147.201621,499,28553.308517
-145.793198,499,28598.925994
-129.738187,499,28645.135982
-146.375638,499,28691.921996
-155.985533,499,28738.619306
-129.417316,499,28954.177283
-112.610694,499,29003.976119
-121.865258,499,29054.571975
-145.708641,499,29101.597597
-133.1877,499,29147.664156
-120.777269,499,29362.889888
-149.05288,499,29407.07201
-124.820944,499,29450.513804
-141.397622,499,29497.573212
-140.563203,499,29547.11774
-115.011654,499,29773.200337
-130.667506,499,29817.604322
-133.778916,499,29863.37598
-149.763956,499,29909.015345
-145.469896,499,29953.982529
-110.718815,499,30173.068291
-118.550663,499,30223.091102
-131.213961,499,30273.419524
-131.414399,499,30322.322488
-162.005345,499,30369.430757
-119.934878,499,30580.743361
-146.027684,499,30624.718516
-147.736187,499,30669.778684
-146.950977,499,30715.56472
-138.16514,499,30763.137233
-138.032869,499,30992.832782
-131.138096,499,31037.836192
-120.781839,499,31084.115234
-138.984055,499,31130.500576
-131.914074,499,31175.676268
-145.759058,499,31391.076205
-123.967691,499,31438.947988
-124.629044,499,31488.689953
-134.553805,499,31536.578308
-138.722001,499,31581.760454
-121.775797,499,31799.003639
-136.382863,499,31843.772666
-141.241068,499,31888.343507
-136.265439,499,31934.27558
-124.790185,499,31981.812544
-145.560575,499,32208.21838
-147.508839,499,32252.680438
-148.961948,499,32296.88293
-136.110943,499,32341.551666
-108.520839,499,32385.948408
-144.29781,499,32603.950217
-113.675917,499,32651.533093
-118.449106,499,32701.500427
-120.515617,499,32752.116311
-115.983678,499,32801.253569
-130.414187,499,33014.439928
-142.474318,499,33059.163578
-123.53495,499,33104.303893
-138.31525,499,33148.614315
-126.575908,499,33194.018937
-132.334837,499,33427.419445
-129.658478,499,33471.76273
-125.758975,499,33515.892002
-124.719601,499,33559.763108
-131.243158,499,33606.173533
-129.747847,499,33821.405903
-133.413441,499,33868.146141
-130.309413,499,33915.293216
-132.404364,499,33963.959755
-137.172985,499,34013.000648
-142.348398,499,34229.160023
-133.548461,499,34272.826362
-133.64671,499,34318.294364
-123.46116,499,34364.11667
-135.58535,499,34409.902067
-140.286706,499,34640.751015
-127.651157,499,34684.62169
-117.538171,499,34728.036187
-139.366132,499,34771.325445
-112.772757,499,34817.475979
-123.178893,499,35037.648818
-128.661645,499,35084.001983
-136.76257,499,35133.680014
-126.364937,499,35182.890056
-125.021949,499,35234.177674
-135.38123,499,35446.881681
-137.933444,499,35490.572034
-127.614565,499,35535.030813
-119.643248,499,35581.400356
-118.964466,499,35627.87972
-125.511591,499,35855.557502
-129.151575,499,35900.872607
-123.230607,499,35946.693622
-121.122365,499,35992.426074
-131.501083,499,36037.867591
-139.288246,499,36251.125305
-112.685155,499,36296.924777
-135.548682,499,36344.259305
-139.878892,499,36393.137105
-135.219321,499,36443.720066
-128.566089,499,36663.005045
-117.521482,499,36707.87569
-108.921198,499,36755.085346
-141.381078,499,36801.12989
-125.459584,499,36846.259133
-113.229222,499,37069.837844
-128.904794,499,37116.720128
-126.01511,499,37162.798944
-115.648678,499,37208.465856
-104.683252,499,37252.100226
-114.637361,499,37465.094506
-114.113113,499,37511.863148
-115.542498,499,37561.460995
-121.33617,499,37610.873891
-129.897002,499,37657.56462
-139.752458,499,37871.778126
-116.569389,499,37915.886286
-144.442535,499,37962.773667
-124.926335,499,38009.354406
-122.315257,499,38054.798978
-140.318195,499,38103.549112
-132.624376,499,38329.761379
-138.853969,499,38376.901222
-122.862028,499,38421.349052
-116.48027,499,38463.96739
-145.744716,499,38507.504442
-126.198257,499,38722.957678
-139.713024,499,38770.190144
-124.923934,499,38819.732487
-134.840315,499,38868.717983
-116.302815,499,38916.581121
-132.999288,499,39133.332974
-125.837659,499,39179.900032
-129.180617,499,39226.471097
-136.174134,499,39272.322161
-134.740342,499,39318.529772
-124.157235,499,39542.267316
-128.874623,499,39590.548027
-128.241841,499,39636.76282
-135.271446,499,39683.092176
-135.804962,499,39729.74762
-135.177624,499,39948.283117
-151.84174,499,39996.29438
-129.528008,499,40043.850416
-131.9604,499,40090.873509
-129.440235,499,40137.177747
-131.689175,499,40352.503422
-134.312028,499,40398.103247
-136.642155,499,40444.492653
-123.959424,499,40490.248181
-124.579165,499,40536.319323
-125.719102,499,40760.502791
-103.205139,499,40806.994701
-125.890983,499,40851.522585
-119.784267,499,40896.182173
-104.937671,499,40941.686317
-133.725509,499,41157.923414
-115.279155,499,41204.89434
-116.32202,499,41252.484235
-134.074278,499,41299.815254
-108.552478,499,41349.073737
-142.315155,499,41567.967263
-115.124927,499,41613.953011
-125.014494,499,41658.139317
-123.184234,499,41705.665205
-109.839064,499,41752.232018
-125.907752,499,41974.766665
-132.110512,499,42022.199411
-107.665604,499,42068.844018
-125.151519,499,42116.393545
-126.736888,499,42162.44767
-115.602775,499,42381.340656
-132.011332,499,42426.821449
-118.383073,499,42472.896675
-124.043907,499,42520.886672
-122.300004,499,42568.341351
-147.81418,499,42788.183259
-132.652996,499,42834.749608
-112.900185,499,42880.448359
-105.572363,499,42925.866639
-120.770613,499,42975.39799
-134.668987,499,43197.527998
-130.916021,499,43245.034891
-144.370393,499,43291.678397
-135.801036,499,43338.74167
-119.715299,499,43385.699968
-136.911789,499,43604.544929
-131.322364,499,43650.750646
-129.000687,499,43696.540207
-135.916037,499,43744.298126
-131.691468,499,43791.703923
-126.669613,499,44015.492899
-110.014509,499,44060.994711
-134.173816,499,44106.919049
-137.568683,499,44152.060808
-109.728262,499,44197.359951
-122.732837,499,44420.564004
-127.7009,499,44468.82289
-118.768457,499,44515.860529
-138.326164,499,44562.039698
-117.434075,499,44609.679086
-139.606647,499,44828.465205
-108.424575,499,44873.295335
-131.016104,499,44916.073837
-132.598066,499,44961.471046
-111.39235,499,45008.576994
-111.858228,499,45234.455094
-123.12425,499,45280.390994
-120.172519,499,45325.469912
-115.78521,499,45370.924639
-133.406995,499,45416.514468
-133.588573,499,45636.313134
-101.474884,499,45683.677711
-101.405102,499,45731.718735
-115.913179,499,45777.781599
-121.013347,499,45822.571263
-140.551735,499,46044.041947
-116.040235,499,46086.985393
-127.320854,499,46130.003589
-120.357248,499,46172.803335
-112.179173,499,46222.307904
-114.852992,499,46451.119293
-126.183679,499,46497.198443
-122.458858,499,46543.627882
-144.899529,499,46588.392313
-118.328963,499,46632.211155
-121.103702,499,46851.408229
-112.386579,499,46901.410406
-126.121782,499,46949.172768
-111.390889,499,46995.333885
-131.300896,499,47040.820735
-126.02924,499,47260.364805
-131.975088,499,47303.002245
-120.484099,499,47345.742782
-105.634055,499,47389.113196
-134.887748,499,47435.856202
-121.142509,499,47665.610057
-116.752039,499,47712.259284
-132.72234,499,47758.052322
-122.857431,499,47804.834537
-123.451234,499,47852.607392
-121.186959,499,48064.687492
-150.092373,499,48113.361236
-114.45715,499,48162.057662
-138.055298,499,48210.928
-123.949519,499,48258.011796
-116.990778,499,48474.851552
-129.237497,499,48518.35078
-126.498888,499,48561.6024
-122.30008,499,48607.183073
-116.32629,499,48654.529411
-114.248934,499,48881.603292
-124.907842,499,48929.324084
-114.329824,499,48976.313539
-112.364464,499,49023.197357
-97.247596,499,49068.516923
-119.603352,499,49278.664006
-134.392262,499,49329.03883
-116.809552,499,49380.209819
-115.059184,499,49430.119807
-97.087552,499,49481.673876
-124.743164,499,49694.601801
-116.236059,499,49738.492361
-120.263187,499,49781.706141
-127.296333,499,49827.66464
-122.978199,499,49874.377786
-115.411888,499,50098.388379
-119.052862,499,50146.327899
-124.54899,499,50194.371087
-111.658252,499,50240.892986
-115.517699,499,50285.317475
-129.263777,499,50492.096461
-120.713418,499,50540.397694
-125.098627,499,50590.006836
-118.794599,499,50640.003367
-129.697824,499,50689.813541
-120.269364,499,50905.297964
-112.897988,499,50950.413243
-121.886777,499,50995.953263
-110.923498,499,51042.753922
-137.209221,499,51090.946341
-130.993907,499,51313.44351
-101.002591,499,51361.866407
-116.382972,499,51409.886963
-115.108993,499,51456.376343
-119.320476,499,51502.529377
-117.460175,499,51713.395591
-108.813558,499,51761.652875
-107.088194,499,51808.947497
-129.05717,499,51859.291813
-125.295238,499,51909.711145
-134.725554,499,52126.079425
-121.207929,499,52170.87151
-124.64602,499,52217.982109
-117.42358,499,52264.546324
-119.313577,499,52310.533824
-113.835376,499,52535.460316
-128.450713,499,52584.845184
-113.443851,499,52634.240041
-128.747501,499,52679.734833
-113.143164,499,52726.686857
-121.461985,499,52940.975036
-134.100181,499,52985.490446
-108.751125,499,53031.935172
-128.620766,499,53079.921019
-124.962741,499,53129.546123
-118.743955,499,53350.660053
-104.276255,499,53396.584202
-111.275637,499,53442.536362
-142.474254,499,53488.229789
-104.894597,499,53534.934847
-114.198484,499,53754.958296
-140.177947,499,53804.605952
-127.065496,499,53851.346263
-107.567508,499,53898.245188
-106.595512,499,53943.577523
-106.24513,499,54159.633167
-108.352693,499,54204.241546
-104.784698,499,54248.773288
-134.740501,499,54296.224356
-110.306927,499,54346.734487
-127.199465,499,54569.083077
-120.951497,499,54615.253471
-105.606913,499,54662.152024
-111.49409,499,54708.883658
-120.311994,499,54754.482606
-114.891001,499,54971.13692
-144.54024,499,55021.984014
-117.790605,499,55070.845612
-124.205701,499,55117.190674
-126.100718,499,55164.449247
-123.78008,499,55380.223761
-132.985286,499,55424.987777
-113.529959,499,55469.886623
-132.093958,499,55515.647639
-126.573112,499,55562.425143
-119.193356,499,55784.665074
-112.353025,499,55833.536106
-120.557808,499,55881.357203
-131.575501,499,55926.538196
-109.242874,499,55972.283739
-122.180716,499,56184.591972
-132.962804,499,56235.509505
-112.961101,499,56284.178913
-124.240956,499,56331.685422
-119.005067,499,56377.068112
-108.781277,499,56593.085238
-142.40209,499,56638.307684
-113.868627,499,56684.216401
-118.535716,499,56729.135041
-141.055229,499,56773.354003
-127.585083,499,56998.00319
-93.786185,499,57049.316877
-130.804719,499,57097.508225
-115.235934,499,57143.204898
-121.869132,499,57185.416299
-116.663559,499,57394.92339
-104.332733,499,57444.650784
-115.64027,499,57492.736713
-123.926319,499,57540.017457
-102.430825,499,57589.080636
-114.541408,499,57807.781816
-114.358905,499,57854.013056
-120.278599,499,57898.754371
-137.201144,499,57942.20705
-112.071468,499,57985.685469
-112.965825,499,58208.358137
-112.386649,499,58259.8666
-116.654434,499,58307.719685
-129.199719,499,58353.131136
-112.953812,499,58394.983922
-107.769687,499,58605.519853
-120.487812,499,58652.838275
-114.486342,499,58700.496692
-110.725326,499,58747.360221
-122.049454,499,58795.628669
-119.415392,499,59016.314578
-113.139953,499,59060.990605
-121.982292,499,59107.000882
-121.547343,499,59150.710961
-130.486339,499,59196.507841
-99.465367,499,59422.490851
-132.114546,499,59472.091115
-122.502945,499,59520.686294
-125.684267,499,59566.245054
-97.391647,499,59610.104079
-131.517362,499,59822.087325
-113.857828,499,59867.968064
-107.142909,499,59913.797021
-126.217583,499,59961.528001
-120.320068,499,60011.716482
-117.196559,499,60234.530378
-117.347628,499,60278.772557
-132.154377,499,60322.923483
-111.747914,499,60368.274339
-119.961905,499,60413.956524
-116.989954,499,60638.41119
-111.013402,499,60686.908154
-113.324995,499,60735.289835
-123.650318,499,60782.762534
-109.682404,499,60831.027667
-116.03973,499,61043.982533
-120.480554,499,61088.625682
-101.821709,499,61136.116691
-127.526967,499,61184.572381
-120.272355,499,61234.146503
-109.26917,499,61456.86076
-124.946852,499,61501.406546
-126.219483,499,61547.470216
-133.778607,499,61592.687398
-111.288498,499,61639.100009
-109.928586,499,61859.190975
-117.146266,499,61907.258702
-108.152395,499,61955.810198
-116.963711,499,62004.723999
-127.518109,499,62053.072691
-136.518027,499,62264.321534
-101.838185,499,62310.157854
-94.961899,499,62357.427523
-122.336616,499,62407.352001
-96.404216,499,62457.580669
-129.383304,499,62677.950185
-106.804595,499,62724.667089
-100.907263,499,62770.654339
-109.979494,499,62816.916687
-117.00827,499,62861.555876
-104.907827,499,63082.349164
-114.645867,499,63129.265008
-105.383964,499,63176.358773
-122.102204,499,63224.03102
-119.24011,499,63272.924029
-115.730636,499,63486.536292
-108.390813,499,63532.904837
-111.002328,499,63580.633462
-126.536374,499,63628.48814
-133.93126,499,63675.656571
-109.908055,499,63895.185381
-124.941387,499,63944.093523
-115.437475,499,63990.967416
-105.553229,499,64036.07337
-128.125378,499,64083.375438
-110.146375,499,64302.791058
-111.352649,499,64349.34317
-122.563303,499,64394.808804
-121.131254,499,64443.188777
-112.666484,499,64490.998222
-114.125379,499,64710.07081
-133.941281,499,64756.452391
-128.344918,499,64803.477454
-116.534207,499,64850.116027
-118.475635,499,64895.842928
-111.908625,499,65114.3855
-116.914227,499,65162.578228
-125.881073,499,65210.16539
-114.397569,499,65255.504544
-111.8741,499,65300.584622
-110.849927,499,65518.783967
-127.638453,499,65565.295339
-118.58431,499,65610.855439
-119.638962,499,65657.157997
-99.805715,499,65706.505455
-117.627766,499,65926.693646
-121.076289,499,65973.153978
-100.153987,499,66019.914973
-106.149598,499,66066.951273
-107.612003,499,66114.17307
-110.589245,499,66333.106529
-127.034552,499,66384.07279
-111.521101,499,66432.304234
-128.989094,499,66479.176155
-111.971347,499,66524.086123
-106.810104,499,66737.770757
-97.758008,499,66784.097876
-106.057528,499,66830.273408
-125.995343,499,66876.225447
-111.134509,499,66924.021879
-108.580971,499,67144.851411
-120.869658,499,67190.715946
-131.222353,499,67237.751126
-114.263513,499,67285.82289
-113.242737,499,67333.890631
-121.332442,499,67543.609341
-122.388185,499,67593.971096
-116.278522,499,67643.628006
-122.480374,499,67692.903894
-120.997734,499,67739.843544
-123.812945,499,67946.049184
-107.029779,499,67992.153541
-102.607681,499,68039.672967
-113.266622,499,68086.621048
-99.464953,499,68133.450232
-125.836207,499,68348.520563
-114.146368,499,68394.687122
-113.079004,499,68442.677866
-123.55759,499,68492.481544
-126.277751,499,68540.810583
-119.98171,499,68749.991721
-114.696971,499,68800.460663
-117.833167,499,68851.253858
-113.387682,499,68901.452527
-111.619719,499,68951.811919
-119.38692,499,69155.595262
-102.572697,499,69203.856578
-107.295727,499,69253.290686
-112.642231,499,69302.688024
-109.652523,499,69349.731612
-119.320806,499,69567.390844
-138.035964,499,69615.358683
-100.645443,499,69663.245268
-124.658097,499,69709.996026
-117.840965,499,69756.134669
-115.671763,499,69967.316356
-124.418791,499,70016.295961
-105.744384,499,70066.512562
-107.987017,499,70115.528015
-119.590128,499,70164.454852
-105.077785,499,70375.746717
-120.710019,499,70424.327993
-122.130913,499,70473.676926
-126.44927,499,70520.85262
-111.123915,499,70569.078865
-113.579899,499,70785.136307
-87.332351,499,70834.482773
-103.299588,499,70882.235334
-130.540797,499,70926.66595
-105.408665,499,70971.311056
-116.685683,499,71190.605262
-104.308388,499,71237.69712
-109.31996,499,71281.952286
-116.687005,499,71328.60273
-117.234844,499,71375.610538
-113.621385,499,71589.057184
-122.182221,499,71637.590361
-113.805838,499,71685.910604
-104.806337,499,71732.46599
-116.334202,499,71778.103995
-126.370507,499,71996.560205
-102.355503,499,72045.989364
-122.110322,499,72092.040028
-110.102643,499,72134.964875
-121.369747,499,72180.057389
-108.873057,499,72404.071244
-106.639113,499,72448.769025
-110.820625,499,72492.046317
-122.253396,499,72536.404819
-101.071307,499,72582.696672
-116.17459,499,72802.262548
-124.668438,499,72849.002701
-119.744094,499,72896.26106
-108.89394,499,72943.154465
-136.422238,499,72989.001387
-103.366129,499,73202.856783
-127.238568,499,73252.18306
-127.436334,499,73299.71749
-110.747745,499,73343.827792
-126.245961,499,73387.396197
-121.629345,499,73614.13761
-106.92396,499,73657.46002
-107.898343,499,73701.48495
-120.863401,499,73745.373298
-112.88483,499,73792.729743
-119.961001,499,74012.756529
-102.160324,499,74060.95161
-111.557958,499,74110.052981
-111.820007,499,74158.771067
-128.714683,499,74206.300184
-115.521207,499,74419.247882
-99.716246,499,74465.852556
-97.604871,499,74512.724623
-122.908487,499,74558.895905
-105.743205,499,74605.420609
-112.110325,499,74826.857822
-120.45262,499,74872.022451
-108.698317,499,74917.947361
-114.059508,499,74963.690429
-105.83719,499,75010.424869
-108.443196,499,75227.021213
-121.108975,499,75274.242459
-117.626136,499,75324.086912
-116.444099,499,75373.532552
-122.09261,499,75422.953151
-135.861369,499,75632.597088
-114.151852,499,75677.974787
-122.944407,499,75727.046483
-103.946039,499,75776.294293
-117.066665,499,75826.152014
-101.067135,499,76042.007184
-115.763064,499,76087.661717
-127.739943,499,76135.734415
-117.916115,499,76182.430181
-100.603215,499,76229.238405
-113.103054,499,76442.080008
-113.996797,499,76491.632186
-106.528457,499,76541.994158
-124.189513,499,76590.69691
-108.316108,499,76639.108016
-114.849638,499,76845.171404
-130.967496,499,76890.759982
-122.017685,499,76938.338001
-117.002116,499,76988.194045
-117.300962,499,77037.773223
-120.736715,499,77254.789304
-106.544839,499,77302.289014
-113.54175,499,77349.694226
-96.024332,499,77396.720815
-116.99821,499,77443.191666
-110.69401,499,77655.46182
-128.115966,499,77704.196856
-113.338664,499,77753.8104
-98.273599,499,77802.76334
-134.565533,499,77849.806315
-95.818612,499,78062.046977
-120.451128,499,78106.511217
-124.263701,499,78154.51748
-112.798149,499,78202.562967
-128.191417,499,78251.611684
-102.777014,499,78471.969983
-115.740498,499,78519.621695
-109.259907,499,78566.121149
-104.082814,499,78610.657185
-132.80211,499,78657.321037
-101.071911,499,78702.828837
-120.81297,499,78924.170375
-105.866718,499,78970.731606
-96.075723,499,79019.458331
-114.687938,499,79067.068068
-103.583044,499,79115.235604
-125.194076,499,79325.723259
-113.090902,499,79370.903936
-126.318469,499,79416.479702
-115.304882,499,79464.05497
-96.692891,499,79512.031316
-117.79134,499,79735.939353
-113.826114,499,79782.891777
-103.967717,499,79827.694879
-138.751886,499,79872.056029
-105.184944,499,79919.374163
-106.320518,499,80136.112619
-115.581446,499,80181.372996
-116.519844,499,80227.322006
-124.901137,499,80277.593598
-118.930354,499,80326.815598
-131.080075,499,80542.091877
-123.580116,499,80588.113363
-121.128008,499,80635.388525
-116.139328,499,80681.232019
-100.758837,499,80729.450599
-118.975178,499,80949.931748
-119.101166,499,80996.128456
-122.026986,499,81040.645941
-121.796691,499,81086.394414
-108.989395,499,81135.04414
-113.649783,499,81349.547684
-123.474019,499,81396.731664
-129.417217,499,81444.638793
-116.699926,499,81495.163024
-129.246566,499,81544.814402
-107.266897,499,81757.543996
-111.376001,499,81803.193108
-116.607427,499,81849.562375
-92.227315,499,81899.842866
-130.04395,499,81946.676947
-118.838155,499,82165.600231
-114.724139,499,82212.731009
-111.834173,499,82260.634916
-124.150197,499,82306.629484
-109.136215,499,82352.855268
-111.186482,499,82559.047508
-120.352623,499,82604.241804
-116.350531,499,82654.052024
-85.975739,499,82703.964502
-109.477623,499,82754.224169
-112.836607,499,82969.010468
-105.708661,499,83016.571418
-108.37323,499,83064.969825
-103.579309,499,83112.320354
-112.790134,499,83157.514207
-120.101005,499,83369.842847
-99.149476,499,83420.670194
-104.132483,499,83471.564079
-122.38564,499,83522.835686
-109.188828,499,83568.827319
-104.536857,499,83777.116061
-122.112245,499,83825.012938
-112.502106,499,83874.815454
-114.178062,499,83923.561161
-107.928223,499,83970.108402
-116.572087,499,84183.538003
-105.028141,499,84231.578337
-104.493516,499,84281.090774
-115.096227,499,84328.58394
-133.09715,499,84373.353628
-126.719604,499,84586.754252
-90.032294,499,84639.460608
-126.513688,499,84690.030783
-109.733178,499,84737.181952
-124.23351,499,84781.576849
-105.920704,499,84987.285882
-115.34052,499,85035.411238
-116.573324,499,85082.625349
-119.994663,499,85132.522332
-120.602792,499,85180.160115
-124.740232,499,85400.590822
-120.870429,499,85448.438617
-115.082366,499,85494.961066
-114.919206,499,85541.872367
-107.197093,499,85586.719754
-105.919926,499,85796.726147
-103.431056,499,85847.135115
-113.752908,499,85897.212523
-131.416543,499,85946.984005
-99.816292,499,85991.668493
-102.81175,499,86205.849734
-138.723226,499,86250.614536
-97.8706,499,86295.008743
-121.7295,499,86340.565417
-117.303663,499,86387.127209
-125.913411,499,86608.466521
-104.485278,499,86654.72507
-106.688542,499,86700.91648
-112.268377,499,86750.807698
-109.936755,499,86797.118873
-116.59593,499,87012.853974
-125.233761,499,87060.062723
-110.703429,499,87108.063759
-96.196115,499,87156.138537
-110.473411,499,87202.941575
-121.563035,499,87418.998362
-101.20172,499,87463.071839
-91.325837,499,87507.747259
-116.563001,499,87553.11053
-103.548989,499,87599.204066
-117.036658,499,87825.4936
-109.372261,499,87870.511373
-105.774127,499,87915.617984
-114.834646,499,87961.411947
-108.817435,499,88009.055367
-108.081677,499,88221.716309
-114.785027,499,88267.228396
-121.358859,499,88313.478371
-113.757064,499,88361.813664
-106.056004,499,88411.00915
-110.878477,499,88632.224695
-124.084853,499,88675.945527
-110.219353,499,88719.769983
-125.688413,499,88765.751391
-120.00922,499,88812.600787
-114.292041,499,89031.732723
-125.565549,499,89080.29852
-95.36722,499,89127.269926
-118.452442,499,89174.264083
-109.523995,499,89221.982617
-120.06186,499,89437.597795
-98.391985,499,89480.864189
-122.567797,499,89524.74046
-121.504386,499,89572.775924
-125.197751,499,89622.510351
-110.798396,499,89846.123591
-114.6049,499,89892.085549
-108.352495,499,89939.089902
-113.165452,499,89987.959105
-110.150938,499,90034.956905
-119.774727,499,90248.321201
-106.127933,499,90297.814558
-129.718953,499,90347.100017
-124.842817,499,90396.045238
-118.866059,499,90443.26154
-95.490901,499,90655.508235
-96.766969,499,90701.16941
-121.652775,499,90745.626987
-114.723034,499,90792.73287
-97.978366,499,90842.246679
-102.677971,499,91063.508569
-95.99696,499,91112.440504
-111.486645,499,91159.747085
-130.007811,499,91206.204885
-118.754504,499,91250.030755
-107.026567,499,91456.720003
-101.414217,499,91509.520985
-119.807818,499,91561.796878
-101.05643,499,91614.560787
-96.042517,499,91661.914408
-120.530437,499,91874.959138
-110.109854,499,91920.227092
-121.332591,499,91964.773151
-121.919253,499,92007.363717
-127.97756,499,92052.786622
-104.902644,499,92281.339162
-124.19694,499,92331.419584
-126.746019,499,92378.28029
-125.706512,499,92423.580235
-103.523132,499,92466.358075
-112.850041,499,92670.677588
-114.151036,499,92722.101966
-139.167114,499,92772.910491
-114.980739,499,92822.767239
-110.868933,499,92871.859924
-118.503243,499,93086.867579
-89.754077,499,93132.126172
-120.652406,499,93175.720044
-118.205564,499,93222.18294
-111.798399,499,93268.505388
-126.314213,499,93498.22419
-119.651441,499,93545.782488
-104.586405,499,93591.417902
-126.535287,499,93635.225339
-118.260413,499,93678.914807
-105.089741,499,93888.503229
-101.403097,499,93935.721367
-122.943791,499,93987.336637
-89.079425,499,94039.463495
-121.725881,499,94091.078659
-106.804862,499,94299.966231
-131.973127,499,94342.459554
-108.872368,499,94385.412013
-118.395114,499,94428.914241
-88.508786,499,94474.372011
-125.117385,499,94704.645528
-114.547372,499,94752.978615
-107.057331,499,94799.974357
-118.914207,499,94847.920373
-103.016516,499,94894.404473
-113.836724,499,95097.343778
-122.983129,499,95141.119483
-85.112524,499,95188.93597
-117.724138,499,95238.938531
-111.935286,499,95293.059721
-127.054604,499,95509.957976
-110.551255,499,95552.176862
-93.48836,499,95595.06527
-104.892782,499,95640.990144
-112.028247,499,95689.254835
-128.720316,499,95912.690854
-107.804043,499,95960.808654
-111.19139,499,96006.294627
-125.184111,499,96053.054859
-105.334618,499,96100.093084
-110.348022,499,96307.244791
-109.645198,499,96352.158659
-93.282883,499,96400.134546
-126.934584,499,96452.604563
-120.598847,499,96505.463235
-106.51263,499,96722.300168
-119.593758,499,96764.124835
-112.400616,499,96807.724566
-107.070704,499,96852.874265
-122.608086,499,96900.035088
-126.16001,499,97121.030935
-121.764166,499,97170.198778
-114.115643,499,97221.564189
-105.875442,499,97271.023538
-116.867426,499,97317.440057
-102.045172,499,97521.408667
-99.189003,499,97567.671597
-114.982137,499,97615.097126
-104.727123,499,97663.230712
-119.447258,499,97713.148973
-101.961631,499,97935.611113
-123.802374,499,97980.785159
-127.929435,499,98025.994908
-120.631691,499,98074.009344
-101.932386,499,98118.535386
-118.298082,499,98335.373845
-112.174874,499,98383.178426
-120.958022,499,98432.700421
-97.567547,499,98480.823478
-100.5587,499,98527.029022
-123.715353,499,98738.316244
-99.153895,499,98787.344406
-117.07235,499,98834.835759
-111.263736,499,98878.304125
-101.012469,499,98920.623287
-112.937545,499,99124.94045
-119.670081,499,99168.532918
-91.211515,499,99210.629886
-106.699641,499,99252.586021
-104.534719,499,99295.298153
-104.559338,499,99500.059207
-117.785936,499,99544.768132
-109.531835,499,99591.200129
-116.881338,499,99637.728415
-110.542319,499,99681.145283
-117.603968,499,99876.610578
-97.594059,499,99922.605889
-94.933041,499,99967.307548
-120.962289,499,100010.225142
-103.278212,499,100051.257535
-111.421958,499,100257.22927
-109.886556,499,100303.492534
-127.322617,499,100348.213814
-108.529034,499,100391.914697
-125.196005,499,100434.122602
-94.804087,499,100633.697959
-116.731494,499,100676.048216
-102.568125,499,100719.046521
-113.585513,499,100764.499683
-119.083817,499,100810.073452
-123.745351,499,101019.190013
-92.04693,499,101065.156683
-122.271754,499,101109.710447
-105.198771,499,101154.749839
-100.45453,499,101195.810857
-120.918213,499,101393.592223
-111.517937,499,101437.121492
-114.218336,499,101481.842103
-113.759051,499,101527.788143
-111.980047,499,101573.860034
-108.882696,499,101776.781642
-121.437572,499,101817.173804
-124.203251,499,101860.566801
-115.50624,499,101903.942242
-105.063459,499,101948.170406
-112.921773,499,102157.510251
-107.024541,499,102202.017328
-107.148473,499,102245.163207
-113.197411,499,102288.166196
-99.016818,499,102330.709097
-94.196718,499,102529.127996
-138.750646,499,102573.185588
-91.567229,499,102618.43555
-126.786941,499,102667.566271
-105.874311,499,102714.318249
-118.845826,499,102912.818776
-124.462609,499,102951.640298
-94.669853,499,102990.731045
-113.360463,499,103034.467982
-104.31503,499,103079.996652
-100.902585,499,103295.586677
-121.604466,499,103340.522488
-108.746573,499,103384.485771
-115.985004,499,103426.727654
-99.241785,499,103469.256121
-107.356615,499,103662.031407
-105.734068,499,103703.852962
-87.554695,499,103747.80949
-118.842505,499,103795.48684
-121.465117,499,103845.486164
-114.738816,499,104051.656704
-116.076293,499,104091.308071
-108.479724,499,104131.688569
-119.588363,499,104175.242669
-112.576528,499,104219.058472
-103.647112,499,104430.985534
-127.785859,499,104475.601926
-103.127637,499,104519.10549
-104.187107,499,104563.843615
-107.08289,499,104607.196653
-124.428928,499,104803.11747
-120.5425,499,104845.791985
-117.540239,499,104891.055059
-128.910844,499,104939.136844
-128.576643,499,104986.394631
-102.98633,499,105190.297843
-111.335286,499,105230.115911
-118.18596,499,105270.315968
-122.073654,499,105311.738169
-98.773847,499,105353.580586
-128.68299,499,105567.609901
-110.919919,499,105614.610387
-104.756715,499,105660.398452
-109.341431,499,105706.468139
-120.273581,499,105748.15611
-103.261191,499,105935.237799
-123.320691,499,105978.196034
-123.87027,499,106022.156122
-111.095987,499,106069.410183
-123.319071,499,106116.168607
-107.859889,499,106324.775535
-106.020731,499,106368.89477
-122.045401,499,106410.711999
-118.271012,499,106451.391999
-105.793359,499,106490.349074
-109.25373,499,106694.963348
-125.125132,499,106743.805816
-107.810476,499,106789.262526
-127.774468,499,106834.801046
-117.301368,499,106877.900003
-98.463669,499,107072.999012
-74.828248,499,107117.393709
-111.664742,499,107162.828483
-120.047978,499,107210.386788
-103.507079,499,107255.366382
-101.313252,499,107459.705073
-108.763202,499,107502.784694
-110.588796,499,107545.784325
-113.334585,499,107587.798152
-102.617482,499,107629.148434
-98.856858,499,107837.675493
-123.38877,499,107886.367519
-105.790589,499,107933.754664
-105.166921,499,107978.502463
-118.677995,499,108019.830301
-108.938774,499,108210.625272
-107.518609,499,108254.206071
-132.264234,499,108298.099983
-117.539467,499,108343.37098
-94.303246,499,108389.539808
-100.32397,499,108599.446372
-113.295194,499,108644.581717
-123.534137,499,108686.665158
-134.433975,499,108730.62723
-92.691248,499,108772.752195
-109.709183,499,108973.790303
-102.492917,499,109020.512349
-123.343154,499,109066.032198
-117.343754,499,109111.918333
-109.909588,499,109155.81122
-106.399887,499,109355.663294
-109.887347,499,109398.736764
-121.626519,499,109442.447394
-113.204691,499,109486.264175
-114.869048,499,109531.360494
-111.054779,499,109736.994791
-120.029732,499,109777.206794
-104.334104,499,109819.369033
-104.323853,499,109863.662751
-107.895259,499,109907.302158
-106.220531,499,110115.092008
-132.1792,499,110160.796239
-100.667937,499,110205.88422
-111.155417,499,110253.136149
-116.498566,499,110297.565378
-101.840519,499,110496.987219
-116.556296,499,110539.241317
-118.822501,499,110579.448274
-111.39723,499,110624.510378
-108.497891,499,110670.313429
-92.964809,499,110883.17894
-114.457862,499,110925.046153
-101.192582,499,110966.331182
-106.443396,499,111009.434167
-133.661767,499,111053.52244
-111.745763,499,111253.991433
-105.536058,499,111297.583814
-101.738488,499,111341.311538
-88.118357,499,111386.102807
-100.188518,499,111432.493695
-92.033826,499,111639.722097
-118.094147,499,111681.603116
-101.900811,499,111722.032169
-109.921787,499,111766.556957
-107.332058,499,111812.075377
-109.861017,499,112018.342613
-108.734234,499,112060.21805
-115.166416,499,112102.518777
-103.109066,499,112146.174296
-133.246345,499,112192.327495
-111.935159,499,112397.531725
-102.133807,499,112441.643193
-101.124988,499,112485.071047
-118.519847,499,112529.581795
-128.800105,499,112572.738534
-103.360149,499,112774.611955
-129.859694,499,112816.215011
-122.107739,499,112858.350191
-120.45542,499,112902.119815
-114.64175,499,112947.714878
-95.926625,499,113159.29495
-111.121927,499,113202.498714
-87.620275,499,113245.096098
-126.633526,499,113290.443303
-102.176775,499,113333.746365
-117.152849,499,113532.794365
-111.440505,499,113576.467803
-115.116912,499,113620.9485
-118.185972,499,113666.854302
-126.509947,499,113712.17782
-116.940368,499,113917.938405
-117.568621,499,113962.161122
-117.202817,499,114004.382924
-121.114703,499,114047.311085
-98.153981,499,114091.181315
-120.622015,499,114292.134004
-121.009826,499,114337.463784
-119.706754,499,114381.812466
-80.829845,499,114427.503101
-101.927938,499,114470.463828
-116.946259,499,114671.099111
-103.445422,499,114718.182499
-104.045346,499,114763.24788
-107.328793,499,114810.225582
-87.677115,499,114854.681254
-104.05709,499,115053.569933
-115.553296,499,115097.14727
-110.583876,499,115140.711402
-99.167679,499,115184.799317
-109.235761,499,115229.090629
-122.86716,499,115433.970654
-109.523437,499,115479.893533
-97.708236,499,115525.592173
-112.82348,499,115569.507264
-95.66516,499,115611.314587
-118.341103,499,115804.65048
-118.023991,499,115851.057692
-112.905249,499,115896.932218
-107.170883,499,115942.083287
-117.064701,499,115986.831888
-121.291028,499,116191.376472
-118.268703,499,116235.573342
-102.827826,499,116277.692145
-112.063773,499,116323.031436
-115.080456,499,116367.926634
-127.640942,499,116570.605824
-118.498221,499,116615.943146
-103.615966,499,116661.584799
-111.551875,499,116706.390103
-116.101601,499,116750.598435
-117.521862,499,116950.494785
-116.285912,499,116996.033781
-121.026981,499,117041.449336
-117.158705,499,117085.529495
-112.260249,499,117129.102144
-123.623699,499,117329.423859
-124.218712,499,117370.25056
-121.563435,499,117412.537321
-109.242102,499,117455.62314
-115.580934,499,117497.899293
-119.193165,499,117691.159422
-93.127205,499,117732.346195
-116.361404,499,117771.571808
-102.187455,499,117814.005765
-121.551117,499,117853.875361
-105.434172,499,117892.510758
-108.19699,499,118073.861941
-123.65671,499,118112.979057
-115.151112,499,118154.224162
-125.046062,499,118196.626108
-129.873242,499,118238.61895
-116.535137,499,118428.070996
-103.549119,499,118465.616473
-106.104312,499,118501.244494
-118.579264,499,118539.223732
-87.457917,499,118580.330482
-123.17871,499,118770.880715
-126.423397,499,118809.175896
-118.347146,499,118848.207457
-106.609532,499,118888.263433
-90.747304,499,118930.519081
-115.357361,499,119119.39553
-103.660425,499,119160.586126
-124.736359,499,119202.966981
-115.181639,499,119242.533108
-109.7378,499,119284.104363
-110.236734,499,119472.301003
-112.663951,499,119510.531462
-107.524469,499,119547.446646
-103.349806,499,119584.041475
-103.755799,499,119623.804513
-123.144082,499,119821.943272
-113.841505,499,119862.37516
-110.844134,499,119902.933583
-121.496312,499,119941.95877
-122.974489,499,119981.742861
-100.239877,499,120161.800786
-128.026587,499,120201.588472
-117.421747,499,120242.514626
-125.921437,499,120283.12545
-113.580913,499,120324.733275
-109.841281,499,120515.578827
-121.847135,499,120558.200314
-110.384208,499,120601.087235
-106.749654,499,120641.174958
-124.95896,499,120679.105706
-122.927088,499,120866.64805
-110.282614,499,120906.358842
-115.472643,499,120946.874942
-117.583655,499,120987.141903
-115.97593,499,121026.375708
-122.47856,499,121212.359696
-125.724603,499,121253.320635
-115.130351,499,121297.460897
-112.833964,499,121342.25807
-114.746429,499,121385.620333
-113.938,499,121563.626047
-110.616475,499,121605.022855
-113.885538,499,121647.262749
-103.52182,499,121689.216566
-119.323325,499,121728.995261
-107.214601,499,121916.44851
-110.188117,499,121960.09113
-121.276085,499,122004.894758
-113.137206,499,122046.46415
-108.133066,499,122087.329928
-106.69749,499,122266.792893
-96.703112,499,122307.997283
-99.504282,499,122349.325848
-121.979107,499,122393.011648
-101.32383,499,122435.848174
-117.328614,499,122617.792379
-100.827106,499,122658.800408
-111.735182,499,122701.010644
-98.662827,499,122745.981225
-109.639286,499,122789.108211
-111.627865,499,122975.490227
-106.622662,499,123017.559484
-101.939907,499,123058.673773
-106.417588,499,123098.492181
-114.666208,499,123135.43234
-103.350988,499,123320.567773
-120.80816,499,123364.175939
-113.027846,499,123408.876597
-118.664216,499,123450.590726
-106.473726,499,123492.67957
-103.403366,499,123678.801808
-107.77057,499,123716.246398
-129.054398,499,123753.475145
-109.220238,499,123791.755287
-113.458864,499,123831.546317
-117.755593,499,124026.473403
-95.448217,499,124069.586128
-116.121897,499,124112.298104
-111.636946,499,124152.138472
-118.173248,499,124190.835082
-130.483033,499,124371.499219
-121.568026,499,124412.675139
-108.73404,499,124454.747163
-116.631169,499,124494.902611
-129.525933,499,124535.476107
-118.388669,499,124727.103208
-103.857922,499,124767.149196
-119.209591,499,124807.384928
-109.511394,499,124844.485499
-101.116631,499,124881.43399
-118.254568,499,125080.061096
-111.373027,499,125121.95324
-111.595708,499,125162.242279
-132.263573,499,125201.618217
-107.980848,499,125240.211526
-133.000258,499,125414.974882
-102.159704,499,125455.90462
-122.452503,499,125496.751642
-119.110389,499,125538.857806
-96.439132,499,125581.129068
-100.798304,499,125776.830615
-116.464675,499,125816.7956
-114.831984,499,125854.733851
-124.046965,499,125891.462546
-107.431503,499,125927.408442
-124.548271,499,126109.730067
-97.676501,499,126153.156689
-105.856847,499,126199.457666
-93.530615,499,126243.209152
-106.759237,499,126283.723669
-132.300723,499,126469.406937
-107.697564,499,126508.387829
-103.997713,499,126547.111972
-112.71541,499,126585.972447
-114.583055,499,126626.042295
-108.050086,499,126820.320273
-112.733349,499,126859.814795
-95.744404,499,126900.300195
-129.294023,499,126941.444492
-109.725976,499,126982.965033
-96.770203,499,127167.011328
-121.263416,499,127206.559787
-121.669533,499,127249.794125
-111.663681,499,127295.221173
-125.769255,499,127340.790063
-115.519228,499,127521.222278
-121.553313,499,127559.168173
-109.658817,499,127598.927411
-109.165473,499,127639.579511
-117.202639,499,127680.371129
-119.12994,499,127878.679512
-101.433444,499,127922.279909
-124.898448,499,127961.632768
-111.217222,499,128002.141286
-114.301734,499,128043.843546
-96.291492,499,128220.262457
-129.012272,499,128257.080166
-113.162475,499,128295.282738
-126.680316,499,128336.446686
-114.981681,499,128384.329225
-112.176913,499,128582.629
-119.301754,499,128622.170172
-118.995878,499,128661.512629
-115.45004,499,128699.836308
-109.983617,499,128739.34133
-115.474422,499,128918.307792
-121.738659,499,128962.154871
-112.348196,499,129008.925414
-109.2133,499,129051.736143
-112.693766,499,129092.897418
-119.155333,499,129281.799967
-120.517991,499,129320.446886
-105.789631,499,129359.43999
-93.887673,499,129396.427996
-101.005241,499,129435.40342
-115.007693,499,129632.494165
-118.721884,499,129671.862935
-112.076983,499,129712.256421
-120.323797,499,129751.283379
-110.646832,499,129790.206818
-112.94183,499,129971.000704
-104.919092,499,130013.588434
-110.670228,499,130058.381101
-110.589751,499,130104.015385
-106.141652,499,130147.052604
-115.790794,499,130328.962065
-118.177254,499,130369.961649
-105.417383,499,130410.707831
-115.221385,499,130446.796042
-125.751811,499,130482.204233
-102.672873,499,130676.423587
-114.940959,499,130722.104746
-101.99827,499,130765.846916
-112.175093,499,130807.000016
-131.981856,499,130846.120482
-123.702605,499,131016.807605
-100.988146,499,131056.768317
-122.718212,499,131099.794844
-114.072869,499,131142.078678
-104.106934,499,131184.394413
-118.476914,499,131374.094371
-112.472147,499,131417.518256
-113.279495,499,131459.679164
-124.130959,499,131499.619722
-130.162678,499,131537.343016
-122.285042,499,131717.069926
-118.383198,499,131761.848786
-111.440439,499,131807.283911
-111.560233,499,131849.898889
-106.626469,499,131890.106716
-111.190397,499,132069.586664
-122.155716,499,132108.144099
-108.961133,499,132148.492097
-132.616827,499,132189.975138
-108.22574,499,132233.491726
-109.646627,499,132424.433123
-133.313346,499,132464.812172
-93.906259,499,132504.657955
-125.134875,499,132543.57831
-122.985671,499,132582.050164
-111.455017,499,132764.177354
-105.974842,499,132806.558159
-111.46192,499,132848.071529
-108.223664,499,132890.622226
-108.678715,499,132934.432564
-105.651307,499,133122.508987
-127.48017,499,133159.699475
-116.278686,499,133198.177385
-107.441432,499,133236.158864
-105.244824,499,133276.424964
-106.477416,499,133469.186565
-104.430026,499,133510.523182
-103.056571,499,133551.376112
-120.667213,499,133590.209823
-102.677453,499,133630.126219
-119.898593,499,133820.307202
-110.839984,499,133859.486714
-99.518604,499,133898.55868
-100.794762,499,133936.986037
-112.755752,499,133976.669024
-108.202448,499,134165.773383
-135.510933,499,134206.482776
-117.798363,499,134245.679604
-118.070775,499,134285.49685
-113.304237,499,134324.864573
-113.106993,499,134517.364048
-122.382474,499,134558.397418
-113.289113,499,134600.060994
-131.675171,499,134637.743006
-119.710971,499,134676.79896
-111.718906,499,134860.475331
-109.191952,499,134901.180139
-110.668306,499,134941.083543
-117.117634,499,134981.028041
-98.219049,499,135021.697363
-118.298184,499,135211.688242
-127.471003,499,135252.266804
-106.097705,499,135291.675388
-114.429088,499,135331.450327
-122.361725,499,135371.014378
-104.173247,499,135556.498032
-123.175769,499,135596.041707
-111.308041,499,135635.700047
-109.263454,499,135677.049884
-107.034794,499,135718.548275
-118.035904,499,135905.003973
-93.350529,499,135947.318185
-131.418903,499,135990.56461
-110.663013,499,136031.927289
-112.55129,499,136072.874147
-109.257291,499,136251.057259
-104.532381,499,136289.70981
-112.036961,499,136329.538259
-113.817693,499,136371.460141
-125.56465,499,136414.106717
-112.11122,499,136607.164046
-108.310642,499,136647.236036
-113.044512,499,136685.818316
-122.995575,499,136724.9757
-105.622486,499,136766.11133
-99.786456,499,136948.764205
-95.596161,499,136986.593338
-118.04903,499,137025.668704
-111.47134,499,137069.834156
-108.475142,499,137114.67848
-107.871416,499,137299.567165
-118.24363,499,137339.455269
-110.860584,499,137382.452863
-111.239573,499,137423.462225
-111.231068,499,137464.948834
-113.583563,499,137654.681325
-106.556919,499,137694.983292
-118.223745,499,137732.564014
-121.999128,499,137770.422698
-101.387011,499,137810.503666
-98.079582,499,138002.067573
-116.135729,499,138041.302255
-121.563993,499,138079.535076
-124.431408,499,138121.727518
-96.991314,499,138165.015019
-125.295909,499,138349.559232
-109.281133,499,138387.134995
-102.531264,499,138426.606612
-121.852941,499,138467.724902
-118.643403,499,138507.963869
-112.965725,499,138697.987205
-124.122388,499,138741.124745
-137.524051,499,138786.840066
-118.071725,499,138828.310123
-118.544718,499,138866.351764
-115.191623,499,139050.473065
-113.699399,499,139090.320293
-105.969532,499,139129.885024
-120.891696,499,139169.087252
-104.317546,499,139207.784515
-110.059064,499,139399.585417
-113.023532,499,139439.203294
-100.012597,499,139481.297221
-124.680466,499,139522.590235
-130.904997,499,139564.067095
-100.390385,499,139742.879838
-117.594452,499,139784.797372
-116.629715,499,139829.076198
-130.776558,499,139871.678014
-105.474348,499,139912.792574
-102.498039,499,140096.54825
-109.258708,499,140138.414785
-106.977349,499,140183.102397
-109.534436,499,140225.817843
-122.072512,499,140266.3324
-131.178907,499,140451.366699
-95.374298,499,140492.076886
-90.271847,499,140533.139517
-120.760976,499,140573.738728
-96.227771,499,140612.461376
-120.93372,499,140795.847873
-113.487895,499,140837.896834
-105.011199,499,140880.07937
-112.522558,499,140922.76093
-113.254605,499,140967.05753
-94.590565,499,141152.022943
-112.258586,499,141191.021279
-104.437309,499,141230.535815
-116.006031,499,141271.905324
-114.349529,499,141312.561769
-120.083608,499,141496.701658
-109.085334,499,141540.264953
-108.443084,499,141584.831372
-106.705334,499,141627.893254
-123.690456,499,141670.57946
-110.975146,499,141858.224229
-130.744632,499,141898.152856
-112.9415,499,141936.910298
-103.068804,499,141976.991019
-126.655679,499,142017.109855
-106.963434,499,142207.094422
-110.428403,499,142247.335258
-117.110967,499,142286.12261
-123.985425,499,142327.077714
-107.377463,499,142369.116491
-112.158018,499,142559.612755
-132.774292,499,142598.910857
-127.922771,499,142636.733495
-110.393712,499,142675.582573
-112.413965,499,142715.42779
-109.349423,499,142902.734035
-112.9987,499,142943.616347
-124.203379,499,142984.67546
-109.360027,499,143024.886411
-104.235333,499,143065.355963
-103.597905,499,143258.103238
-124.654363,499,143297.079749
-116.268027,499,143336.660378
-113.057097,499,143375.601499
-96.470853,499,143414.357013
-106.510448,499,143602.987877
-120.045529,499,143643.968009
-93.911697,499,143683.910837
-94.025682,499,143722.42817
-108.606614,499,143760.921237
-106.495755,499,143955.405178
-125.219008,499,143994.84853
-114.575397,499,144033.112537
-108.416393,499,144070.94037
-111.051715,499,144111.226552
-110.968672,499,144298.084145
-97.795151,499,144335.738032
-103.299252,499,144377.702244
-115.719182,499,144419.247086
-105.93378,499,144460.850777
-117.198653,499,144652.80001
-120.150403,499,144696.579008
-134.609952,499,144737.975187
-104.658547,499,144778.731514
-124.256837,499,144816.876145
-123.275634,499,144997.513229
-120.394899,499,145039.393279
-112.880279,499,145079.751898
-109.33714,499,145120.516042
-118.382726,499,145161.697425
-127.157754,499,145355.970737
-108.64938,499,145394.842823
-104.128659,499,145433.353798
-129.998957,499,145473.826369
-101.104902,499,145514.221802
-109.789203,499,145697.510045
-124.696922,499,145739.773858
-110.374203,499,145785.766747
-120.736179,499,145830.3661
-128.73529,499,145872.911066
-117.664302,499,146052.999139
-122.057634,499,146093.575173
-122.32633,499,146135.613844
-112.664459,499,146178.105094
-108.823668,499,146220.451529
-119.359955,499,146409.352985
-97.833788,499,146446.129587
-108.601874,499,146484.45557
-110.457748,499,146524.46035
-102.93246,499,146565.49793
-106.046811,499,146753.654132
-131.527922,499,146796.617435
-97.966394,499,146840.613757
-116.3263,499,146885.978582
-115.825976,499,146928.961005
-114.383536,499,147106.377788
-127.792075,499,147143.766957
-104.898463,499,147184.537688
-110.503634,499,147224.929267
-120.488672,499,147266.187306
-101.795216,499,147465.103703
-114.973826,499,147506.962267
-119.369407,499,147548.91883
-123.211018,499,147588.751449
-90.972422,499,147627.233836
-100.680805,499,147803.976061
-85.183789,499,147845.709488
-102.196574,499,147888.270678
-123.994383,499,147930.607558
-100.66117,499,147973.424346
-117.79725,499,148162.047732
-97.522939,499,148201.428951
-108.585513,499,148239.258839
-115.847172,499,148278.052733
-108.87585,499,148317.362591
-98.946541,499,148507.463264
-127.32032,499,148552.077609
-109.930094,499,148597.035427
-102.910479,499,148636.939375
-110.204383,499,148675.034755
-123.954877,499,148849.484864
-121.267164,499,148892.232022
-123.374281,499,148935.004699
-102.263289,499,148978.142901
-133.327248,499,149020.558424
-103.598081,499,149211.344121
-110.149103,499,149250.650779
-121.962693,499,149288.402547
-121.947147,499,149325.374121
-99.539822,499,149361.990504
-116.622268,499,149549.575127
-111.422911,499,149595.508728
-113.491872,499,149641.008581
-107.075391,499,149686.020916
-137.139516,499,149726.477016
-127.879427,499,149898.663433
-124.57272,499,149937.853653
-113.190208,499,149981.507704
-104.229071,499,150021.333217
-121.214553,499,150060.604042
-115.151617,499,150255.342615
-106.569853,499,150296.682964
-106.132941,499,150337.086
-123.710745,499,150376.705383
-123.205325,499,150415.960867
-113.116814,499,150597.358478
-121.374441,499,150639.009086
-103.209596,499,150684.31212
-111.111203,499,150727.921349
-124.987386,499,150770.144483
-110.958993,499,150952.621818
-98.115538,499,150992.708588
-97.036893,499,151032.746437
-109.836875,499,151072.850125
-113.083626,499,151115.616203
-105.294458,499,151313.70295
-118.088403,499,151355.397581
-107.478053,499,151397.595098
-116.447794,499,151436.86789
-104.987452,499,151476.879595
-108.643028,499,151657.022243
-117.231342,499,151697.583224
-110.631864,499,151741.226492
-106.068502,499,151786.840594
-110.484125,499,151832.333379
-129.51918,499,152024.262688
-107.469369,499,152062.082026
-118.809369,499,152100.622221
-101.412394,499,152138.546337
-114.993367,499,152177.379565
-98.032087,499,152374.379138
-106.341827,499,152415.515019
-122.358918,499,152456.99875
-122.467489,499,152499.935773
-95.857966,499,152542.126521
-113.642312,499,152723.356068
-105.040513,499,152761.60646
-103.790268,499,152804.919943
-120.367177,499,152848.209983
-123.738697,499,152891.816783
-108.771265,499,152935.104138
-121.971308,499,153120.128284
-120.683428,499,153159.168025
-110.68364,499,153198.277299
-118.122011,499,153236.69416
-125.584104,499,153276.844292
-120.943119,499,153474.44493
-105.810359,499,153514.892321
-86.083497,499,153555.701216
-123.47525,499,153598.129764
-105.401175,499,153639.418243
-131.642308,499,153813.380603
-104.359055,499,153854.221044
-108.558034,499,153897.227174
-126.175436,499,153942.156047
-89.872756,499,153984.825725
-131.008008,499,154177.340034
-115.085752,499,154220.886483
-124.54824,499,154261.488127
-117.731809,499,154299.722693
-96.630901,499,154336.540801
-108.138888,499,154524.404278
-107.664722,499,154568.59553
-97.431782,499,154612.984613
-124.052611,499,154654.37662
-101.17519,499,154695.430113
-112.887676,499,154879.939159
-106.872195,499,154920.863594
-111.773129,499,154961.777329
-106.133474,499,155002.787162
-94.777309,499,155043.701612
-116.832371,499,155231.411106
-107.3285,499,155274.449407
-115.830294,499,155316.716779
-106.382403,499,155357.827087
-106.032869,499,155396.957335
-119.808694,499,155586.243273
-114.735175,499,155632.202678
-101.62324,499,155676.69739
-129.006773,499,155719.322852
-104.997979,499,155758.871303
-99.509306,499,155938.346711
-105.094951,499,155979.627156
-110.342655,499,156021.181494
-119.802323,499,156062.449658
-112.175544,499,156103.334919
-122.615814,499,156298.959348
-115.662929,499,156339.44821
-117.440936,499,156380.007379
-108.737427,499,156420.511098
-121.342206,499,156460.582144
-119.992762,499,156643.104546
-110.746004,499,156684.067398
-117.862127,499,156726.613619
-117.708696,499,156770.802256
-104.248699,499,156814.03417
-108.479041,499,156999.362541
-127.618522,499,157043.396163
-125.493117,499,157084.302401
-116.203584,499,157125.099519
-126.369363,499,157164.966952
-105.786183,499,157353.71603
-108.917179,499,157393.094093
-109.733836,499,157431.039924
-91.548677,499,157471.674501
-126.599637,499,157513.834928
-111.00823,499,157703.642995
-108.589,499,157743.087872
-105.288427,499,157783.878737
-123.897297,499,157824.897517
-107.077742,499,157867.898701
-108.925525,499,158048.785846
-117.121542,499,158087.823219
-103.037229,499,158128.191552
-73.761061,499,158169.850661
-110.059647,499,158212.826908
-107.186284,499,158407.255417
-86.257626,499,158450.404398
-110.463905,499,158491.07462
-107.297152,499,158531.049876
-110.264061,499,158571.336757
-111.598773,499,158759.292489
-104.367649,499,158798.705392
-101.3906,499,158837.443412
-120.81431,499,158877.648614
-104.23843,499,158920.141644
-102.087618,499,159113.123571
-122.763644,499,159152.507076
-104.586392,499,159193.714807
-116.617665,499,159235.389594
-134.156698,499,159278.408756
-121.019353,499,159464.557982
-101.679827,499,159503.128075
-94.51865,499,159542.791053
-112.742053,499,159582.750356
-130.250484,499,159624.116482
-125.237702,499,159814.635345
-89.917491,499,159859.254469
-111.261638,499,159902.205375
-111.120947,499,159944.102705
-123.95215,499,159984.399928
-115.01485,499,160167.005871
-108.769308,499,160207.161078
-110.931633,499,160247.575247
-114.983041,499,160288.830531
-125.08417,499,160329.190781
-120.425574,499,160521.088339
-114.608061,499,160562.07006
-121.297349,499,160602.686024
-114.643789,499,160644.649279
-101.478332,499,160686.86127
-103.669845,499,160869.300204
-117.024371,499,160910.574924
-113.897208,499,160953.870885
-129.595824,499,160996.640106
-93.126008,499,161037.061763
-110.224871,499,161223.29838
-138.580588,499,161268.660232
-96.202289,499,161313.000029
-120.637363,499,161354.771012
-116.131721,499,161395.710387
-127.177946,499,161582.060239
-103.489034,499,161622.291489
-99.391615,499,161662.953189
-117.534678,499,161701.894901
-111.89667,499,161741.251106
-113.343911,499,161930.390919
-120.66835,499,161972.836325
-106.434661,499,162015.801509
-97.050708,499,162060.18351
-111.910138,499,162102.165591
-93.928328,499,162282.647367
-95.401113,499,162323.652227
-110.593299,499,162364.603407
-116.347982,499,162405.390246
-110.241619,499,162446.364886
-113.585794,499,162637.493453
-117.693334,499,162681.072114
-98.525335,499,162721.488775
-112.427938,499,162762.267106
-114.005311,499,162804.301576
-105.719231,499,162992.505939
-127.192109,499,163032.264138
-116.996561,499,163071.52383
-108.703458,499,163112.003715
-102.133286,499,163152.33534
-111.643427,499,163342.074131
-129.077189,499,163382.615395
-120.797675,499,163422.108733
-128.617869,499,163462.898785
-119.619038,499,163504.406854
-120.805592,499,163698.512316
-119.315555,499,163737.241795
-103.823552,499,163775.167604
-116.770474,499,163814.168003
-107.228497,499,163854.49942
-119.598526,499,164044.360995
-112.74974,499,164088.988836
-116.744066,499,164130.718233
-119.251063,499,164171.071703
-119.901597,499,164214.082093
-102.408591,499,164407.526278
-106.396316,499,164447.728005
-103.077384,499,164487.558224
-109.606279,499,164524.818132
-123.546191,499,164566.068412
-117.976528,499,164765.824153
-100.25115,499,164807.464846
-124.72737,499,164848.035997
-115.06995,499,164888.377189
-127.84921,499,164931.091806
-84.624063,499,165126.072413
-102.751336,499,165167.794191
-118.212892,499,165209.471244
-115.932251,499,165250.283306
-99.778302,499,165291.789071
-110.706717,499,165481.966823
-88.258382,499,165526.462852
-101.186512,499,165568.055037
-120.863631,499,165607.514467
-110.902946,499,165650.580439
-111.173862,499,165850.446979
-97.029907,499,165890.836357
-114.365278,499,165930.972064
-112.680724,499,165970.989085
-93.543724,499,166012.090204
-118.263256,499,166201.73002
-105.117434,499,166245.497779
-112.141525,499,166289.668941
-119.115125,499,166332.080795
-120.349476,499,166375.137213
-92.97873,499,166565.803986
-119.953496,499,166607.533332
-119.317366,499,166648.766438
-122.289007,499,166688.905309
-97.726822,499,166728.151498
-109.271213,499,166921.74755
-102.437458,499,166966.306812
-128.873276,499,167009.199198
-110.504775,499,167051.403012
-105.637579,499,167092.032914
-106.116305,499,167286.516103
-96.55623,499,167329.136096
-115.789868,499,167371.858541
-111.740501,499,167412.924471
-109.88661,499,167453.571182
-117.119622,499,167643.718055
-111.934711,499,167686.87665
-128.75545,499,167728.995437
-123.344895,499,167770.974304
-127.387405,499,167810.753649
-103.110596,499,168006.672867
-102.744878,499,168049.089132
-111.938179,499,168089.486661
-101.954241,499,168130.835882
-114.636312,499,168170.049921
-105.053803,499,168360.044915
-124.679174,499,168405.743986
-101.479434,499,168448.106174
-118.787503,499,168490.694105
-115.310396,499,168532.501973
-116.48067,499,168729.367685
-107.587763,499,168772.02787
-102.876642,499,168811.689823
-119.926609,499,168852.441019
-100.618824,499,168891.484216
-106.472706,499,169083.220415
-113.750945,499,169126.698524
-98.246129,499,169169.489216
-114.359862,499,169212.249872
-106.010978,499,169253.51435
-116.676584,499,169450.131228
-101.407553,499,169491.896513
-94.602846,499,169532.034632
-104.34057,499,169572.688081
-106.957275,499,169613.321815
-117.158846,499,169804.75454
-99.460981,499,169849.248096
-113.350016,499,169890.525479
-114.14597,499,169933.756
-109.064885,499,169976.107882
-105.808267,499,170170.875767
-104.218522,499,170212.377975
-106.58187,499,170253.924943
-118.675859,499,170296.30506
-109.181765,499,170336.987951
-100.608447,499,170526.611206
-108.147615,499,170568.170929
-118.640922,499,170610.163965
-120.147072,499,170652.416016
-124.283547,499,170695.470186
-122.017113,499,170892.84411
-130.137507,499,170933.017675
-118.774617,499,170973.895484
-105.054534,499,171015.754865
-119.991607,499,171058.04301
-117.868463,499,171242.481561
-97.355229,499,171286.103084
-110.11779,499,171330.969098
-104.378079,499,171376.022236
-116.738774,499,171419.58188
-114.52347,499,171612.997595
-129.36266,499,171654.404488
-126.679056,499,171695.702849
-116.183747,499,171737.62886
-106.431819,499,171778.254877
-105.354499,499,171969.053816
-118.317323,499,172008.944598
-115.323759,499,172051.860534
-95.120381,499,172095.911982
-104.29382,499,172139.551904
-114.568788,499,172329.210508
-114.363563,499,172371.454526
-109.526771,499,172415.711145
-120.755593,499,172459.865515
-97.491017,499,172502.295861
-119.912892,499,172690.744541
-115.741023,499,172734.453022
-106.990535,499,172776.93684
-104.356162,499,172819.789879
-115.74303,499,172860.787054
-112.455993,499,173058.231861
-114.583881,499,173099.35082
-100.84542,499,173140.585079
-116.827929,499,173182.833822
-103.259283,499,173224.30884
-114.681554,499,173409.615758
-97.32672,499,173449.467975
-104.930795,499,173492.884346
-117.005788,499,173536.246025
-103.730393,499,173580.105839
-103.40855,499,173774.50984
-107.35089,499,173816.517857
-129.344129,499,173857.319155
-95.681967,499,173897.067099
-126.018018,499,173937.168945
-115.126954,499,174131.221968
-116.640393,499,174173.36115
-94.105089,499,174214.604811
-107.394324,499,174256.545213
-112.899726,499,174299.678827
-123.154347,499,174492.720927
-88.832033,499,174533.208301
-116.711821,499,174575.142624
-95.509247,499,174617.648528
-96.017761,499,174661.255749
-117.458202,499,174853.621661
-111.467147,499,174893.669123
-112.810213,499,174933.703906
-126.98849,499,174975.277916
-128.792697,499,175016.562774
-122.468047,499,175215.209661
-119.530252,499,175256.33821
-128.965721,499,175296.792567
-108.888757,499,175338.648123
-102.254635,499,175381.025364
-111.981727,499,175570.187201
-110.380827,499,175610.446984
-104.668404,499,175650.576582
-126.103001,499,175694.720646
-93.618496,499,175739.125211
-97.93646,499,175938.078915
-131.658539,499,175979.295791
-94.532086,499,176019.844726
-120.015276,499,176060.595203
-99.713591,499,176101.308232
-117.258714,499,176293.553492
-119.165449,499,176333.447426
-91.427943,499,176374.429493
-104.510414,499,176417.620332
-98.004955,499,176462.055273
-92.520693,499,176655.018272
-114.223746,499,176694.773199
-119.147899,499,176735.694677
-105.456056,499,176777.872297
-93.595402,499,176821.537374
-102.437079,499,177014.886085
-100.216545,499,177057.450803
-106.786811,499,177097.776866
-116.744891,499,177139.352025
-110.512419,499,177180.998052
-107.992207,499,177376.467913
-106.982625,499,177418.417931
-117.347537,499,177462.208926
-110.840575,499,177504.217404
-120.358977,499,177545.849534
-95.753284,499,177734.613659
-121.828509,499,177773.630401
-107.493315,499,177813.65196
-100.572491,499,177853.972491
-103.317011,499,177897.160432
-122.997917,499,178097.143555
-130.742824,499,178139.986176
-108.302103,499,178182.429209
-121.237554,499,178222.698748
-129.057325,499,178262.133716
-109.720643,499,178450.025793
-103.344171,499,178495.123777
-120.369716,499,178536.439512
-117.717413,499,178578.167233
-103.45107,499,178620.14564
-129.174171,499,178816.699904
-109.439385,499,178857.930484
-112.860146,499,178898.970844
-100.60718,499,178938.433653
-141.898852,499,178979.383493
-109.661718,499,179176.042493
-122.46144,499,179217.015041
-120.252918,499,179257.914448
-105.915939,499,179296.735991
-119.863366,499,179337.045995
-99.199985,499,179530.930174
-113.764363,499,179573.026784
-114.486746,499,179615.740571
-116.925173,499,179657.698058
-109.032786,499,179699.116599
-102.266553,499,179891.819281
-115.174656,499,179934.019608
-102.853083,499,179973.526386
-117.595113,499,180011.814626
-123.588548,499,180051.296136
-105.49317,499,180254.352669
-98.046078,499,180297.383413
-100.358797,499,180339.929965
-112.308795,499,180380.395426
-113.036984,499,180420.632097
-114.349604,499,180609.537633
-119.495901,499,180649.486371
-111.39485,499,180690.717502
-107.227933,499,180731.403556
-102.98173,499,180772.410524
-105.646454,499,180973.000641
-115.967761,499,181013.578688
-93.841736,499,181054.352947
-96.899222,499,181094.277036
-125.706343,499,181134.762415
-118.527783,499,181327.445667
-109.318206,499,181371.999875
-128.902189,499,181413.80374
-116.916511,499,181455.113221
-112.066077,499,181495.95022
-91.510116,499,181688.144144
-105.257855,499,181730.477254
-129.234393,499,181772.522448
-129.249518,499,181815.026432
-99.337633,499,181857.535583
-117.021895,499,182052.602074
-114.290063,499,182092.049077
-109.560796,499,182131.470266
-109.723715,499,182170.819151
-112.354439,499,182211.351927
-114.046635,499,182406.390067
-122.100779,499,182450.66271
-131.288676,499,182494.06749
-116.426864,499,182537.613524
-109.951634,499,182579.908927
-116.758006,499,182764.397388
-108.597147,499,182808.246655
-99.501505,499,182848.63211
-99.698673,499,182889.348845
-110.206921,499,182930.745145
-99.645114,499,183130.577519
-129.704885,499,183172.855449
-92.775398,499,183213.097648
-117.532009,499,183254.564072
-130.953291,499,183296.288358
-94.939855,499,183482.910929
-111.295377,499,183526.561775
-131.5523,499,183570.218474
-116.244035,499,183613.492
-107.731406,499,183654.899905
-92.917706,499,183843.404059
-111.069348,499,183886.562275
-112.161334,499,183928.702677
-106.154749,499,183969.522492
-132.179466,499,184012.093595
-121.504967,499,184207.871357
-110.008308,499,184251.734192
-105.066131,499,184291.002947
-114.350393,499,184330.306093
-94.440907,499,184369.028663
-106.070746,499,184558.859596
-113.075122,499,184603.496628
-106.33743,499,184648.322196
-117.602822,499,184693.679659
-112.486258,499,184736.294444
-104.639026,499,184922.998033
-104.070852,499,184963.639556
-114.078937,499,185003.746454
-101.449997,499,185042.072305
-130.688472,499,185080.787487
-112.335763,499,185282.73668
-98.426992,499,185324.53816
-100.157918,499,185365.786931
-115.626096,499,185405.902669
-132.510517,499,185446.019675
-112.708624,499,185632.870026
-130.827559,499,185677.281238
-121.632305,499,185720.242334
-115.950608,499,185763.710464
-113.148945,499,185806.728055
-104.170655,499,185998.446152
-105.58548,499,186039.755571
-105.941088,499,186080.659299
-117.548808,499,186120.596287
-112.911458,499,186160.701599
-109.939695,499,186362.099388
-110.480191,499,186402.742903
-110.890243,499,186441.896868
-114.033591,499,186480.412416
-121.487126,499,186520.062037
-115.485829,499,186707.240351
-116.001411,499,186748.762709
-113.520477,499,186792.136033
-114.207218,499,186836.30073
-95.812044,499,186882.000356
-118.726598,499,187072.920303
-113.96892,499,187114.397299
-119.885302,499,187153.396719
-108.222714,499,187192.332573
-103.832451,499,187231.254649
-114.393409,499,187431.814145
-119.13075,499,187474.37997
-102.636072,499,187516.480078
-104.243491,499,187557.748305
-84.568966,499,187599.022632
-103.626991,499,187785.123447
-118.774753,499,187824.003451
-109.034874,499,187866.702236
-109.252119,499,187910.947147
-92.34302,499,187956.070793
-115.007931,499,188147.337374
-107.323428,499,188187.228231
-99.409886,499,188228.603492
-112.147969,499,188270.388348
-118.591544,499,188311.97082
-115.552102,499,188352.249512
-113.017097,499,188555.045495
-110.256094,499,188596.040373
-109.578394,499,188636.289529
-109.730939,499,188676.078099
-118.84993,499,188714.662665
-120.807925,499,188897.859402
-102.951647,499,188939.852332
-101.381557,499,188985.726675
-107.754825,499,189031.169801
-121.295866,499,189077.611995
-112.719748,499,189265.570448
-101.609317,499,189305.631968
-111.52743,499,189346.590237
-115.297554,499,189385.511863
-105.26102,499,189424.675359
-113.182886,499,189623.450186
-122.289742,499,189668.051979
-112.566512,499,189709.71602
-123.151098,499,189751.08235
-127.091222,499,189790.355676
-116.063776,499,189976.345591
-114.620272,499,190016.330333
-120.163301,499,190058.30446
-107.111474,499,190101.594231
-114.103756,499,190145.724823
-88.851881,499,190339.050214
-113.809742,499,190379.305912
-99.015614,499,190420.563519
-120.957564,499,190460.267918
-102.029129,499,190499.243348
-117.342487,499,190697.320045
-118.895575,499,190742.219826
-107.916992,499,190782.9634
-118.466838,499,190822.350227
-126.732627,499,190860.535143
-133.617851,499,191044.193976
-104.432298,499,191084.716047
-102.648818,499,191124.846953
-113.889398,499,191168.427517
-88.820943,499,191213.6546
-120.531129,499,191416.051804
-123.748255,499,191455.953029
-112.359365,499,191494.583744
-101.75289,499,191533.076005
-97.810327,499,191571.196424
-108.929345,499,191762.361629
-101.790043,499,191809.126997
-114.250761,499,191853.432074
-110.04355,499,191893.942258
-109.699357,499,191934.062565
-108.289854,499,192122.747709
-114.657604,499,192161.384404
-102.146876,499,192199.498995
-95.908448,499,192240.056862
-101.659204,499,192284.217233
-119.600624,499,192480.337008
-117.543166,499,192520.288939
-108.565353,499,192559.331309
-114.213027,499,192599.929867
-117.180756,499,192639.670514
-97.606075,499,192837.372731
-130.69543,499,192882.150181
-114.581991,499,192926.526381
-119.298409,499,192968.122477
-116.133396,499,193006.31312
-107.454071,499,193188.876602
-128.381358,499,193228.994492
-110.337491,499,193269.893077
-110.211918,499,193310.476949
-118.838702,499,193354.212584
-120.432423,499,193556.870672
-109.983388,499,193597.046987
-107.949334,499,193636.833076
-118.904901,499,193676.086278
-123.515089,499,193715.733682
-117.009452,499,193899.793659
-120.726151,499,193944.951859
-110.42694,499,193990.848458
-111.413524,499,194035.675083
-120.009484,499,194077.325879
-112.946775,499,194268.154537
-108.870294,499,194309.811181
-110.776702,499,194350.379216
-113.298945,499,194389.523842
-117.782716,499,194430.182112
-103.564354,499,194628.195958
-104.808714,499,194669.615062
-116.320881,499,194710.345993
-122.676345,499,194752.175033
-109.653877,499,194793.505572
-103.067711,499,194983.319997
-89.330385,499,195029.127513
-103.304494,499,195074.424034
-111.992448,499,195119.083689
-100.003334,499,195159.337033
-114.561713,499,195342.330476
-96.101941,499,195382.744634
-108.684286,499,195424.606214
-98.76664,499,195465.516175
-104.272421,499,195506.804605
-107.286596,499,195712.658498
-108.915696,499,195755.86979
-97.386314,499,195797.030866
-120.896467,499,195837.420231
-119.573103,499,195876.449363
-103.313897,499,196058.863564
-118.150311,499,196103.481269
-112.667881,499,196148.564211
-121.05319,499,196194.868604
-106.745885,499,196237.42803
-109.764132,499,196426.770881
-105.122879,499,196469.556256
-121.890632,499,196510.869819
-109.862595,499,196551.017014
-108.946236,499,196589.81104
-115.331107,499,196787.135061
-91.244278,499,196830.064275
-108.808064,499,196871.257083
-105.741954,499,196912.154759
-115.96467,499,196952.594031
-124.04245,499,197145.189638
-114.957589,499,197189.471093
-109.902087,499,197233.912601
-113.291411,499,197277.695697
-122.813982,499,197319.879514
-113.792502,499,197505.794801
-97.64201,499,197546.778749
-116.709282,499,197587.492889
-91.375668,499,197628.786725
-109.343854,499,197669.987051
-116.066912,499,197873.09767
-107.597583,499,197916.883988
-111.196127,499,197958.210203
-121.631263,499,197997.514029
-102.420164,499,198037.018301
-127.135433,499,198221.775316
-111.866514,499,198261.755555
-113.983676,499,198303.765859
-113.337514,499,198347.572656
-108.703228,499,198392.530228
-104.50136,499,198587.801829
-114.884171,499,198630.205806
-110.67007,499,198671.476554
-121.509312,499,198712.342994
-110.675589,499,198752.371594
-124.466888,499,198944.471255
-93.728502,499,198987.943445
-110.141993,499,199030.398974
-90.722989,499,199071.46129
-104.167897,499,199113.194222
-128.043624,499,199302.786105
-101.693085,499,199343.378676
-100.161451,499,199387.224343
-103.184117,499,199429.767779
-108.499626,499,199473.847291
-106.403818,499,199663.064055
-117.535872,499,199705.294168
-110.772779,499,199746.813524
-124.81591,499,199788.842844
-114.426245,499,199831.198663
-102.011127,499,200024.928189
-114.412348,499,200070.646773
-116.173878,499,200114.791208
-127.218022,499,200157.929189
-123.317486,499,200197.929129
-110.485923,499,200382.528141
-119.457563,499,200422.924643
-107.422428,499,200464.23923
-102.112002,499,200506.785975
-120.34686,499,200550.599981
-114.379797,499,200747.321016
-98.286396,499,200791.061486
-123.051121,499,200834.385237
-107.882567,499,200877.068439
-108.284243,499,200916.955825
-104.916134,499,201100.734489
-139.634471,499,201146.81983
-108.645662,499,201191.256122
-124.689157,499,201233.376384
-113.973119,499,201274.188083
-109.018467,499,201466.526455
-112.440306,499,201509.033617
-120.858032,499,201550.265864
-107.956654,499,201592.636436
-104.615753,499,201634.217107
-115.481888,499,201826.4422
-115.144002,499,201869.539559
-113.544969,499,201911.555856
-103.137945,499,201952.815624
-112.376672,499,201992.258846
-110.817693,499,202179.37936
-117.341753,499,202226.366512
-110.460723,499,202273.533321
-96.732794,499,202316.124038
-97.177049,499,202356.414506
-109.706472,499,202543.522581
-113.419211,499,202583.690578
-109.925279,499,202622.465311
-126.415019,499,202660.987978
-109.96091,499,202702.214559
-109.317892,499,202904.312708
-102.880215,499,202948.656763
-108.667848,499,202991.631872
-119.471583,499,203033.983647
-106.040044,499,203074.217402
-112.909091,499,203253.715503
-111.865691,499,203298.031934
-129.139491,499,203343.455297
-113.733939,499,203386.215452
-121.491078,499,203427.851409
-110.488421,499,203621.191619
-112.738906,499,203661.836104
-97.667486,499,203701.863539
-109.633319,499,203741.314399
-124.155865,499,203782.576262
-122.493155,499,203977.69378
-98.491315,499,204020.055601
-123.051341,499,204062.199152
-111.31325,499,204104.169783
-119.584914,499,204143.890912
-119.301126,499,204329.388628
-106.68599,499,204371.742419
-107.990098,499,204416.787114
-122.641493,499,204463.03749
-129.835175,499,204506.932919
-113.999019,499,204697.056576
-118.735587,499,204735.351079
-128.463622,499,204774.327255
-108.93701,499,204813.313718
-105.331625,499,204852.690658
-101.047955,499,205052.219331
-118.91452,499,205095.819665
-103.416343,499,205140.929034
-126.921112,499,205184.558086
-100.651024,499,205226.594695
-101.267359,499,205399.938974
-131.687295,499,205441.767554
-91.318894,499,205485.121772
-123.432227,499,205531.349926
-120.403926,499,205576.920474
-109.07936,499,205775.110074
-119.160819,499,205814.722436
-95.245241,499,205855.139672
-109.531009,499,205895.898122
-110.846668,499,205936.44776
-105.995241,499,206130.985934
-126.370651,499,206175.391217
-111.838405,499,206220.484665
-105.320136,499,206264.196953
-107.386801,499,206304.434061
-108.245575,499,206481.050733
-104.774982,499,206523.188458
-101.535807,499,206567.483932
-121.317755,499,206613.609942
-106.427923,499,206660.212213
-119.065981,499,206852.359467
-108.723161,499,206891.856518
-99.092868,499,206932.439616
-117.383945,499,206971.532999
-108.062939,499,207010.499613
-87.600961,499,207207.320716
-134.157797,499,207253.173738
-110.233482,499,207300.481454
-99.514201,499,207344.509086
-113.475794,499,207386.368275
-114.864423,499,207560.027588
-120.678266,499,207601.318612
-114.646328,499,207644.028008
-129.069071,499,207687.25544
-119.781912,499,207731.355203
-108.043688,499,207930.337992
-107.464818,499,207972.179838
-110.107655,499,208011.880984
-115.889588,499,208052.237545
-97.155541,499,208091.878994
-119.475934,499,208285.52301
-117.296761,499,208331.238549
-108.235097,499,208376.416017
-102.77352,499,208421.34226
-124.646113,499,208461.442201
-121.479565,499,208642.635743
-117.682721,499,208683.939677
-123.513585,499,208725.849779
-106.80331,499,208769.102227
-112.234104,499,208812.544016
-112.609843,499,209013.902965
-90.923326,499,209053.789869
-131.180063,499,209093.049746
-109.373907,499,209132.107879
-110.754292,499,209170.116774
-107.678852,499,209358.762912
-119.192328,499,209405.694419
-108.669486,499,209451.283736
-111.942426,499,209497.618418
-116.029964,499,209541.174464
-99.195045,499,209720.215733
-91.098844,499,209759.361438
-108.313164,499,209799.459548
-112.404029,499,209841.465009
-90.236926,499,209884.178468
-103.940348,499,210090.12717
-106.326253,499,210130.341101
-114.244692,499,210170.827543
-113.551664,499,210210.33167
-101.807844,499,210250.420287
-107.778303,499,210438.088005
-120.099326,499,210483.145473
-104.312223,499,210529.704127
-104.917862,499,210575.453878
-115.221942,499,210619.868837
-108.465894,499,210797.112116
-115.667402,499,210837.626179
-117.681799,499,210879.396262
-121.009982,499,210921.339537
-104.601796,499,210965.871787
-101.99995,499,211169.255613
-104.478784,499,211208.903866
-125.198803,499,211249.501477
-127.993069,499,211289.997365
-93.982405,499,211328.464689
-119.633869,499,211512.639218
-115.942545,499,211557.93802
-104.07348,499,211606.411558
-122.648728,499,211653.215374
-119.049646,499,211698.365823
-111.050453,499,211877.753402
-115.92935,499,211916.904463
-124.176126,499,211958.681991
-119.730208,499,211999.897926
-119.414389,499,212041.971436
-114.741408,499,212243.970859
-117.798446,499,212286.659297
-107.583068,499,212329.614529
-101.659176,499,212371.149836
-106.401496,499,212410.720025
-112.883466,499,212594.401179
-109.812212,499,212638.049354
-103.084539,499,212685.399443
-118.71524,499,212732.527872
-134.969353,499,212775.873866
-99.242349,499,212957.889892
-119.861572,499,212998.230975
-120.114098,499,213039.822144
-125.366656,499,213081.417331
-102.814402,499,213122.882496
-91.006488,499,213326.184858
-114.57319,499,213369.226479
-112.335107,499,213410.959511
-111.989603,499,213451.334579
-125.360052,499,213489.556051
-127.824896,499,213670.162764
-95.770246,499,213713.378709
-110.3348,499,213759.5387
-119.310352,499,213806.963528
-98.790143,499,213851.152783
-119.952115,499,214041.553656
-111.797721,499,214079.968548
-103.946822,499,214120.260673
-118.995571,499,214160.155537
-109.119339,499,214200.757777
-98.932414,499,214402.241358
-114.616638,499,214447.342197
-100.871459,499,214490.051795
-111.253364,499,214531.13132
-121.963552,499,214570.286242
-120.152777,499,214755.856882
-111.779158,499,214797.080139
-106.827773,499,214840.445482
-107.817508,499,214885.876168
-121.169091,499,214930.343679
-99.283827,499,215116.718743
-127.363094,499,215154.560943
-109.21347,499,215194.648019
-105.653212,499,215235.359236
-122.995452,499,215277.016989
-102.940942,499,215478.786079
-113.330945,499,215520.501279
-116.832459,499,215562.647579
-120.344672,499,215603.945312
-100.854948,499,215644.154178
-112.858679,499,215826.12334
-129.257397,499,215867.414627
-126.078691,499,215910.423241
-110.658578,499,215957.218748
-112.401139,499,216003.108674
-109.202964,499,216198.430844
-114.915098,499,216236.003374
-102.384111,499,216275.285784
-118.098694,499,216315.918316
-104.183355,499,216356.588376
-128.741257,499,216550.697215
-122.236749,499,216592.979541
-119.383261,499,216638.01879
-94.347846,499,216681.772516
-101.583227,499,216724.248622
-114.274183,499,216907.925339
-117.016732,499,216950.805963
-95.274087,499,216992.584282
-102.223284,499,217037.051666
-90.20397,499,217081.415312
-106.72544,499,217275.951929
-112.561268,499,217313.944102
-99.241445,499,217353.80127
-108.419876,499,217396.293653
-100.467128,499,217437.832549
-109.967461,499,217635.280096
-102.492448,499,217679.202259
-98.090584,499,217723.876202
-116.306656,499,217766.007975
-107.856836,499,217804.784761
-118.13265,499,217954.30396
-119.272391,499,217991.811037
-122.1645,499,218028.542392
-101.672881,499,218066.438303
-122.257917,499,218104.973897
-119.30771,499,218275.901933
-114.29359,499,218310.459904
-103.371805,499,218343.530715
-118.29944,499,218376.765275
-113.670277,499,218411.415157
-131.111597,499,218579.490666
-109.848899,499,218614.459872
-108.69291,499,218651.974405
-118.772698,499,218691.116303
-89.356654,499,218730.201268
-112.553629,499,218881.414442
-116.560476,499,218915.970059
-113.585698,499,218954.167304
-123.23109,499,218992.909882
-119.603174,499,219030.39872
-99.189427,499,219195.587124
-127.085246,499,219230.734586
-128.503693,499,219265.691405
-110.212823,499,219298.817667
-106.235131,499,219332.304644
-124.374768,499,219500.678472
-88.151559,499,219536.700182
-117.835752,499,219572.504059
-111.511282,499,219610.434697
-126.397758,499,219650.770123
-103.673452,499,219805.774231
-123.956865,499,219838.307607
-92.707049,499,219872.67294
-119.966587,499,219909.977975
-117.46682,499,219948.239419
-101.249254,499,220112.241532
-126.415428,499,220151.309933
-105.809224,499,220188.649253
-113.983089,499,220226.24196
-120.435228,499,220261.047523
-103.608924,499,220420.080962
-122.168041,499,220457.008536
-108.773413,499,220493.214534
-125.273906,499,220527.241785
-107.439755,499,220562.912243
-98.661126,499,220729.646187
-85.420417,499,220763.23212
-107.284859,499,220797.835009
-125.002432,499,220832.752134
-107.852196,499,220870.775865
-119.173635,499,221038.545783
-100.436207,499,221074.017923
-104.329597,499,221113.323987
-115.882309,499,221151.238226
-107.779025,499,221187.000627
-95.322681,499,221337.213455
-121.503406,499,221375.503191
-109.61829,499,221415.443581
-96.161655,499,221452.908089
-112.862648,499,221487.521901
-118.17443,499,221657.342168
-101.859617,499,221692.397179
-125.272649,499,221725.89871
-125.820824,499,221758.920364
-128.770865,499,221792.526881
-105.131551,499,221957.47415
-108.718915,499,221991.467889
-111.457757,499,222028.484962
-116.711497,499,222068.193738
-93.989868,499,222107.077641
-116.335005,499,222265.311413
-111.865755,499,222302.297813
-113.770939,499,222340.58424
-105.564994,499,222379.539573
-132.965832,499,222415.608258
-126.843697,499,222575.437095
-122.854673,499,222611.174189
-113.918606,499,222647.747954
-117.991259,499,222683.242427
-121.073696,499,222717.606914
-113.887095,499,222885.547008
-104.577087,499,222921.086858
-105.811316,499,222957.718071
-126.292135,499,222995.33982
-117.901787,499,223032.046385
-115.792792,499,223187.733813
-109.189252,499,223220.051019
-102.820925,499,223255.808291
-114.353453,499,223293.296565
-124.701086,499,223331.54538
-92.24543,499,223368.752534
-100.817595,499,223532.30442
-99.231006,499,223571.397287
-102.467102,499,223609.758152
-115.150378,499,223646.561062
-107.786732,499,223678.921414
