#{"t_start": 1686266236.949906, "env_id": "quantumEnvExp_randomInitial-v0"}
r,l,t
-222.418271,499,6.874424
-240.018657,499,14.281779
-179.312512,499,21.311004
-208.990109,499,27.769912
-213.851116,499,34.364506
-203.89159,499,42.205265
-204.942317,499,48.901315
-237.635191,499,55.560349
-191.633786,499,62.348766
-236.686475,499,68.876749
-133.269457,499,76.606061
-200.273239,499,83.126807
-156.510438,499,89.849044
-216.01877,499,96.327105
-182.217054,499,102.812649
-115.468788,499,110.222124
-232.85159,499,116.672336
-139.375006,499,123.611889
-235.076202,499,130.214814
-222.678863,499,137.064594
-176.454195,499,144.451247
-206.184004,499,150.936638
-159.009517,499,157.500994
-198.110521,499,164.169197
-238.812722,499,170.964855
-189.700958,499,178.861574
-243.682079,499,185.363712
-170.458336,499,192.048414
-238.414814,499,198.984228
-207.478943,499,205.657866
-167.321765,499,213.369138
-234.171482,499,220.119509
-212.302142,499,226.884114
-215.477319,499,233.357655
-180.373102,499,240.094808
-188.554611,499,247.89326
-158.970744,499,254.337635
-180.026166,499,260.785417
-196.982774,499,267.554557
-226.441171,499,274.212023
-179.270878,499,281.727782
-191.019676,499,288.576812
-138.614096,499,295.01324
-142.036334,499,301.818319
-165.37678,499,308.842175
-180.111174,499,316.3656
-134.124366,499,322.913117
-132.111436,499,329.517377
-166.090257,499,335.976344
-169.888249,499,342.689373
-145.707991,499,352.339544
-150.921012,499,359.688314
-161.844883,499,366.571855
-162.327002,499,373.019327
-151.226303,499,379.576222
-153.343002,499,387.249026
-169.232117,499,393.711009
-157.629416,499,400.202472
-165.550587,499,406.846846
-187.163613,499,413.665269
-164.652317,499,421.346426
-140.275209,499,427.986047
-174.408035,499,434.503871
-158.996441,499,441.00735
-149.741917,499,447.602232
-179.993659,499,455.298412
-176.219007,499,461.899772
-158.021266,499,468.30948
-151.437665,499,474.767427
-166.437918,499,481.414934
-164.201606,499,489.028379
-139.901604,499,495.563069
-163.856512,499,503.18873
-164.623377,499,509.724229
-165.08448,499,516.279204
-148.918746,499,523.91801
-125.858532,499,530.857489
-142.176456,499,537.425404
-141.161367,499,544.095298
-178.437292,499,551.057665
-152.740586,499,558.70679
-174.816625,499,565.237825
-187.126103,499,571.822248
-160.770643,499,578.327636
-143.485576,499,584.923718
-154.870534,499,592.565833
-157.757746,499,599.539396
-147.506759,499,606.081598
-147.329438,499,612.80221
-100.81208,499,619.4148
-167.055283,499,626.920712
-157.396041,499,633.565524
-138.135844,499,640.327762
-167.271565,499,646.883046
-108.842724,499,653.3179
-177.437882,499,660.767207
-137.404016,499,667.302597
-133.679731,499,673.84466
-122.994965,499,680.255518
-168.402287,499,687.000606
-171.559056,499,696.958016
-135.684646,499,703.767694
-162.011019,499,710.203235
-162.293954,499,716.598934
-151.144896,499,723.086548
-137.292006,499,730.794032
-125.308353,499,737.809494
-127.727787,499,744.460429
-175.22923,499,750.893542
-165.209591,499,757.338974
-127.952548,499,764.840347
-143.860578,499,771.514164
-133.836772,499,778.63945
-162.822779,499,785.342853
-186.946642,499,792.236597
-157.87414,499,799.906764
-158.724102,499,806.554825
-130.096361,499,812.956009
-156.839595,499,819.674366
-127.430792,499,826.076252
-170.600269,499,833.75374
-157.910589,499,840.524135
-128.488686,499,847.396682
-141.486378,499,854.144827
-116.510441,499,860.583739
-145.683794,499,868.49973
-126.764709,499,875.357841
-157.176897,499,881.919369
-163.587702,499,888.537352
-113.706705,499,895.024351
-110.169249,499,902.712209
-157.760957,499,909.161288
-149.314004,499,915.751187
-153.016945,499,922.234732
-152.349442,499,928.783721
-144.84265,499,936.20925
-147.151757,499,942.800844
-134.53093,499,949.388641
-151.564261,499,956.07632
-124.003589,499,962.620055
-144.052344,499,969.943117
-149.595117,499,976.095006
-110.334173,499,982.1183
-148.759932,499,988.826929
-145.22196,499,995.102176
-139.561203,499,1002.487127
-136.379696,499,1008.708214
-168.506278,499,1014.802894
-157.785385,499,1021.051496
-127.193249,499,1029.156663
-153.424747,499,1039.774201
-130.872679,499,1047.820873
-142.361479,499,1054.119519
-126.706305,499,1060.354156
-147.438919,499,1066.398201
-152.405548,499,1073.324023
-98.238616,499,1079.806968
-131.121155,499,1087.397781
-149.400447,499,1093.726212
-147.383912,499,1100.223137
-155.369509,499,1107.985374
-139.175194,499,1114.592721
-139.698055,499,1121.308403
-164.121302,499,1127.946258
-162.751559,499,1134.998114
-138.279543,499,1142.61544
-147.144085,499,1149.313853
-120.790009,499,1155.914553
-86.989581,499,1162.765231
-156.767437,499,1169.631772
-142.484001,499,1177.467031
-138.31695,499,1184.098804
-125.171251,499,1191.09354
-134.531221,499,1197.935095
-128.711184,499,1204.686928
-151.183871,499,1212.325795
-152.55263,499,1219.279399
-137.496983,499,1226.034884
-136.619553,499,1232.657871
-142.266072,499,1239.368922
-153.362655,499,1247.077204
-132.451013,499,1253.656032
-110.048731,499,1260.328796
-134.713662,499,1267.276443
-140.072888,499,1273.8133
-147.328099,499,1281.420026
-148.531149,499,1288.062536
-111.685568,499,1294.781364
-162.247862,499,1301.484374
-120.898942,499,1308.034536
-125.095979,499,1315.908364
-147.630328,499,1322.894363
-128.823911,499,1329.559456
-133.420993,499,1336.096258
-132.893865,499,1342.774951
-108.028157,499,1350.315404
-144.815155,499,1356.781965
-156.734782,499,1363.307364
-147.510637,499,1369.917101
-145.29769,499,1377.027917
-133.359374,499,1387.514541
-157.532564,499,1394.203539
-125.480001,499,1401.08935
-127.516594,499,1408.001338
-168.59237,499,1414.591992
-144.669801,499,1422.161795
-165.762142,499,1428.663371
-143.941773,499,1435.230688
-115.768736,499,1441.843487
-147.246151,499,1448.622764
-128.231589,499,1456.311031
-141.149727,499,1463.001136
-114.441538,499,1469.691907
-138.181432,499,1476.230998
-137.09954,499,1482.810743
-129.096919,499,1490.602677
-125.883624,499,1497.239452
-156.384805,499,1504.086052
-160.461455,499,1510.590551
-126.513529,499,1517.548041
-124.153522,499,1525.342195
-129.047429,499,1531.838669
-105.151412,499,1538.480461
-123.105522,499,1545.043224
-122.808855,499,1551.593601
-132.420826,499,1559.185966
-116.035632,499,1565.613891
-142.983987,499,1572.089487
-112.706725,499,1578.378685
-104.220876,499,1584.517304
-119.440158,499,1591.75118
-121.576174,499,1597.903752
-141.284739,499,1604.09051
-109.233515,499,1610.34414
-132.037125,499,1617.087104
-115.387425,499,1624.195723
-101.505683,499,1630.31963
-119.654245,499,1636.457779
-147.238811,499,1642.580766
-131.580246,499,1648.795372
-99.841237,499,1655.868589
-105.135156,499,1661.982892
-132.698619,499,1668.200749
-126.896819,499,1674.642565
-120.173837,499,1680.786045
-95.39645,499,1688.042449
-94.81914,499,1694.311733
-128.252188,499,1700.483925
-126.250399,499,1706.604135
-99.113029,499,1713.339605
-117.239399,499,1722.680028
-135.621193,499,1729.442889
-109.542195,499,1735.775316
-119.135244,499,1742.146939
-126.704348,499,1748.898842
-133.404303,499,1756.128944
-117.376125,499,1762.345073
-115.536931,499,1769.082209
-127.070126,499,1775.282888
-132.829952,499,1781.527593
-124.500791,499,1788.716116
-130.55566,499,1794.873768
-147.775591,499,1801.062241
-125.928926,499,1807.387038
-107.098915,499,1813.505692
-127.662291,499,1820.64133
-110.697801,499,1826.782145
-117.961458,499,1832.964725
-130.885127,499,1839.099491
-143.851903,499,1845.515953
-141.852849,499,1852.903061
-135.296598,499,1859.083369
-138.937142,499,1865.246819
-126.499858,499,1871.384379
-106.722574,499,1877.542449
-114.909374,499,1884.839462
-109.377812,499,1891.099095
-121.324058,499,1897.276803
-131.45582,499,1903.631308
-118.202377,499,1909.852454
-130.170189,499,1917.009323
-116.197319,499,1923.260633
-108.06243,499,1929.969424
-123.764009,499,1936.678234
-107.355313,499,1942.874696
-126.961046,499,1950.153444
-140.872055,499,1956.442882
-88.592267,499,1962.645404
-108.048772,499,1969.029978
-133.150845,499,1975.240399
-109.513749,499,1983.377174
-102.580465,499,1989.873824
-112.042768,499,1996.755188
-144.127699,499,2004.52534
-111.846053,499,2011.937343
-105.553242,499,2019.668632
-125.643701,499,2026.639713
-143.233365,499,2032.892526
-97.871289,499,2039.077114
-106.213907,499,2045.64298
-117.22144,499,2055.350516
-129.024851,499,2061.78796
-114.563635,499,2067.9867
-105.292679,499,2074.505465
-107.490262,499,2080.785415
-93.685371,499,2088.335354
-125.197407,499,2098.081974
-135.283171,499,2106.772111
-109.94435,499,2113.144217
-134.123404,499,2119.701229
-104.595777,499,2128.772487
-104.760171,499,2134.952995
-123.692987,499,2144.424072
-76.874507,499,2154.251179
-129.896851,499,2161.733921
-122.961168,499,2173.358676
-114.829964,499,2179.946893
-133.022978,499,2186.446605
-120.569821,499,2193.166302
-106.83937,499,2200.121187
-134.456936,499,2207.364044
-105.51735,499,2213.616162
-113.924325,499,2219.94925
-117.194038,499,2226.281381
-121.265191,499,2232.479184
-121.911049,499,2239.995899
-123.881939,499,2246.210123
-121.360124,499,2252.643598
-110.471369,499,2259.078561
-110.930867,499,2265.70128
-98.050619,499,2273.005314
-91.301315,499,2279.36173
-107.456783,499,2285.900482
-107.708091,499,2293.026005
-103.958453,499,2301.279649
-120.56168,499,2309.52282
-117.067234,499,2315.972214
-130.652731,499,2322.392494
-108.972703,499,2328.593197
-106.813782,499,2335.170769
-102.910283,499,2342.453747
-116.894567,499,2348.833221
-90.488944,499,2355.052866
-127.694401,499,2361.881642
-126.548254,499,2368.08907
-114.024333,499,2375.628932
-105.547063,499,2381.986365
-119.828127,499,2388.322796
-115.161838,499,2397.14214
-122.341577,499,2405.586999
-97.855852,499,2415.40396
-109.498097,499,2422.112466
-123.546224,499,2428.467408
-98.99131,499,2434.869408
-117.335806,499,2441.069984
-85.991615,499,2448.461023
-98.391311,499,2454.661186
-100.750129,499,2460.870934
-116.735693,499,2467.09732
-108.921654,499,2473.373758
-105.3627,499,2480.711501
-100.429622,499,2486.974942
-129.816116,499,2493.185783
-108.816615,499,2499.716262
-115.137997,499,2505.958777
-124.26456,499,2513.607598
-103.937546,499,2520.214722
-116.570132,499,2526.451955
-114.33775,499,2532.651946
-111.150941,499,2539.069255
-125.833682,499,2546.414191
-106.545261,499,2552.707823
-87.664132,499,2559.184051
-134.402939,499,2565.407397
-118.153922,499,2571.63063
-125.668877,499,2578.792845
-106.272078,499,2584.988235
-119.498517,499,2591.249402
-99.075348,499,2599.533481
-97.071838,499,2606.044859
-107.430708,499,2613.322231
-95.338472,499,2619.615495
-109.411159,499,2626.101366
-106.752352,499,2632.586504
-116.957942,499,2639.235596
-98.874294,499,2646.522985
-102.010084,499,2652.847931
-104.025497,499,2659.358355
-122.783066,499,2665.620721
-82.285989,499,2672.031665
-115.872398,499,2679.414357
-95.344245,499,2686.188419
-105.707819,499,2692.651405
-100.222135,499,2698.920256
-113.426384,499,2705.099917
-109.042907,499,2712.451771
-104.589164,499,2718.66236
-100.850847,499,2726.582437
-123.730953,499,2733.03014
-85.893026,499,2739.687759
-90.896769,499,2749.270064
-102.288872,499,2758.095823
-119.091588,499,2764.85593
-117.040831,499,2771.351406
-116.031785,499,2777.633727
-116.980662,499,2786.474269
-94.526001,499,2793.129118
-119.71728,499,2800.191525
-118.23889,499,2806.656193
-77.011465,499,2813.528837
-95.382072,499,2820.844864
-116.487185,499,2827.443875
-102.742601,499,2833.896374
-111.823739,499,2840.197721
-89.809482,499,2846.477366
-104.281481,499,2853.856759
-109.638645,499,2860.150075
-110.724002,499,2866.858574
-101.662894,499,2873.208596
-91.37341,499,2879.446739
-131.832858,499,2887.005556
-93.061637,499,2893.466572
-105.968335,499,2899.75513
-97.767777,499,2906.088083
-106.981474,499,2912.413248
-88.964614,499,2919.659948
-95.134429,499,2926.12827
-95.093588,499,2932.522612
-118.741316,499,2938.731797
-111.748882,499,2944.981537
-89.11818,499,2952.871317
-94.433095,499,2959.110542
-110.64003,499,2965.536145
-95.165823,499,2972.360916
-106.973465,499,2978.906741
-89.090237,499,2986.340632
-82.188332,499,2992.607942
-85.241317,499,2999.508598
-105.087083,499,3007.484397
-99.488009,499,3015.167875
-90.410055,499,3023.052786
-102.428135,499,3029.514238
-86.323115,499,3035.937367
-113.514498,499,3042.595739
-103.00603,499,3049.428951
-101.625896,499,3057.168114
-90.176494,499,3063.416892
-78.056236,499,3069.791794
-94.988136,499,3076.16225
-110.760419,499,3082.484634
-104.386821,499,3092.034664
-102.436155,499,3099.211546
-88.462938,499,3105.751889
-65.03296,499,3112.935953
-102.797534,499,3121.156523
-100.136927,499,3128.868985
-102.355697,499,3135.388206
-110.753668,499,3141.769581
-112.045842,499,3147.969469
-92.315767,499,3154.20698
-101.566696,499,3161.506339
-98.911525,499,3167.911508
-86.159311,499,3174.156447
-102.530187,499,3180.518767
-94.521757,499,3186.74053
-101.09863,499,3194.036946
-96.990333,499,3200.450577
-75.420297,499,3206.882359
-97.240493,499,3213.351807
-85.44596,499,3220.113129
-73.326349,499,3227.449915
-94.002884,499,3233.648587
-91.26452,499,3239.888794
-101.792155,499,3246.121958
-105.567945,499,3252.408699
-77.472375,499,3259.832329
-98.368844,499,3266.142632
-93.634694,499,3272.390676
-96.93787,499,3278.967491
-87.206115,499,3285.357574
-89.538212,499,3292.690394
-76.372078,499,3299.216131
-96.638253,499,3305.481098
-87.407597,499,3311.854842
-99.013463,499,3318.187753
-94.286492,499,3325.666112
-97.40021,499,3333.64248
-83.808804,499,3340.462308
-88.234565,499,3346.926626
-100.084628,499,3353.298074
-105.467708,499,3360.938672
-96.088614,499,3367.264405
-70.804098,499,3373.74757
-79.809589,499,3380.14095
-77.365855,499,3386.371516
-114.803124,499,3393.745661
-110.459515,499,3400.078834
-101.995945,499,3406.370971
-99.637849,499,3412.723174
-114.204299,499,3419.1025
-87.56001,499,3427.822628
-109.139784,499,3435.717366
-109.741806,499,3442.144335
-69.631614,499,3448.605442
-86.431909,499,3455.095657
-91.183751,499,3461.339228
-91.57074,499,3468.776124
-77.991963,499,3474.978812
-106.547263,499,3481.802193
-117.810528,499,3488.137446
-108.00756,499,3494.512553
-88.908077,499,3502.298982
-93.793251,499,3510.004643
-87.023961,499,3516.577687
-103.759739,499,3523.738007
-95.067068,499,3531.745772
-101.551175,499,3539.118294
-103.466094,499,3545.384677
-107.033108,499,3552.083288
-87.951314,499,3558.33146
-78.97611,499,3564.653289
-103.016833,499,3572.098947
-94.637591,499,3578.408319
-68.027414,499,3584.619843
-98.702425,499,3590.862426
-85.460179,499,3597.151261
-94.546173,499,3604.385393
-82.702843,499,3611.004311
-103.802314,499,3617.306216
-81.567623,499,3624.995996
-106.124688,499,3631.214631
-86.05613,499,3638.467411
-85.245828,499,3644.707128
-97.983616,499,3651.039049
-95.02324,499,3657.397933
-74.955787,499,3663.636791
-79.754328,499,3670.912712
-88.469462,499,3677.435389
-86.47976,499,3683.833378
-108.612201,499,3690.065612
-111.673849,499,3696.349295
-67.572425,499,3703.590322
-90.961945,499,3709.929882
-98.188196,499,3716.480078
-94.734833,499,3723.106307
-91.218101,499,3729.406369
-89.511647,499,3736.587659
-97.675993,499,3742.882419
-80.31961,499,3749.100008
-60.875547,499,3755.347313
-78.106536,499,3763.991236
-89.466789,499,3771.871918
-97.577398,499,3778.326251
-111.209893,499,3784.657566
-94.390552,499,3790.923989
-104.335438,499,3797.196659
-85.029709,499,3804.614079
-99.097136,499,3810.856242
-90.400368,499,3817.146032
-80.094298,499,3823.430375
-69.428393,499,3829.672147
-74.876544,499,3839.023344
-95.65994,499,3848.450554
-96.097689,499,3855.503642
-97.76925,499,3862.648505
-107.059862,499,3870.939969
-99.878388,499,3878.347713
-82.361841,499,3885.439696
-101.655004,499,3893.576749
-95.674008,499,3900.372758
-97.280709,499,3906.819035
-76.107784,499,3915.267534
-106.500652,499,3925.085813
-107.488564,499,3934.939482
-79.267917,499,3944.819771
-95.952001,499,3953.397739
-101.893532,499,3960.701272
-90.753571,499,3966.896556
-118.3365,499,3973.793063
-94.626337,499,3980.253222
-121.784054,499,3986.590933
-86.597099,499,3993.990094
-99.569888,499,4000.2956
-96.198939,499,4006.557186
-90.076739,499,4012.788364
-104.0605,499,4020.574363
-78.990116,499,4030.444836
-109.485608,499,4036.908656
-88.048771,499,4043.099387
-70.705563,499,4049.294677
-89.235843,499,4055.483988
-61.723353,499,4062.731526
-85.698001,499,4069.034515
-111.942009,499,4075.319694
-97.221905,499,4081.656738
-95.64446,499,4087.874768
-103.149261,499,4095.52458
-76.521357,499,4104.971505
-112.625228,499,4114.874429
-94.202291,499,4124.697697
-73.943787,499,4136.140618
-75.002361,499,4143.768951
-77.874889,499,4152.57744
-78.194824,499,4162.275971
-91.065652,499,4169.501389
-89.123189,499,4176.687132
-93.417751,499,4184.43314
-109.08571,499,4192.060921
-115.313902,499,4199.119941
-103.573538,499,4205.588352
-90.604829,499,4211.834687
-112.801839,499,4221.021188
-90.841566,499,4230.752019
-99.130845,499,4237.904851
-87.75054,499,4244.096537
-96.53216,499,4250.355793
-95.933612,499,4257.696199
-90.727182,499,4264.017031
-71.068543,499,4270.210655
-105.45866,499,4276.440791
-108.692118,499,4282.728718
-94.501989,499,4290.880449
-107.028142,499,4297.156889
-81.256939,499,4303.431432
-94.017991,499,4309.738589
-108.861339,499,4316.008946
-100.289171,499,4323.304229
-95.467088,499,4329.829432
-81.842629,499,4339.077058
-74.538893,499,4346.113605
-101.200038,499,4352.573646
-93.425758,499,4359.796263
-86.334703,499,4366.071293
-102.642593,499,4372.438347
-88.534504,499,4378.74343
-98.011663,499,4384.93628
-119.168081,499,4392.147072
-84.475067,499,4399.1151
-83.560793,499,4406.097886
-98.012887,499,4412.357535
-72.747757,499,4418.618264
-100.157647,499,4426.194637
-86.235315,499,4432.550274
-89.885278,499,4438.869579
-106.819288,499,4445.217757
-93.399755,499,4451.439452
-92.127783,499,4458.833799
-93.25047,499,4465.234035
-97.334573,499,4471.742805
-104.379519,499,4477.930086
-93.838876,499,4486.966661
-103.664276,499,4494.630924
-83.510634,499,4501.013076
-94.956152,499,4507.337778
-78.436766,499,4513.57094
-94.021445,499,4519.963604
-89.953517,499,4527.302915
-88.787852,499,4533.626662
-104.261273,499,4541.903538
-105.743288,499,4550.206517
-86.787821,499,4556.623519
-95.1318,499,4564.043952
-88.127243,499,4570.398526
-89.923541,499,4579.297213
-88.177768,499,4585.589393
-101.240545,499,4593.203084
-88.72175,499,4600.557512
-92.324144,499,4606.807129
-88.918703,499,4613.065419
-92.276352,499,4619.389978
-89.602576,499,4625.853306
-124.490166,499,4633.148436
-74.499438,499,4639.31513
-91.912276,499,4645.528866
-102.180953,499,4651.714023
-97.228361,499,4657.976848
-81.952124,499,4665.387076
-87.777619,499,4671.574424
-66.891405,499,4677.740592
-96.028831,499,4684.223787
-89.916471,499,4690.453905
-94.834683,499,4699.594273
-74.002593,499,4706.738041
-96.364078,499,4713.157549
-89.180151,499,4719.738339
-98.338796,499,4725.924457
-93.603287,499,4733.687357
-89.109236,499,4739.860187
-98.144548,499,4747.685613
-111.194751,499,4753.894265
-98.674824,499,4760.235581
-93.742288,499,4767.688294
-93.08652,499,4777.474436
-86.764908,499,4787.29816
-85.407855,499,4794.444481
-81.555034,499,4800.827229
-102.451277,499,4808.273642
-79.380615,499,4814.432037
-92.264629,499,4820.608074
-90.604156,499,4826.73976
-104.283305,499,4835.456223
-105.314743,499,4842.723164
-90.594777,499,4848.91106
-72.365555,499,4855.149261
-73.176449,499,4861.333264
-84.45209,499,4867.470803
-85.910253,499,4874.954329
-94.317864,499,4881.249399
-81.262166,499,4887.400043
-111.19963,499,4893.67666
-81.738059,499,4899.825491
-94.26561,499,4907.04534
-75.348321,499,4913.338872
-103.674005,499,4921.854253
-76.357142,499,4931.658039
-96.530213,499,4938.886796
-82.48954,499,4946.197011
-103.758237,499,4952.595001
-92.489224,499,4958.779366
-85.225201,499,4965.860046
-91.985848,499,4973.53627
-100.719334,499,4980.747383
-94.573324,499,4987.239428
-88.889364,499,4993.55536
-94.687396,499,4999.795117
-93.386669,499,5006.217379
-105.708103,499,5013.455735
-58.803058,499,5019.683997
-86.304649,499,5025.896549
-91.83086,499,5032.16566
-89.357237,499,5038.682755
-98.763288,499,5046.397589
-93.420819,499,5052.582491
-79.057135,499,5058.781686
-75.852694,499,5065.151237
-85.18398,499,5072.01969
-76.98861,499,5079.786556
-113.538259,499,5086.457361
-81.168831,499,5092.652464
-99.907829,499,5099.346061
-90.988991,499,5105.913643
-86.620253,499,5113.17377
-86.462109,499,5119.671483
-87.096647,499,5125.847834
-101.913857,499,5132.092579
-102.15551,499,5138.56022
-98.771791,499,5145.766325
-95.046487,499,5152.003742
-72.483716,499,5160.463497
-83.106726,499,5167.730336
-89.091144,499,5176.352536
-69.142379,499,5184.102233
-69.000278,499,5190.571628
-99.605598,499,5197.1147
-85.274269,499,5203.73463
-86.542623,499,5209.955111
-91.018516,499,5218.794875
-93.142659,499,5225.021019
-74.078376,499,5231.51928
-96.807142,499,5238.008921
-101.579109,499,5244.383853
-82.928483,499,5251.588703
-95.376596,499,5258.021317
-102.931467,499,5264.405918
-60.046517,499,5271.0881
-80.370846,499,5277.333272
-100.147835,499,5284.59194
-72.452146,499,5290.805777
-66.986329,499,5297.11761
-109.579243,499,5305.703475
-92.571509,499,5312.286856
-96.044714,499,5319.751425
-81.561588,499,5326.118549
-81.093706,499,5332.382212
-99.4631,499,5340.686993
-97.073991,499,5347.332039
-96.798763,499,5354.56476
-87.000551,499,5361.133332
-105.39556,499,5367.363177
-91.58392,499,5373.657017
-92.407952,499,5379.872423
-107.888116,499,5387.332949
-86.196662,499,5393.618067
-84.274857,499,5399.834125
-96.623551,499,5406.16116
-91.832052,499,5412.68225
-84.101839,499,5419.928992
-88.288522,499,5426.390814
-92.564385,499,5432.77599
-85.131105,499,5439.43299
-86.04446,499,5445.64462
-93.779269,499,5452.92157
-109.578468,499,5459.28587
-87.435449,499,5465.764935
-80.383689,499,5472.017177
-103.114221,499,5478.209679
-113.157114,499,5485.500578
-92.508207,499,5492.011359
-86.018849,499,5498.207472
-73.819265,499,5504.42466
-94.812043,499,5513.052142
-64.423233,499,5520.708307
-85.888611,499,5526.903505
-92.158099,499,5533.083797
-96.615749,499,5539.335758
-100.725461,499,5545.705189
-81.641393,499,5552.989968
-106.693353,499,5559.148821
-99.889453,499,5565.390828
-80.645482,499,5572.002325
-67.720525,499,5578.208979
-115.687292,499,5585.417961
-97.968702,499,5591.621656
-92.231934,499,5598.158431
-82.566507,499,5604.360298
-74.674207,499,5610.577884
-70.36837,499,5617.876282
-63.518338,499,5624.087929
-67.242321,499,5630.298893
-98.053176,499,5636.502554
-86.455936,499,5642.678827
-96.603996,499,5649.954434
-91.264446,499,5656.24843
-100.975189,499,5662.48395
-79.985239,499,5668.734816
-86.682771,499,5675.506284
-89.686634,499,5682.944076
-78.881716,499,5689.820951
-71.041337,499,5699.693154
-94.685342,499,5705.926587
-93.788792,499,5712.176335
-84.816393,499,5719.507359
-76.099695,499,5725.73338
-90.661586,499,5731.969562
-112.477906,499,5738.149375
-94.569301,499,5747.370845
-74.987937,499,5754.627024
-84.030806,499,5761.538176
-95.950569,499,5771.372137
-83.255218,499,5780.68489
-96.204882,499,5788.195382
-90.865661,499,5799.989614
-76.631265,499,5806.294291
-108.631376,499,5812.667495
-97.320171,499,5819.016159
-96.331453,499,5826.06954
-91.396048,499,5833.668556
-112.579498,499,5840.170917
-108.634002,499,5846.424639
-81.121107,499,5852.734066
-97.364301,499,5861.485954
-88.83314,499,5871.591507
-58.658345,499,5878.503215
-100.782244,499,5885.027917
-96.912704,499,5892.383306
-108.675165,499,5900.699998
-101.568296,499,5908.979787
-96.245803,499,5915.900175
-81.279941,499,5925.186905
-94.797717,499,5931.58349
-86.077325,499,5938.046521
-64.241391,499,5945.780461
-79.097758,499,5952.065295
-95.03297,499,5958.315594
-97.084268,499,5964.967373
-102.361979,499,5971.826721
-79.485438,499,5979.111694
-94.079776,499,5986.021942
-96.190442,499,5992.531459
-102.211674,499,6002.272536
-87.013023,499,6012.078509
-80.154692,499,6022.602491
-84.508287,499,6031.769408
-107.449133,499,6038.562201
-93.618911,499,6044.785988
-105.345777,499,6051.522349
-70.089252,499,6060.933883
-104.357849,499,6067.171524
-103.599532,499,6073.491268
-85.909374,499,6079.713062
-95.609264,499,6085.985218
-79.324054,499,6093.545202
-80.122729,499,6099.912862
-94.322547,499,6106.10695
-79.893607,499,6112.292462
-94.513453,499,6118.733569
-83.477801,499,6127.330666
-82.420071,499,6133.594412
-91.328038,499,6139.804344
-118.676162,499,6146.087972
-77.858138,499,6153.035085
-81.780081,499,6160.580431
-106.892092,499,6167.106293
-90.579542,499,6173.737788
-103.813316,499,6180.433406
-77.05642,499,6186.653032
-72.496607,499,6193.965181
-96.024793,499,6201.790817
-105.818742,499,6208.07787
-109.626589,499,6214.356355
-91.491924,499,6223.087869
-82.41455,499,6232.591816
-96.906721,499,6238.790979
-103.355328,499,6245.250911
-63.330359,499,6251.702855
-70.668214,499,6257.96153
-107.884087,499,6265.514884
-81.609205,499,6271.741921
-103.394455,499,6277.961749
-85.462114,499,6284.162876
-90.079809,499,6291.201979
-95.446806,499,6298.438468
-88.703062,499,6304.656765
-90.982972,499,6310.921865
-111.812387,499,6317.333769
-104.251956,499,6323.504425
-109.386278,499,6330.97278
-93.91303,499,6337.254562
-101.092357,499,6343.634629
-95.43471,499,6350.058597
-88.28398,499,6356.305638
-78.752655,499,6363.585837
-77.996749,499,6369.770139
-111.898683,499,6376.073319
-104.347477,499,6382.565726
-96.951099,499,6388.788951
-91.866209,499,6396.072489
-81.085324,499,6402.280331
-89.677451,499,6408.474613
-80.913039,499,6414.814718
-93.6097,499,6421.114568
-91.186043,499,6428.573775
-85.603785,499,6434.888655
-94.620695,499,6441.142987
-99.967294,499,6447.593669
-91.02583,499,6453.849538
-85.409604,499,6461.096108
-89.725138,499,6467.317148
-106.047515,499,6473.536443
-82.183818,499,6479.7789
-76.93367,499,6486.116747
-99.104111,499,6493.328224
-100.829369,499,6499.718096
-97.898294,499,6505.905523
-97.057251,499,6512.231237
-101.086052,499,6518.691376
-95.337123,499,6526.347987
-103.224213,499,6532.639385
-82.077071,499,6538.999522
-78.946647,499,6545.747114
-80.786558,499,6554.744475
-76.892171,499,6562.340184
-100.074249,499,6568.726997
-76.856987,499,6575.011255
-79.204052,499,6581.238249
-105.016373,499,6587.544913
-107.195493,499,6596.172165
-101.16492,499,6602.501314
-92.2994,499,6608.733986
-80.320687,499,6614.998193
-80.212848,499,6621.245608
-86.525171,499,6628.566587
-76.839767,499,6635.227986
-107.51397,499,6641.785908
-94.847164,499,6648.234872
-76.417035,499,6654.389995
-92.811412,499,6661.826449
-94.195904,499,6668.332114
-81.438238,499,6674.491396
-87.033133,499,6680.679357
-122.519976,499,6686.871995
-96.678381,499,6694.2205
-103.775087,499,6700.448248
-93.683297,499,6706.776369
-73.626126,499,6713.057289
-107.520039,499,6719.280529
-103.682167,499,6726.527694
-102.582149,499,6732.713704
-86.259141,499,6739.056329
-100.893144,499,6745.261925
-87.383082,499,6751.460619
-81.277033,499,6758.655776
-74.690366,499,6765.331581
-98.310006,499,6771.815818
-80.552267,499,6777.985749
-92.097282,499,6784.219871
-81.697403,499,6791.44693
-96.612066,499,6797.674092
-97.859851,499,6803.997968
-82.336589,499,6810.395932
-112.016999,499,6816.574
-91.697414,499,6823.823678
-108.251983,499,6830.036035
-107.261805,499,6836.391209
-91.210707,499,6842.57749
-97.601837,499,6848.788818
-97.248511,499,6855.970686
-92.6508,499,6862.185262
-98.761904,499,6868.630075
-93.926142,499,6874.967566
-90.08953,499,6883.978007
-90.592525,499,6890.712484
-89.792634,499,6898.02364
-95.159769,499,6904.592331
-78.802152,499,6911.047918
-96.148676,499,6917.537795
-85.609997,499,6923.726552
-108.978063,499,6931.067367
-95.397836,499,6937.329534
-101.330146,499,6943.799688
-75.077819,499,6950.048424
-76.782369,499,6956.391055
-94.816691,499,6963.862302
-69.982832,499,6970.165027
-100.313363,499,6976.336457
-84.807778,499,6984.720417
-93.088368,499,6995.693518
-79.978646,499,7005.142634
-91.198575,499,7011.323331
-80.544991,499,7017.49633
-82.117493,499,7023.908269
-114.8617,499,7030.820369
-80.46266,499,7038.076446
-85.453604,499,7044.32002
-93.245408,499,7050.508891
-93.180987,499,7056.718964
-73.277544,499,7063.119513
-93.145972,499,7070.428406
-118.513644,499,7076.631896
-87.177736,499,7083.018899
-79.896351,499,7089.657759
-101.762958,499,7095.909595
-86.112533,499,7103.924357
-92.971953,499,7110.355258
-99.254272,499,7116.655306
-96.028573,499,7123.039719
-89.04624,499,7129.294084
-84.192536,499,7136.731762
-87.438192,499,7143.009811
-106.259653,499,7149.204344
-97.497105,499,7155.369524
-77.138738,499,7161.77546
-95.121831,499,7168.945492
-87.59125,499,7175.222997
-77.596874,499,7181.375501
-97.262943,499,7187.853159
-107.166366,499,7194.212244
-69.439141,499,7201.542832
-86.218767,499,7208.156163
-69.930099,499,7214.537285
-76.685386,499,7223.211076
-95.747173,499,7230.185976
-90.597385,499,7237.584591
-70.237018,499,7243.993026
-73.028208,499,7250.245273
-87.757642,499,7256.471301
-95.931932,499,7262.662557
-91.791994,499,7269.909843
-93.500233,499,7276.237695
-80.518905,499,7282.405899
-92.015261,499,7288.605111
-93.60488,499,7294.778551
-91.609587,499,7301.99436
-86.010634,499,7308.219275
-81.933593,499,7314.413837
-86.703571,499,7320.55892
-85.858476,499,7326.738145
-80.075408,499,7333.948848
-98.161752,499,7340.310598
-94.388579,499,7346.676364
-99.263796,499,7352.818841
-104.027479,499,7358.974021
-104.524287,499,7366.344939
-88.386969,499,7372.599624
-104.066379,499,7378.866494
-98.336994,499,7386.449821
-96.263876,499,7394.643618
-72.199428,499,7401.822655
-89.980523,499,7407.998141
-84.48885,499,7414.157217
-93.976575,499,7420.353821
-102.042848,499,7426.549367
-86.326322,499,7433.76841
-79.799017,499,7439.947903
-74.482215,499,7446.311808
-104.719164,499,7452.549392
-83.362222,499,7458.75821
-93.373195,499,7466.009367
-98.985087,499,7472.235149
-79.708898,499,7478.377407
-95.669635,499,7484.533523
-97.690533,499,7491.239749
-90.557791,499,7498.636942
-79.176616,499,7504.851676
-104.213363,499,7511.006311
-108.585055,499,7517.359639
-103.906354,499,7523.612263
-80.385926,499,7530.832215
-85.296277,499,7537.149203
-104.45331,499,7543.321984
-88.595366,499,7552.207625
-78.941854,499,7558.703197
-81.940996,499,7566.105956
-87.029029,499,7572.378072
-97.032381,499,7578.801011
-72.965745,499,7584.962929
-81.928341,499,7591.128407
-87.304903,499,7598.338789
-104.143208,499,7604.503038
-66.910904,499,7612.602122
-97.067107,499,7622.808354
-120.165404,499,7632.074673
-84.45836,499,7639.29067
-88.019913,499,7645.543075
-74.263048,499,7651.680615
-82.382821,499,7657.790483
-99.746189,499,7664.009856
-77.743066,499,7671.211297
-77.862432,499,7677.312516
-70.391128,499,7683.596132
-90.384014,499,7689.763058
-81.255383,499,7695.97359
-87.734202,499,7703.291468
-95.62576,499,7709.498956
-84.227159,499,7715.727938
-80.202277,499,7721.994617
-93.7212,499,7728.162452
-80.604744,499,7735.385996
-85.629219,499,7741.505044
-105.144363,499,7747.64354
-73.998412,499,7753.797875
-86.150831,499,7759.908958
-87.727669,499,7767.128978
-87.322852,499,7773.435807
-94.118991,499,7779.578978
-90.446355,499,7785.824645
-78.966779,499,7791.952499
-79.226373,499,7799.113229
-98.68173,499,7805.526915
-81.209494,499,7811.800461
-87.631542,499,7818.186697
-92.413001,499,7824.350901
-88.564696,499,7831.695304
-85.995139,499,7837.91189
-90.84139,499,7844.077047
-96.898304,499,7850.208736
-95.334245,499,7856.755671
-71.892392,499,7864.765073
-88.622295,499,7870.997678
-80.235088,499,7877.050066
-72.431364,499,7885.692005
-102.843059,499,7891.922672
-90.864374,499,7899.138667
-92.967374,499,7905.337784
-89.606228,499,7911.412537
-74.135337,499,7917.545139
-81.309701,499,7923.728777
-62.006125,499,7930.841021
-83.270762,499,7938.855377
-91.339119,499,7946.35282
-98.935933,499,7952.81336
-72.562626,499,7959.0644
-78.197331,499,7966.414478
-83.899319,499,7972.592335
-92.606336,499,7978.805472
-106.448724,499,7985.218261
-82.605765,499,7991.358744
-97.0939,499,7998.648165
-85.540443,499,8005.037116
-88.340085,499,8011.21397
-84.891771,499,8018.546397
-90.982014,499,8027.044176
-76.406122,499,8034.183828
-89.517186,499,8040.376089
-88.754795,499,8046.564653
-77.879436,499,8052.934319
-82.855469,499,8060.515528
-101.183873,499,8068.040979
-112.278796,499,8074.261671
-87.786035,499,8082.471455
-107.157771,499,8088.737274
-94.922618,499,8094.87883
-104.233078,499,8102.032479
-73.529247,499,8108.233608
-103.103829,499,8114.609721
-68.665763,499,8120.863114
-100.656646,499,8127.048916
-83.0228,499,8134.157142
-114.971769,499,8140.305661
-82.681002,499,8146.665238
-94.213587,499,8152.843667
-93.327976,499,8158.952489
-69.687757,499,8166.158623
-66.177312,499,8172.462193
-91.733813,499,8178.782472
-89.481378,499,8185.384544
-103.093851,499,8191.654478
-90.845848,499,8198.882955
-56.12295,499,8205.074905
-101.441612,499,8211.697963
-83.993248,499,8220.76602
-88.05999,499,8228.011285
-80.993198,499,8235.372757
-83.485622,499,8241.489778
-82.792782,499,8247.620276
-92.099041,499,8253.733819
-72.676971,499,8260.103602
-82.937538,499,8267.452518
-77.472423,499,8273.593982
-58.410673,499,8279.849847
-94.035484,499,8286.494974
-81.824685,499,8294.22974
-104.72441,499,8301.516717
-104.313953,499,8308.380461
-95.07666,499,8315.256848
-100.312645,499,8321.443576
-100.426625,499,8329.307419
-96.198967,499,8338.167966
-80.571051,499,8344.585625
-72.365956,499,8351.154754
-89.832683,499,8357.628868
-85.440788,499,8363.846616
-69.222556,499,8372.295215
-79.752242,499,8379.098766
-96.91058,499,8386.001427
-75.507708,499,8392.605828
-84.655783,499,8399.718132
-73.182075,499,8407.099631
-96.873638,499,8413.123264
-76.144536,499,8419.126174
-84.408035,499,8425.132922
-92.564535,499,8431.480956
-97.155086,499,8438.740998
-87.878699,499,8445.464028
-75.804929,499,8451.615936
-97.527961,499,8457.69747
-101.105168,499,8463.784151
-77.988063,499,8471.009271
-90.019058,499,8477.088275
-89.484308,499,8483.042341
-87.200826,499,8490.761928
-85.868163,499,8497.682342
-65.701085,499,8505.722496
-86.623906,499,8511.940242
-86.873474,499,8518.62076
-64.369798,499,8527.997846
-84.879018,499,8537.072806
-91.341881,499,8546.005237
-83.095678,499,8552.61145
-86.037278,499,8559.406747
-77.064977,499,8568.355388
-101.774771,499,8575.099134
-92.627657,499,8582.627036
-100.390697,499,8588.790064
-58.773091,499,8596.873072
-84.890511,499,8604.566296
-102.782233,499,8611.874649
-83.501875,499,8619.74616
-74.736019,499,8626.355397
-73.251825,499,8632.542469
-96.817784,499,8638.757049
-88.091284,499,8645.553954
-91.101959,499,8652.774667
-69.187057,499,8659.711736
-81.135751,499,8666.306827
-83.00586,499,8674.296768
-112.531447,499,8681.372332
-81.412784,499,8691.209144
-85.502706,499,8698.400045
-97.054843,499,8705.091732
-80.991997,499,8712.491724
-97.080113,499,8718.65448
-89.65765,499,8725.671955
-87.409238,499,8732.234516
-92.305025,499,8739.079493
-84.291504,499,8745.119993
-84.613118,499,8751.262605
-105.967894,499,8758.630469
-91.982043,499,8767.935377
-112.817714,499,8777.259996
-75.257691,499,8784.410896
-97.631856,499,8790.652482
-78.143941,499,8799.685415
-91.512546,499,8806.168795
-65.541926,499,8814.687407
-80.625692,499,8822.360079
-79.780886,499,8828.529149
-85.30691,499,8835.494428
-97.959461,499,8841.796752
-72.579749,499,8851.124196
-77.270464,499,8859.085666
-93.549103,499,8865.379292
-84.218595,499,8872.707413
-99.447805,499,8879.340855
-82.23119,499,8888.742305
-83.614289,499,8895.045854
-83.539038,499,8901.201826
-91.773397,499,8908.137636
-80.250468,499,8914.372469
-59.436282,499,8920.559773
-94.77609,499,8928.658318
-105.520333,499,8938.099849
-59.164901,499,8945.253966
-63.865767,499,8951.193125
-69.608516,499,8957.492654
-100.665542,499,8963.837657
-95.282048,499,8970.569813
-98.031943,499,8977.465288
-73.936954,499,8983.697562
-88.356205,499,8989.781785
-101.739458,499,8996.076551
-68.749384,499,9002.59655
-66.580541,499,9009.611483
-109.991142,499,9015.594654
-83.517215,499,9021.995614
-81.174352,499,9028.185946
-85.275987,499,9034.495908
-74.018557,499,9041.585583
-78.696633,499,9047.544568
-100.292072,499,9054.142124
-86.379061,499,9060.175061
-86.118043,499,9066.366631
-79.367846,499,9073.436734
-88.389997,499,9079.437175
-75.043177,499,9086.005879
-84.099044,499,9092.915591
-83.859517,499,9098.912961
-86.274765,499,9105.987613
-85.540255,499,9112.074562
-73.561053,499,9118.13277
-77.531811,499,9124.711894
-51.087968,499,9130.984066
-87.208026,499,9138.031619
-89.730238,499,9144.189519
-85.836293,499,9150.553456
-79.763519,499,9156.950724
-90.558946,499,9163.271751
-74.429224,499,9170.706933
-96.031172,499,9176.83145
-57.142101,499,9183.377187
-79.423411,499,9189.328088
-103.200609,499,9195.499106
-79.780903,499,9202.991244
-92.699971,499,9209.00377
-84.521606,499,9215.219268
-77.84798,499,9221.545907
-103.666281,499,9227.51305
-79.368066,499,9234.462237
-76.376469,499,9240.668815
-79.172756,499,9246.925058
-98.537019,499,9255.635306
-90.240139,499,9261.882272
-64.138363,499,9268.873345
-81.343246,499,9275.175899
-89.192062,499,9281.109006
-65.26747,499,9287.084506
-64.581525,499,9293.285923
-86.537849,499,9300.391214
-100.635771,499,9308.454827
-92.281139,499,9315.414015
-62.46871,499,9324.421344
-82.493826,499,9332.954909
-74.964592,499,9340.720578
-81.777718,499,9346.595151
-81.701794,499,9355.929837
-81.87737,499,9364.999868
-96.500152,499,9371.055783
-100.424627,499,9378.184974
-70.757719,499,9384.403574
-89.572253,499,9390.740286
-85.927929,499,9396.813119
-72.4365,499,9403.676749
-101.337692,499,9411.186834
-99.618855,499,9420.568048
-96.4622,499,9429.413373
-88.539135,499,9436.563494
-89.812756,499,9442.562907
-80.078071,499,9449.593574
-104.76137,499,9455.702448
-66.464598,499,9462.344975
-69.731416,499,9468.391822
-85.475593,499,9474.347814
-91.975624,499,9481.506272
-98.03751,499,9487.655793
-73.428506,499,9494.087948
-100.586484,499,9502.827737
-75.391143,499,9512.252589
-93.980802,499,9520.722722
-90.867474,499,9527.034255
-74.817507,499,9533.187153
-81.149963,499,9539.485541
-81.874126,499,9545.655482
-76.32949,499,9552.65054
-75.849161,499,9558.813256
-98.681269,499,9565.132579
-87.262425,499,9571.657995
-85.589054,499,9578.037816
-74.825967,499,9585.233737
-82.112405,499,9591.535818
-88.947675,499,9597.524045
-77.669166,499,9605.671284
-76.264655,499,9613.602005
-97.627458,499,9622.717584
-79.653198,499,9631.008986
-83.922194,499,9637.043859
-114.055672,499,9642.993414
-85.116687,499,9649.132139
-81.88716,499,9656.55794
-88.176036,499,9663.749176
-76.331643,499,9672.836699
-70.810168,499,9681.66344
-98.758413,499,9690.069697
-106.75079,499,9698.133436
-69.527025,499,9704.193571
-87.134629,499,9710.531201
-80.228038,499,9716.875481
-79.656781,499,9723.861101
-87.203153,499,9731.005995
-93.006099,499,9737.041748
-82.781714,499,9743.238478
-89.82343,499,9749.489793
-95.0418,499,9756.514356
-79.954818,499,9764.00306
-87.027167,499,9770.196136
-106.813194,499,9776.415462
-77.532759,499,9782.623846
-88.925609,499,9788.613112
-94.666633,499,9796.155857
-93.953164,499,9802.958041
-89.361002,499,9809.1388
-73.483636,499,9815.063324
-70.295726,499,9821.398518
-71.787236,499,9829.921187
-74.991763,499,9836.15581
-85.075795,499,9842.333274
-96.556747,499,9848.336119
-76.814599,499,9854.481062
-84.304539,499,9861.703661
-95.901907,499,9867.735074
-85.236319,499,9873.726039
-80.129444,499,9879.66562
-60.943824,499,9885.880873
-77.249848,499,9893.354412
-94.532395,499,9899.627774
-83.930074,499,9905.651883
-94.036409,499,9911.633354
-73.796745,499,9918.178618
-77.196975,499,9925.390429
-96.3671,499,9931.56038
-93.913689,499,9937.7159
-65.319235,499,9946.078456
-81.129102,499,9952.446849
-72.849332,499,9962.235462
-56.383422,499,9968.281651
-67.778848,499,9974.219989
-78.645862,499,9980.801083
-81.73352,499,9987.329965
-72.409173,499,9994.458835
-86.300653,499,10000.440128
-96.801779,499,10006.46293
-69.847946,499,10012.87747
-67.169466,499,10021.212359
-81.718085,499,10028.36778
-74.920277,499,10034.429783
-86.78638,499,10040.404474
-80.038836,499,10049.712177
-90.581431,499,10059.105802
-69.586399,499,10068.556406
-104.752457,499,10077.635332
-86.644328,499,10086.962422
-72.014937,499,10095.599755
-86.778424,499,10103.392048
-77.0207,499,10111.268091
-75.031562,499,10120.324213
-77.943707,499,10129.716415
-76.134701,499,10138.718879
-72.047953,499,10145.666734
-81.114493,499,10155.608309
-97.271936,499,10164.979489
-75.873064,499,10173.453351
-99.90165,499,10180.3185
-88.12262,499,10188.898381
-93.291031,499,10199.606229
-84.542811,499,10206.773934
-101.834174,499,10214.100648
-84.883679,499,10221.151488
-85.466701,499,10230.043789
-92.734131,499,10239.370851
-81.377585,499,10248.023385
-70.593216,499,10257.006411
-62.834819,499,10265.67232
-75.40638,499,10273.044883
-81.146549,499,10283.069856
-78.81331,499,10290.098345
-96.72507,499,10298.593579
-92.11951,499,10307.331908
-76.239445,499,10315.558174
-78.94765,499,10325.428924
-100.207237,499,10331.620921
-74.008688,499,10337.526743
-84.022587,499,10347.153649
-88.279006,499,10354.514816
-84.806672,499,10363.329854
-74.207179,499,10371.001738
-72.732013,499,10378.353008
-85.342477,499,10386.615042
-78.91641,499,10395.866902
-104.600063,499,10404.433568
-81.115134,499,10414.888925
-75.771056,499,10423.126461
-65.344678,499,10429.24201
-79.053311,499,10436.902586
-79.91383,499,10444.062526
-97.411383,499,10452.444843
-78.198858,499,10460.083736
-84.339597,499,10468.165766
-83.524495,499,10475.198711
-81.920559,499,10483.591023
-87.058873,499,10492.02198
-98.6906,499,10499.661674
-61.0214,499,10507.689627
-68.097853,499,10515.465036
-76.365863,499,10521.383547
-75.319318,499,10529.307118
-92.55029,499,10535.574508
-80.784948,499,10543.195454
-97.534715,499,10551.344301
-86.855885,499,10557.508327
-80.620301,499,10565.184686
-71.756067,499,10571.086801
-76.281832,499,10578.347749
-61.548931,499,10585.771272
-99.770277,499,10595.010736
-93.120745,499,10602.793826
-76.81045,499,10610.387872
-92.197654,499,10618.293269
-84.389987,499,10625.875928
-85.58725,499,10633.078185
-92.769638,499,10641.857098
-89.259747,499,10648.167666
-90.060872,499,10654.328112
-85.168999,499,10662.158061
-69.062816,499,10669.098287
-96.032835,499,10678.274884
-77.860482,499,10684.510193
-86.554005,499,10692.470789
-77.672137,499,10699.87824
-93.369568,499,10708.153947
-74.905657,499,10716.913297
-93.553934,499,10725.176973
-80.565998,499,10734.511393
-93.886422,499,10744.000406
-78.867576,499,10753.370899
-77.422874,499,10762.338158
-69.877215,499,10768.733271
-81.085662,499,10777.04397
-74.771245,499,10784.981633
-94.390355,499,10793.542841
-70.489785,499,10803.108505
-84.877076,499,10811.129728
-81.677652,499,10820.572659
-77.047757,499,10829.894998
-80.13757,499,10839.401926
-78.161624,499,10847.080917
-79.1572,499,10853.599751
-88.402624,499,10860.038819
-88.403882,499,10869.350888
-82.852965,499,10877.549837
-84.870906,499,10885.992944
-84.048417,499,10895.309227
-81.955849,499,10904.228905
-83.021531,499,10913.218072
-94.177662,499,10919.438906
-70.869868,499,10926.587002
-92.456489,499,10933.232092
-100.668013,499,10941.601959
-84.168553,499,10949.614704
-90.297941,499,10957.658776
-86.919829,499,10967.593833
-77.232772,499,10976.923754
-84.600191,499,10985.546294
-60.963359,499,10993.622827
-89.514262,499,11000.075122
-77.352246,499,11009.812286
-66.215548,499,11018.217751
-98.63006,499,11024.807768
-88.739117,499,11031.253901
-87.405939,499,11039.938876
-85.161703,499,11046.960355
-85.765121,499,11053.156803
-93.992551,499,11059.089907
-86.618271,499,11065.20495
-68.974899,499,11074.009353
-86.075815,499,11081.951059
-70.196734,499,11089.87572
-76.989298,499,11096.899827
-62.882405,499,11105.971373
-78.204922,499,11114.098372
-101.818373,499,11123.848747
-99.126321,499,11133.22804
-78.782071,499,11145.134364
-83.923523,499,11154.716336
-97.365734,499,11162.273069
-83.938724,499,11169.855762
-90.10858,499,11176.299956
-74.323367,499,11184.8277
-90.741233,499,11194.178907
-83.73095,499,11203.506272
-74.494794,499,11212.070651
-78.477294,499,11218.270024
-103.068929,499,11224.394607
-93.297949,499,11230.695745
-82.838039,499,11236.797969
-74.68144,499,11244.004983
-80.949457,499,11253.415984
-50.647977,499,11261.338047
-84.967082,499,11267.441842
-83.75795,499,11275.199052
-85.755147,499,11283.912593
-78.395711,499,11292.93549
-76.710903,499,11302.28088
-84.767329,499,11308.392342
-83.516768,499,11315.272862
-79.857101,499,11324.590508
-73.503736,499,11333.997923
-90.752649,499,11341.857931
-80.400402,499,11349.351735
-87.937305,499,11355.940312
-100.277593,499,11364.53425
-83.728766,499,11370.525838
-98.125561,499,11377.476144
-85.930404,499,11386.121644
-95.210238,499,11394.795647
-90.778578,499,11404.207
-80.433147,499,11410.332735
-107.924556,499,11418.740175
-82.229389,499,11426.019793
-99.067161,499,11432.071794
-76.318127,499,11440.833706
-90.722894,499,11447.942745
-87.486256,499,11457.37816
-72.783688,499,11466.014682
-97.591959,499,11472.670074
-85.028761,499,11479.782346
-72.663427,499,11489.151825
-80.979843,499,11497.526842
-82.28072,499,11503.701672
-74.50206,499,11510.667226
-81.066792,499,11517.589555
-100.908126,499,11524.960449
-94.704687,499,11536.351493
-76.047502,499,11545.576122
-81.150265,499,11551.525949
-75.347827,499,11559.574399
-106.797999,499,11567.665096
-71.985778,499,11574.998346
-75.868131,499,11584.435277
-77.020437,499,11593.912495
-82.384987,499,11603.315472
-93.474662,499,11609.284203
-102.268688,499,11615.24316
-90.52522,499,11621.334053
-117.438972,499,11627.457069
-84.383706,499,11635.48447
-70.65671,499,11643.562981
-96.684083,499,11652.227748
-75.57612,499,11658.426756
-59.892542,499,11664.950619
-68.686317,499,11672.80902
-101.916223,499,11679.754228
-73.84075,499,11688.418356
-61.655468,499,11697.712707
-68.913118,499,11707.208048
-76.934982,499,11715.623985
-81.834617,499,11722.905668
-90.529034,499,11731.292437
-105.054516,499,11739.18345
-94.517207,499,11748.270007
-80.936504,499,11755.752779
-94.030637,499,11762.071325
-67.521088,499,11770.483854
-77.376757,499,11779.897932
-91.770845,499,11788.822268
-93.505868,499,11796.694051
-80.886464,499,11802.662466
-91.831576,499,11810.208219
-57.979702,499,11819.613022
-79.628647,499,11828.904902
-74.249299,499,11837.26151
-78.959292,499,11845.32264
-71.107341,499,11854.347705
-91.550917,499,11863.772877
-70.02881,499,11873.263843
-78.526997,499,11882.454862
-75.641829,499,11888.469749
-91.595505,499,11894.572423
-74.525605,499,11901.070518
-70.723006,499,11907.18607
-82.674137,499,11914.371623
-97.336429,499,11920.472659
-68.299933,499,11931.279484
-98.801765,499,11937.777386
-80.671023,499,11943.858729
-88.681344,499,11950.759783
-94.655327,499,11959.312301
-90.849194,499,11965.611571
-88.809234,499,11973.671297
-78.550874,499,11980.078909
-68.605785,499,11987.119097
-87.744301,499,11993.373247
-69.569376,499,11999.334956
-85.428239,499,12007.191727
-83.577677,499,12013.733083
-100.971821,499,12021.041125
-92.817957,499,12028.183869
-89.212159,499,12036.414725
-75.512182,499,12042.539714
-98.405909,499,12048.693273
-85.824886,499,12055.690244
-86.269971,499,12062.985645
-72.9732,499,12071.456046
-79.315962,499,12078.863152
-77.592636,499,12085.225348
-80.248247,499,12092.661736
-71.775067,499,12099.028857
-83.946953,499,12105.434118
-73.455505,499,12111.450165
-77.878338,499,12118.748518
-74.845956,499,12129.172117
-92.347513,499,12135.448745
-88.796803,499,12142.544373
-84.445062,499,12151.420818
-70.107805,499,12160.798806
-93.938899,499,12168.709058
-93.150541,499,12174.899282
-77.096713,499,12180.951833
-86.859398,499,12186.953352
-75.979409,499,12193.817768
-83.790262,499,12202.56322
-88.07869,499,12208.58136
-76.985281,499,12214.63346
-80.026541,499,12221.409401
-88.708395,499,12230.802362
-74.907977,499,12240.100227
-69.811517,499,12246.112797
-102.021095,499,12252.089762
-76.780175,499,12258.453052
-83.222433,499,12264.476336
-87.055029,499,12271.444786
-91.693136,499,12277.349365
-76.705233,499,12285.874013
-79.334357,499,12293.039759
-106.244354,499,12299.793795
-94.316222,499,12307.046038
-83.224424,499,12313.814261
-75.629735,499,12321.813448
-79.886348,499,12328.014853
-79.759941,499,12334.070565
-76.151696,499,12341.003855
-76.17126,499,12347.045892
-83.010589,499,12353.064715
-89.848612,499,12359.280174
-68.498054,499,12365.645312
-88.389846,499,12372.557692
-94.567067,499,12378.619835
-89.221085,499,12384.688319
-76.959095,499,12391.130716
-71.371655,499,12397.811907
-78.376008,499,12404.980801
-84.635522,499,12411.239416
-94.435632,499,12417.228605
-103.286073,499,12423.440398
-100.300078,499,12429.72347
-84.666715,499,12436.734127
-86.780783,499,12442.758913
-77.979436,499,12449.098087
-79.874077,499,12455.274936
-62.376832,499,12461.179372
-83.753736,499,12468.222215
-60.876244,499,12474.369792
-93.794512,499,12480.72065
-87.473447,499,12486.750707
-84.462817,499,12493.076913
-87.474722,499,12500.311569
-57.187101,499,12506.361367
-82.039115,499,12512.479937
-70.869182,499,12519.056075
-82.111793,499,12525.301016
-81.896532,499,12532.288021
-76.137327,499,12538.50639
-79.489806,499,12544.60497
-75.018839,499,12550.857315
-81.063577,499,12557.003083
-94.032629,499,12564.268924
-86.950148,499,12571.109913
-102.810594,499,12577.343844
-102.897908,499,12583.768352
-67.277949,499,12589.876491
-69.014185,499,12597.123202
-79.322962,499,12603.658124
-90.419675,499,12612.480665
-99.01318,499,12621.342691
-71.619116,499,12628.192037
-85.514269,499,12635.810819
-103.622306,499,12642.005012
-95.774797,499,12648.470094
-94.732622,499,12654.934608
-82.426296,499,12660.980985
-88.668419,499,12668.08304
-87.647323,499,12675.071364
-58.962079,499,12682.068868
-95.719227,499,12689.991749
-85.720022,499,12699.358253
-80.24508,499,12708.860618
-80.304882,499,12715.294271
-70.292598,499,12721.764893
-78.840774,499,12729.783585
-63.035931,499,12735.824477
-81.943903,499,12742.960212
-89.222122,499,12748.947905
-80.56224,499,12755.744553
-79.825016,499,12762.347113
-97.13919,499,12768.8635
-77.746957,499,12776.492792
-89.721454,499,12782.687058
-79.067743,499,12789.157732
-77.864486,499,12795.235984
-78.68998,499,12801.918657
-68.114741,499,12809.219568
-82.704233,499,12815.497757
-93.225348,499,12821.462019
-79.437664,499,12827.407716
-74.570429,499,12833.659638
-78.933875,499,12840.762998
-75.149006,499,12846.867524
-92.474226,499,12852.85542
-81.358968,499,12858.859613
-90.644105,499,12864.88628
-82.943845,499,12871.840879
-89.102004,499,12878.090576
-75.686283,499,12884.102459
-86.048423,499,12890.544507
-71.027265,499,12896.753391
-91.619887,499,12903.732223
-78.865305,499,12910.021866
-82.091098,499,12916.06414
-82.725763,499,12922.395771
-76.811176,499,12928.78502
-77.625531,499,12935.713643
-94.218704,499,12941.730698
-77.706831,499,12950.325109
-75.127022,499,12956.792154
-78.911877,499,12964.45054
-63.356999,499,12971.892986
-83.022441,499,12977.775558
-85.031387,499,12983.712024
-78.137161,499,12990.794602
-78.400115,499,12997.333015
-81.275151,499,13005.128367
-78.274998,499,13011.59464
-92.275221,499,13018.039581
-89.060825,499,13024.199688
-52.704018,499,13030.553947
-73.746351,499,13037.46577
-60.498736,499,13043.373531
-76.379372,499,13049.602667
-68.36226,499,13058.26784
-79.533795,499,13064.599277
-88.548471,499,13071.592984
-68.73341,499,13077.650591
-77.972298,499,13083.655777
-75.279631,499,13089.836255
-101.951135,499,13096.407945
-67.928308,499,13104.093926
-66.164281,499,13110.477378
-89.964099,499,13116.575323
-81.20632,499,13123.63143
-72.640532,499,13130.251798
-89.704711,499,13139.561897
-80.478431,499,13145.728579
-89.872737,499,13151.593275
-71.872317,499,13158.254381
-68.013568,499,13165.106674
-96.682043,499,13173.878181
-61.069819,499,13181.08667
-69.309137,499,13187.798786
-80.83557,499,13194.749053
-79.843085,499,13204.08616
-81.348664,499,13214.040866
-91.990362,499,13220.562527
-90.619815,499,13228.721826
-71.588455,499,13238.246262
-81.278719,499,13247.242625
-84.490268,499,13254.492889
-80.834127,499,13261.459833
-89.706416,499,13268.475764
-70.218492,499,13275.838151
-80.528524,499,13284.690329
-81.616958,499,13294.888299
-76.880074,499,13303.98385
-95.013231,499,13315.124935
-108.444118,499,13321.804873
-75.57448,499,13328.661088
-84.187418,499,13335.925051
-69.71679,499,13343.496274
-75.839521,499,13351.139415
-76.854191,499,13360.524925
-73.814645,499,13369.070632
-65.15257,499,13379.861342
-65.205528,499,13388.663309
-83.251399,499,13397.68961
-82.735448,499,13404.033285
-69.716924,499,13410.521054
-76.831702,499,13420.203596
-81.28557,499,13426.355218
-91.883159,499,13432.344546
-72.526954,499,13438.546616
-74.001313,499,13444.480959
-86.639598,499,13451.445333
-82.058343,499,13457.365399
-87.833266,499,13463.686451
-79.896928,499,13469.784608
-80.920228,499,13476.601051
-70.658454,499,13483.597121
-66.152815,499,13489.823495
-76.648806,499,13495.863513
-83.893553,499,13502.25583
-65.049492,499,13508.385613
-79.617967,499,13515.327895
-79.498507,499,13521.433971
-91.172195,499,13527.406223
-87.309841,499,13533.448335
-74.953839,499,13541.123924
-86.593959,499,13551.418372
-70.417757,499,13557.403151
-73.912814,499,13563.61649
-100.364551,499,13569.734578
-84.801208,499,13575.875333
-61.765235,499,13583.06321
-76.238044,499,13589.599578
-82.339453,499,13595.524736
-86.182372,499,13601.837949
-64.109657,499,13608.56883
-87.215892,499,13617.012387
-63.911975,499,13623.205034
-76.240002,499,13629.464402
-95.931215,499,13635.542477
-78.831697,499,13641.790369
-61.560854,499,13649.252393
-79.768966,499,13655.249855
-77.853046,499,13665.378339
-74.762785,499,13673.977965
-76.819232,499,13681.091041
-61.862576,499,13691.471331
-88.265466,499,13699.216205
-82.437082,499,13708.675854
-66.485848,499,13717.036875
-98.717007,499,13726.481516
-62.908213,499,13735.324786
-81.370205,499,13741.724608
-100.563334,499,13748.111984
-68.902626,499,13754.368504
-85.277778,499,13760.962668
-77.088857,499,13768.035996
-55.348107,499,13774.055233
-71.86005,499,13780.322101
-89.711415,499,13786.290774
-90.507406,499,13792.262575
-85.953475,499,13799.45328
-73.987357,499,13805.488743
-63.029057,499,13813.47174
-65.309456,499,13820.482137
-63.591642,499,13827.632484
-66.297157,499,13836.959865
-81.092075,499,13843.023661
-89.648118,499,13849.367813
-80.061726,499,13858.04437
-93.973165,499,13867.467822
-80.413006,499,13877.842423
-88.363592,499,13884.601534
-77.466615,499,13890.956468
-77.234119,499,13898.472951
-81.646647,499,13906.355694
-92.598475,499,13917.26123
-73.451367,499,13923.459287
-84.505191,499,13929.512132
-85.253686,499,13935.742186
-72.129677,499,13941.793904
-89.251964,499,13949.12645
-77.352575,499,13955.398104
-65.994469,499,13961.667267
-100.576704,499,13968.395777
-83.845213,499,13977.853703
-69.763289,499,13987.138867
-84.671376,499,13993.391428
-86.211303,499,13999.648741
-64.502036,499,14008.359779
-73.205059,499,14017.723628
-83.459526,499,14027.502368
-69.961043,499,14034.426484
-92.333714,499,14043.728514
-75.188451,499,14051.176824
-68.623158,499,14060.621549
-72.341274,499,14070.462797
-74.771474,499,14079.013513
-95.077347,499,14088.063258
-93.215466,499,14096.162045
-87.951638,499,14104.011595
-89.222294,499,14112.520838
-65.281704,499,14120.468841
-78.501277,499,14126.663726
-86.891547,499,14132.630861
-69.019435,499,14138.648152
-68.13074,499,14144.849916
-71.72896,499,14154.593941
-60.849835,499,14161.274916
-76.128973,499,14168.110424
-81.505506,499,14174.752484
-70.883663,499,14184.573854
-101.963084,499,14193.85956
-75.800168,499,14201.11878
-85.521741,499,14208.925947
-77.13062,499,14215.833797
-72.089903,499,14222.252551
-74.667026,499,14230.054218
-61.454992,499,14236.875588
-80.585983,499,14243.317336
-69.454538,499,14249.856316
-73.127885,499,14256.709439
-88.607201,499,14264.064308
-78.373845,499,14271.278127
-96.137072,499,14277.923645
-80.773565,499,14286.237522
-78.978253,499,14292.324531
-80.904994,499,14299.498787
-67.309102,499,14306.893574
-85.031447,499,14316.286995
-57.930343,499,14325.736831
-60.530624,499,14333.543143
-75.377461,499,14342.011478
-77.036485,499,14348.497495
-100.151916,499,14354.560863
-82.647123,499,14361.589268
-88.213945,499,14369.935808
-82.436967,499,14378.167831
-78.303203,499,14385.924425
-89.511659,499,14393.372725
-70.543967,499,14402.866522
-87.982196,499,14412.216676
-86.324271,499,14420.36527
-88.40389,499,14430.685623
-74.371872,499,14439.349638
-90.514159,499,14445.931976
-67.145725,499,14453.10791
-86.190342,499,14460.783625
-92.91413,499,14467.757132
-65.769845,499,14474.064557
-85.649403,499,14480.582029
-61.533625,499,14487.456591
-93.725806,499,14495.323783
-72.323789,499,14502.342648
-73.426989,499,14509.093953
-95.269095,499,14516.378952
-74.606641,499,14522.581628
-78.290124,499,14529.973978
-79.731149,499,14536.520433
-90.889286,499,14543.362259
-69.930868,499,14550.435935
-84.081938,499,14557.096659
-80.684929,499,14565.293247
-62.873603,499,14573.80282
-77.722638,499,14583.163298
-73.413912,499,14592.660746
-78.125054,499,14602.241772
-78.341959,499,14611.099581
-73.364431,499,14617.968416
-68.511258,499,14624.13363
-90.167173,499,14630.981781
-83.002088,499,14638.571879
-89.490129,499,14647.556984
-74.894662,499,14654.217281
-78.537608,499,14661.534083
-75.766211,499,14667.838637
-88.237642,499,14676.482449
-84.011177,499,14685.590212
-61.127779,499,14691.742888
-79.699764,499,14698.249159
-77.282567,499,14704.987401
-85.772372,499,14714.438819
-73.828512,499,14722.803527
-112.497217,499,14732.262456
-67.153037,499,14741.736633
-67.972563,499,14751.137853
-85.543834,499,14758.85697
-91.931493,499,14770.717698
-71.769321,499,14780.013646
-79.878732,499,14789.403302
-90.306276,499,14798.182788
-82.945959,499,14804.827652
-90.156917,499,14812.10927
-70.390688,499,14821.367353
-94.119269,499,14829.373117
-78.844091,499,14836.278308
-79.321895,499,14844.599751
-73.967332,499,14852.800964
-82.166523,499,14859.463763
-90.210196,499,14866.180827
-95.503885,499,14873.915053
-71.738557,499,14880.118964
-71.06392,499,14887.264124
-94.014599,499,14896.64214
-109.852405,499,14905.981115
-81.783035,499,14915.387638
-72.692534,499,14924.767726
-80.728689,499,14932.848271
-92.497055,499,14938.824881
-80.19641,499,14947.187859
-63.208062,499,14956.141083
-99.202866,499,14963.036905
-87.224684,499,14970.56074
-89.863593,499,14977.383206
-87.096006,499,14985.073502
-64.000225,499,14991.451546
-85.506832,499,15000.76592
-75.64518,499,15009.072714
-67.434494,499,15015.071109
-77.451678,499,15022.052705
-79.758659,499,15031.520729
-84.173962,499,15040.96614
-82.809993,499,15049.069618
-101.938711,499,15055.664024
-72.587735,499,15061.984869
-69.462286,499,15070.640086
-74.324749,499,15077.687672
-69.070746,499,15087.019376
-57.262548,499,15095.573809
-88.980218,499,15104.899312
-83.248889,499,15113.980186
-98.398512,499,15123.313284
-78.017429,499,15131.77398
-62.937888,499,15138.735708
-62.733305,499,15144.811623
-77.353336,499,15150.848837
-90.137871,499,15156.97785
-78.710746,499,15164.985345
-83.247221,499,15171.991524
-74.136043,499,15179.770208
-83.152826,499,15189.114342
-78.142064,499,15198.767805
-76.076332,499,15206.058919
-85.510191,499,15215.910919
-74.955243,499,15225.291876
-88.912764,499,15233.024875
-94.079498,499,15239.469599
-83.29089,499,15247.168653
-81.564766,499,15253.733814
-73.860707,499,15260.051555
-80.333848,499,15266.650625
-87.935764,499,15272.700912
-80.275961,499,15280.138587
-94.645279,499,15286.489376
-61.290546,499,15292.579453
-74.871358,499,15300.490772
-81.321076,499,15309.424654
-84.627495,499,15319.074982
-66.003413,499,15328.553556
-76.199291,499,15337.991749
-68.927711,499,15346.675544
-75.423248,499,15354.943608
-93.43032,499,15361.932861
-87.487867,499,15368.501981
-71.721748,499,15377.147523
-74.56571,499,15384.548363
-100.8685,499,15392.13475
-74.609048,499,15399.821453
-74.253707,499,15406.534136
-90.655129,499,15413.357164
-95.978227,499,15419.658157
-93.507061,499,15426.135811
-88.562388,499,15433.502162
-77.934514,499,15439.790086
-76.048793,499,15445.796291
-75.802985,499,15454.6987
-91.114365,499,15460.647496
-84.528526,499,15468.102547
-76.611085,499,15475.167554
-93.167754,499,15482.890559
-72.380944,499,15489.58141
-76.074362,499,15496.687228
-85.980262,499,15503.784606
-82.623673,499,15511.213072
-93.986321,499,15517.905837
-79.002452,499,15524.072961
-84.692312,499,15532.132567
-90.302641,499,15540.376308
-81.222089,499,15547.966691
-77.332005,499,15554.570135
-87.016719,499,15561.349548
-82.021567,499,15568.638363
-73.286736,499,15576.208192
-71.115917,499,15585.399387
-78.768289,499,15591.83159
-79.426803,499,15599.195504
-73.983449,499,15605.649476
-89.674529,499,15613.176
-96.338336,499,15620.972913
-79.08261,499,15629.398507
-73.096595,499,15638.17202
-83.130003,499,15645.410492
-80.096196,499,15654.052406
-75.284903,499,15662.647821
-76.543004,499,15669.622882
-74.886863,499,15676.154251
-69.699055,499,15682.51903
-83.992813,499,15690.175159
-70.75275,499,15697.287187
-89.962993,499,15706.688098
-80.750915,499,15716.162278
-101.502178,499,15723.249584
-67.941291,499,15731.604982
-90.366571,499,15739.167164
-95.532483,499,15746.16486
-68.827409,499,15753.870559
-92.567793,499,15762.975163
-79.980847,499,15770.537719
-72.019853,499,15776.449853
-82.741979,499,15783.323012
-80.922651,499,15789.485681
-78.538495,499,15797.715227
-93.444412,499,15805.396207
-72.200077,499,15812.296213
-70.030946,499,15821.779873
-79.834033,499,15827.704652
-88.511434,499,15834.116379
-81.505916,499,15844.958767
-90.000095,499,15851.609068
-76.910983,499,15857.604482
-93.037973,499,15866.051489
-73.271196,499,15875.528855
-90.807935,499,15883.591308
-89.107837,499,15892.101095
-72.10033,499,15900.904704
-81.656509,499,15908.585192
-91.027118,499,15914.662611
-70.072148,499,15924.549883
-78.650643,499,15932.588402
-94.965714,499,15941.07938
-96.067063,499,15947.559263
-93.637004,499,15955.20962
-94.710607,499,15965.271064
-80.613474,499,15975.504331
-80.975291,499,15984.48679
-86.457804,499,15992.1989
-76.633692,499,16001.37255
-89.175244,499,16010.620726
-84.211545,499,16019.19414
-90.574366,499,16028.636873
-99.965333,499,16038.056438
-72.47257,499,16044.911583
-83.233609,499,16052.534004
-94.199676,499,16059.794739
-93.528837,499,16066.323993
-80.437318,499,16072.707359
-66.024123,499,16078.733813
-83.502968,499,16086.815733
-79.540127,499,16095.991231
-85.142719,499,16102.654832
-87.581176,499,16108.922905
-72.297542,499,16115.776961
-79.939342,499,16123.486723
-80.072775,499,16129.961431
-97.02414,499,16139.114968
-77.271734,499,16147.741659
-74.451108,499,16154.568854
-99.777173,499,16163.647133
-71.4111,499,16173.053243
-87.161538,499,16180.903961
-76.204967,499,16187.957438
-74.139589,499,16195.78948
-77.333699,499,16205.053738
-99.273434,499,16212.289091
-79.602681,499,16219.156826
-80.324222,499,16225.400761
-72.402847,499,16232.547367
-85.993924,499,16241.128302
-95.203366,499,16247.869343
-89.069447,499,16256.935781
-74.37557,499,16266.354507
-68.535874,499,16275.846897
-67.959911,499,16283.429521
-69.083072,499,16289.778602
-67.981803,499,16295.995031
-70.254286,499,16302.883871
-75.27506,499,16309.905332
-88.4859,499,16319.293949
-90.451366,499,16326.840044
-86.694307,499,16334.041792
-83.463002,499,16340.25816
-86.662823,499,16346.401633
-82.948832,499,16355.144109
-62.388628,499,16363.753122
-96.027864,499,16373.339668
-88.700708,499,16382.778302
-90.356391,499,16392.202397
-63.621471,499,16401.749334
-61.910261,499,16411.160176
-88.47438,499,16419.412331
-70.413906,499,16425.547515
-102.635825,499,16431.67263
-70.034547,499,16439.604653
-93.461125,499,16446.352434
-88.543087,499,16452.902629
-77.116575,499,16459.830883
-69.276581,499,16466.036864
-52.92178,499,16475.162669
-70.015413,499,16481.27467
-66.754762,499,16488.603722
-90.122975,499,16495.087899
-88.141634,499,16504.195859
-77.601387,499,16513.303727
-61.569937,499,16520.995826
-88.973936,499,16529.341794
-81.365558,499,16535.595253
-93.561327,499,16544.160454
-75.772448,499,16552.055346
-95.548362,499,16558.837353
-94.317862,499,16566.938431
-83.026744,499,16575.865867
-92.252278,499,16583.592083
-96.212118,499,16591.096449
-98.956382,499,16597.555782
-97.995753,499,16604.4238
-66.999585,499,16611.024886
-80.440139,499,16619.838023
-70.631214,499,16629.452875
-72.562618,499,16635.432512
-85.32421,499,16644.017713
-86.424324,499,16651.81354
-82.655451,499,16657.952587
-89.169531,499,16665.462697
-81.112501,499,16672.118044
-84.680943,499,16678.570055
-92.840504,499,16687.743224
-86.127683,499,16696.800609
-85.671186,499,16704.512198
-95.849625,499,16711.133676
-79.149136,499,16718.60519
-96.914741,499,16726.537092
-94.086878,499,16736.175352
-85.931249,499,16744.102962
-86.062553,499,16753.298203
-94.878759,499,16760.465881
-77.412859,499,16767.239653
-68.937062,499,16775.385123
-93.916063,499,16783.195518
-88.219096,499,16791.247157
-78.766025,499,16798.24836
-75.502329,499,16805.315291
-90.712478,499,16812.47163
-108.473357,499,16819.378058
-100.325437,499,16825.58663
-91.085518,499,16832.143357
-86.330064,499,16838.745716
-97.837296,499,16844.931572
-89.501894,499,16852.489666
-63.044094,499,16860.704859
-70.100043,499,16867.45773
-84.219686,499,16875.747344
-86.939847,499,16884.356786
-77.680849,499,16894.159016
-83.751612,499,16900.53684
-74.875624,499,16907.290414
-73.444131,499,16913.149173
-79.064505,499,16918.994852
-85.149556,499,16927.971729
-77.659584,499,16935.708148
-90.209628,499,16942.238156
-83.331591,499,16948.304241
-77.11862,499,16954.666179
-75.090417,499,16961.979214
-73.841785,499,16968.296371
-76.910567,499,16975.693827
-77.607104,499,16982.088861
-92.484699,499,16988.145337
-80.333055,499,16995.661597
-68.066826,499,17004.622766
-83.226769,499,17013.070813
-86.236442,499,17022.537566
-80.03348,499,17029.152191
-85.033365,499,17036.514592
-86.468859,499,17043.119507
-78.684144,499,17051.169969
-69.584432,499,17060.598745
-77.707189,499,17067.163843
-79.307215,499,17074.516062
-87.742556,499,17081.245194
-74.790042,499,17088.00181
-84.806484,499,17095.389404
-79.716051,499,17103.797836
-75.439678,499,17113.073129
-79.414862,499,17121.530365
-82.970625,499,17128.130846
-85.806774,499,17134.90862
-83.386236,499,17141.117726
-81.377522,499,17150.350482
-73.71378,499,17159.017787
-81.897814,499,17168.382613
-68.971749,499,17177.767669
-66.185791,499,17185.912558
-76.970547,499,17195.049601
-74.210738,499,17201.103804
-85.470385,499,17208.887513
-94.283799,499,17217.821563
-82.316228,499,17224.97225
-84.779099,499,17232.761786
-89.374872,499,17238.908362
-88.599444,499,17245.017024
-73.454349,499,17251.210896
-73.722725,499,17257.505343
-105.421248,499,17266.967674
-77.846918,499,17272.941789
-86.489896,499,17278.973057
-90.806897,499,17286.91802
-77.212636,499,17293.975512
-59.571077,499,17300.963449
-95.420626,499,17307.68074
-89.168374,499,17313.730035
-78.814539,499,17320.672467
-77.298817,499,17328.216632
-76.296208,499,17335.442001
-98.284379,499,17341.553108
-79.284221,499,17348.777805
-102.399898,499,17357.988918
-94.898972,499,17367.418865
-87.724568,499,17376.403767
-105.598725,499,17382.591973
-87.456046,499,17390.671853
-81.582802,499,17399.979795
-81.138438,499,17407.412953
-67.173572,499,17415.594404
-75.089646,499,17422.839681
-91.362299,499,17430.665529
-95.335281,499,17438.470361
-89.589362,499,17445.369872
-83.387108,499,17452.464941
-81.534062,499,17461.392553
-80.399166,499,17467.916594
-72.071791,499,17476.063205
-80.156228,499,17485.151062
-99.147038,499,17492.519439
-97.759945,499,17502.773309
-81.41374,499,17509.878053
-67.076326,499,17517.239016
-94.72491,499,17524.402884
-96.911621,499,17533.674425
-78.556112,499,17541.55752
-75.748937,499,17550.967814
-63.883352,499,17558.75015
-74.579819,499,17565.62112
-93.559069,499,17572.786078
-98.902728,499,17580.818407
-65.723595,499,17586.738234
-91.701181,499,17593.11322
-85.423231,499,17600.286617
-83.652832,499,17607.531126
-71.188882,499,17614.32742
-70.116342,499,17620.508089
-81.204808,499,17626.379236
-87.992918,499,17633.171744
-80.169015,499,17643.405221
-73.736593,499,17650.973665
-76.125564,499,17658.829266
-83.372097,499,17664.837041
-86.420532,499,17671.295836
-92.189587,499,17678.344708
-87.894144,499,17685.125811
-91.206938,499,17693.993853
-61.986976,499,17701.774739
-90.929337,499,17709.640558
-75.755585,499,17716.596781
-79.95473,499,17723.259412
-74.560738,499,17730.258687
-89.386118,499,17737.532736
-86.854395,499,17746.132755
-93.02109,499,17756.162687
-77.192097,499,17762.588149
-91.778247,499,17768.636693
-102.487086,499,17775.477011
-86.513894,499,17784.88582
-92.249132,499,17793.059771
-72.758133,499,17801.543478
-95.798966,499,17810.857867
-93.692592,499,17820.112519
-80.504214,499,17828.716754
-58.786521,499,17836.42236
-74.964283,499,17842.52976
-74.34978,499,17849.420257
-91.701102,499,17858.434067
-76.529104,499,17864.813126
-77.221237,499,17872.092465
-98.74357,499,17882.182084
-85.495631,499,17891.010352
-59.842948,499,17898.105375
-77.25203,499,17904.764609
-85.792326,499,17910.828893
-74.048674,499,17918.462315
-96.28145,499,17926.583473
-90.012732,499,17935.675946
-89.721577,499,17942.586763
-85.43149,499,17948.775103
-78.544434,499,17958.126992
-69.370419,499,17964.834883
-83.654911,499,17971.407113
-72.832678,499,17980.763716
-80.576168,499,17988.094797
-71.306309,499,17996.814757
-75.454102,499,18006.207203
-78.258788,499,18012.454254
-58.538145,499,18020.083858
-76.523758,499,18028.923872
-83.563333,499,18036.61262
-78.48823,499,18042.916536
-86.911152,499,18049.349267
-90.407665,499,18055.737524
-87.468088,499,18062.098799
-98.577666,499,18069.891925
-83.608257,499,18077.2196
-95.196265,499,18083.978879
-91.472066,499,18090.439135
-92.147932,499,18098.697007
-82.394428,499,18106.464665
-80.191445,499,18112.792007
-85.03348,499,18119.994555
-89.426776,499,18129.333123
-100.738364,499,18136.558256
-75.156387,499,18145.280088
-67.550582,499,18152.169727
-84.296338,499,18158.246773
-82.732732,499,18165.346549
-65.871768,499,18173.361711
-85.329885,499,18180.771615
-101.064943,499,18187.201056
-72.777171,499,18194.084017
-83.057974,499,18200.314263
-80.298685,499,18206.316121
-81.17674,499,18214.820847
-93.000038,499,18224.225479
-77.768095,499,18233.564882
-94.479365,499,18242.579318
-74.383582,499,18250.638834
-73.637043,499,18262.135988
-80.640277,499,18270.460785
-75.170961,499,18278.471873
-70.291786,499,18287.796659
-81.835958,499,18297.19777
-79.371445,499,18306.314363
-75.781611,499,18314.033883
-81.967763,499,18321.517781
-81.574327,499,18329.560046
-79.556158,499,18338.142569
-96.096547,499,18346.775878
-106.997901,499,18353.372113
-92.969092,499,18359.411087
-81.884213,499,18366.461725
-77.578088,499,18373.388597
-89.391669,499,18381.188714
-83.698113,499,18387.626207
-97.477753,499,18394.431856
-80.035788,499,18401.443422
-69.335887,499,18410.614559
-97.591072,499,18421.317019
-68.505433,499,18428.737249
-95.951181,499,18435.358219
-74.872771,499,18442.693929
-74.319993,499,18449.997896
-80.327864,499,18460.127654
-104.319168,499,18469.709912
-96.99246,499,18479.063862
-77.046852,499,18488.562028
-80.397318,499,18495.788009
-88.858854,499,18503.294957
-69.384235,499,18510.10375
-74.359003,499,18516.347162
-94.046883,499,18523.372201
-87.090692,499,18529.793198
-84.404641,499,18538.174934
-64.201736,499,18544.03181
-78.724198,499,18549.974524
-92.990425,499,18557.352774
-88.55967,499,18565.881395
-74.192068,499,18574.173607
-69.043732,499,18580.412488
-76.090309,499,18587.234708
-68.033523,499,18594.203328
-98.098286,499,18600.328283
-79.502371,499,18608.786546
-67.808538,499,18615.495331
-67.19202,499,18622.215592
-78.461773,499,18629.326
-96.613014,499,18636.653456
-110.419891,499,18649.588303
-88.993879,499,18659.176719
-55.121287,499,18668.594536
-100.293513,499,18678.330685
-86.877034,499,18685.760538
-96.882705,499,18694.038609
-84.468166,499,18702.729714
-76.586545,499,18710.305035
-90.584684,499,18719.683742
-85.796957,499,18728.975034
-100.540652,499,18737.519843
-68.304505,499,18746.952066
-84.516375,499,18756.525304
-82.77677,499,18765.938507
-63.771008,499,18773.320756
-81.422393,499,18781.737696
-86.461326,499,18789.39731
-82.379622,499,18798.051388
-83.965136,499,18804.812788
-80.483345,499,18812.700346
-111.005299,499,18820.947754
-93.327623,499,18827.52903
-75.804408,499,18835.315053
-82.503798,499,18842.313403
-80.039364,499,18849.783221
-72.314365,499,18858.164656
-68.287022,499,18867.67778
-94.027281,499,18876.411443
-83.658309,499,18885.797236
-77.705541,499,18895.207381
-79.11781,499,18903.640015
-91.592604,499,18910.741578
-87.381757,499,18917.941775
-93.941492,499,18927.2545
-88.371693,499,18936.618526
-96.956179,499,18944.696444
-86.316293,499,18951.146745
-95.899563,499,18957.462552
-91.610344,499,18963.715305
-77.185301,499,18970.428714
-78.660447,499,18978.494444
-92.926405,499,18984.422115
-81.833497,499,18991.563266
-97.113683,499,19001.050872
-73.787619,499,19008.547971
-88.867783,499,19017.154823
-88.435767,499,19025.755218
-76.680887,499,19033.103309
-86.711981,499,19041.402896
-81.528192,499,19049.097328
-68.330699,499,19059.00084
-93.010201,499,19067.437092
-72.370134,499,19076.394222
-71.733277,499,19082.548947
-89.555864,499,19091.236684
-73.601307,499,19100.490783
-79.743776,499,19108.255269
-78.734599,499,19114.391935
-98.031158,499,19120.35494
-84.252791,499,19126.898748
-74.439875,499,19134.476408
-75.6152,499,19141.214315
-92.849289,499,19148.314352
-76.538817,499,19155.701137
-77.748881,499,19162.340526
-71.782405,499,19171.11893
-91.440828,499,19179.72392
-84.706308,499,19188.349319
-91.909432,499,19194.93567
-72.309671,499,19203.45169
-77.836786,499,19211.54295
-72.653461,499,19220.015672
-72.445694,499,19229.356034
-73.932668,499,19238.033308
-67.23199,499,19244.917071
-101.201247,499,19254.655867
-77.21873,499,19263.98293
-85.301405,499,19272.588967
-93.93387,499,19278.888756
-90.044992,499,19284.930233
-71.140453,499,19291.939507
-71.2367,499,19301.418754
-69.246037,499,19310.727499
-61.414391,499,19320.093534
-61.727083,499,19326.467836
-94.458566,499,19334.58891
-93.148121,499,19341.632133
-72.955772,499,19347.922512
-83.507625,499,19357.316306
-100.499234,499,19365.151878
-83.005119,499,19373.725477
-95.249415,499,19380.886759
-71.07549,499,19387.654779
-82.83435,499,19394.414022
-72.494277,499,19403.794772
-67.924598,499,19412.605737
-67.840219,499,19420.791143
-65.804168,499,19429.775395
-74.809818,499,19436.645621
-98.545726,499,19443.172237
-96.987643,499,19453.288821
-73.621613,499,19460.303949
-71.890895,499,19466.707785
-94.381125,499,19472.90859
-94.926787,499,19480.44556
-102.430222,499,19487.876216
-75.969716,499,19495.631847
-82.607051,499,19505.040025
-68.210474,499,19514.498964
-99.025878,499,19523.875884
-85.413299,499,19533.510617
-79.859194,499,19541.108228
-103.72525,499,19550.5118
-91.782125,499,19559.959708
-65.926408,499,19568.865087
-83.817444,499,19578.026063
-65.788662,499,19586.19823
-69.859526,499,19595.586754
-72.633777,499,19605.072754
-79.68996,499,19613.368163
-72.135144,499,19620.479873
-76.967684,499,19627.392332
-67.254063,499,19635.246821
-97.988431,499,19644.647882
-83.027326,499,19654.043516
-78.812275,499,19663.80463
-82.854584,499,19670.08737
-87.299395,499,19676.552923
-88.504128,499,19682.537907
-104.32555,499,19690.446335
-76.635745,499,19698.126868
-101.823461,499,19704.750043
-81.462223,499,19710.775618
-81.224538,499,19717.473876
-66.519854,499,19723.467961
-63.031181,499,19731.97543
-88.636047,499,19741.389738
-71.134013,499,19749.305941
-88.997267,499,19757.338283
-80.723675,499,19763.980354
-73.361622,499,19771.990949
-90.59894,499,19780.79411
-68.985262,499,19787.583763
-71.248023,499,19794.03197
-81.871392,499,19800.718944
-96.187644,499,19809.767426
-77.168242,499,19815.909581
-72.001794,499,19822.285861
-83.025935,499,19831.179158
-79.70289,499,19838.362366
-86.749824,499,19850.616618
-73.570989,499,19858.850482
-68.080879,499,19867.211365
-101.21762,499,19874.26561
-77.405901,499,19881.074444
-88.588133,499,19892.084704
-87.294221,499,19901.574811
-80.618464,499,19909.928984
-78.463579,499,19917.949356
-81.280665,499,19927.402729
-69.286744,499,19935.94129
-72.001778,499,19944.257088
-84.442727,499,19952.185863
-74.09751,499,19958.249456
-85.613215,499,19964.543313
-75.504054,499,19973.516971
-78.666631,499,19981.361039
-82.417159,499,19987.806489
-96.47916,499,19994.038685
-81.348762,499,20002.798746
-80.981184,499,20012.37615
-79.765806,499,20018.511262
-65.06881,499,20026.062786
-84.774505,499,20035.569624
-77.180187,499,20045.594451
-87.507531,499,20053.609833
-84.673219,499,20060.620272
-72.047218,499,20067.805382
-81.968295,499,20076.225438
-93.985318,499,20084.576776
-71.651292,499,20092.473127
-85.029161,499,20099.126517
-76.368928,499,20106.352768
-71.562058,499,20114.83973
-87.667468,499,20124.227046
-83.093931,499,20133.952299
-79.954223,499,20140.617942
-84.929517,499,20147.489206
-98.987572,499,20156.895818
-97.660277,499,20166.266724
-76.074834,499,20176.555049
-78.245688,499,20183.060774
-84.61132,499,20189.986199
-83.109013,499,20196.872005
-84.195035,499,20203.943378
-80.526755,499,20211.903957
-68.690512,499,20219.617851
-87.497704,499,20227.748801
-74.152101,499,20234.499463
-106.528762,499,20243.284518
-70.116844,499,20253.531258
-89.926804,499,20259.629687
-75.504374,499,20266.875201
-91.552371,499,20275.629643
-93.345483,499,20281.87215
-92.38354,499,20289.133456
-80.716123,499,20296.445911
-96.532853,499,20305.827003
-88.851544,499,20315.281718
-78.257716,499,20323.801711
-102.055218,499,20333.387921
-76.232071,499,20340.752912
-85.685987,499,20350.203239
-53.371813,499,20359.705507
-84.543274,499,20366.831734
-104.083815,499,20376.438223
-87.784842,499,20382.79743
-89.974778,499,20390.87973
-98.185307,499,20398.586681
-86.442683,499,20407.841631
-81.421746,499,20415.169077
-78.267812,499,20421.578593
-91.95416,499,20429.113779
-101.316942,499,20438.504674
-101.688168,499,20445.742303
-72.381801,499,20453.795879
-74.887838,499,20462.235026
-71.807939,499,20471.482461
-72.798863,499,20479.099325
-68.765278,499,20486.822752
-78.471593,499,20494.162243
-77.769574,499,20501.852739
-98.880572,499,20507.917456
-80.713522,499,20514.705749
-89.125458,499,20523.921317
-81.132455,499,20533.329216
-80.508513,499,20540.02911
-93.643919,499,20546.563199
-84.376509,499,20552.855399
-83.616761,499,20559.452262
-87.924072,499,20566.55969
-86.878689,499,20573.220672
-69.957679,499,20582.416262
-77.643981,499,20591.779744
-92.880004,499,20601.417489
-82.166825,499,20611.289955
-78.126861,499,20617.723941
-94.803863,499,20626.259057
-68.59472,499,20634.481389
-81.151037,499,20643.952397
-77.073532,499,20655.651968
-83.646752,499,20664.649153
-72.916637,499,20673.710835
-74.394407,499,20682.303534
-98.503234,499,20691.731951
-75.916609,499,20701.723934
-83.175662,499,20710.040763
-81.135856,499,20716.449606
-78.022494,499,20722.550327
-95.951501,499,20732.673256
-93.86863,499,20743.544993
-68.591116,499,20752.632595
-102.448301,499,20759.123757
-76.957775,499,20768.188904
-78.724618,499,20775.453213
-79.19789,499,20782.644144
-51.658538,499,20788.901972
-87.808867,499,20794.930318
-73.35311,499,20800.973891
-88.062578,499,20807.150017
-73.578347,499,20814.644563
-92.432029,499,20820.595694
-85.4209,499,20826.953998
-76.675284,499,20833.346725
-73.539848,499,20842.023442
-64.436087,499,20851.809258
-85.224982,499,20857.68936
-80.971854,499,20865.133983
-56.876287,499,20871.371016
-64.792165,499,20879.734433
-96.512535,499,20887.236368
-66.297298,499,20894.346295
-95.602615,499,20903.173828
-91.165803,499,20912.530192
-75.124235,499,20919.805253
-87.46286,499,20927.056856
-75.837218,499,20934.305963
-76.550978,499,20940.482333
-84.063924,499,20946.798465
-67.114334,499,20953.643972
-92.140003,499,20962.512652
-87.885912,499,20968.991804
-61.705845,499,20975.985659
-91.8284,499,20984.765123
-85.729928,499,20994.216525
-84.23996,499,21005.987817
-95.796884,499,21013.583028
-79.057057,499,21020.114584
-88.977544,499,21026.321324
-76.05528,499,21034.75604
-82.695793,499,21047.680947
-87.989104,499,21056.716736
-86.441549,499,21063.688583
-76.069453,499,21070.617573
-82.23363,499,21077.132604
-91.954826,499,21085.393235
-74.413595,499,21091.786633
-97.612264,499,21100.179059
-67.711783,499,21106.185695
-107.962786,499,21113.363707
-85.206683,499,21121.770086
-75.726766,499,21127.992578
-78.492889,499,21135.654669
-69.487351,499,21144.971655
-72.269464,499,21154.332874
-86.542766,499,21164.514096
-72.516078,499,21171.831813
-99.788228,499,21181.276658
-72.971085,499,21190.615565
-92.632599,499,21199.220461
-92.806354,499,21207.02569
-97.914196,499,21213.810757
-70.804746,499,21219.773781
-70.446382,499,21225.943377
-81.416565,499,21232.421108
-70.466134,499,21240.121385
-93.5577,499,21246.40174
-76.781699,499,21252.411111
-83.802553,499,21258.373981
-85.981927,499,21264.253057
-74.414466,499,21271.830427
-97.546508,499,21278.164555
-69.067822,499,21284.163746
-78.273386,499,21291.244802
-92.531809,499,21299.050552
-67.32167,499,21306.234482
-78.618144,499,21312.749498
-70.55247,499,21320.462086
-86.078544,499,21328.211057
-90.525806,499,21334.283115
-75.744829,499,21342.869422
-62.175476,499,21349.290072
-100.07331,499,21356.069737
-75.111704,499,21363.160372
-91.491586,499,21369.439854
-82.346752,499,21376.421459
-69.629543,499,21382.695967
-78.044354,499,21389.039027
-86.802579,499,21394.871295
-61.49985,499,21401.885384
-85.436999,499,21411.626369
-89.993003,499,21418.454114
-78.91331,499,21424.584017
-92.632996,499,21430.614735
-89.618409,499,21436.773598
-91.439757,499,21443.961065
-108.507176,499,21450.259155
-73.996988,499,21456.642567
-101.142063,499,21464.197238
-86.416719,499,21471.728369
-79.242176,499,21479.239934
-77.602646,499,21485.227039
-77.523294,499,21491.192671
-97.505186,499,21498.264854
-92.713077,499,21504.870704
-72.291779,499,21513.255367
-86.339925,499,21519.895024
-73.792665,499,21526.175998
-76.710637,499,21533.225833
-88.287811,499,21540.497903
-64.399593,499,21548.348644
-71.317797,499,21555.283725
-84.281132,499,21563.300293
-105.694383,499,21569.248396
-93.258536,499,21575.781556
-88.048551,499,21582.718336
-93.012282,499,21589.872149
-89.357434,499,21596.278374
-80.653563,499,21602.728074
-79.981732,499,21609.243653
-58.967693,499,21618.035091
-75.461087,499,21625.302855
-76.914134,499,21631.685756
-93.887406,499,21638.262014
-58.563567,499,21644.289842
-73.457387,499,21651.733216
-90.403051,499,21658.069259
-69.91931,499,21664.564558
-95.517348,499,21670.699631
-79.464077,499,21676.580261
-76.454674,499,21683.634978
-65.570883,499,21690.529948
-76.309636,499,21697.344048
-84.327257,499,21703.284194
-79.882314,499,21709.446403
-96.267995,499,21716.400292
-86.551604,499,21722.276042
-91.148529,499,21728.117817
-76.752165,499,21735.483166
-70.014381,499,21741.843915
-93.099683,499,21747.993426
-85.805123,499,21755.016212
-64.489059,499,21761.064118
-83.583464,499,21767.66868
-84.240471,499,21775.011777
-74.326677,499,21781.540642
