#{"t_start": 1686329925.305564, "env_id": "quantumEnvMeasureFilter-v0"}
r,l,t
-517.903831,499,42.229666
-494.502679,499,79.061409
-660.645752,499,116.779699
-538.025695,499,154.270426
-539.599895,499,190.665484
-634.624032,499,229.350936
-580.125086,499,267.286172
-578.463372,499,304.690625
-552.899667,499,342.804585
-589.694549,499,379.34237
-530.230932,499,416.709707
-618.736406,499,452.981894
-676.744473,499,489.965279
-517.791085,499,528.143184
-495.60636,499,566.410611
-584.21604,499,604.869604
-551.075516,499,642.264414
-561.507467,499,681.310736
-538.056968,499,718.163843
-569.491149,499,755.447149
-600.601018,499,797.577813
-471.21549,499,838.007294
-505.943027,499,875.452512
-598.584979,499,913.83902
-655.6395,499,952.571752
-580.868936,499,992.509215
-576.607582,499,1031.583922
-683.108125,499,1070.178011
-572.321865,499,1106.7936
-544.439943,499,1143.060392
-575.487509,499,1179.291181
-579.949986,499,1213.974539
-547.390019,499,1247.065488
-537.382225,499,1281.577274
-571.247827,499,1316.280285
-619.914317,499,1351.775946
-657.351674,499,1386.022089
-509.068267,499,1419.314622
-522.811085,499,1452.222018
-553.409743,499,1486.126528
-599.14221,499,1519.397474
-589.17106,499,1551.936497
-522.319074,499,1586.644232
-570.718542,499,1620.545947
-595.561765,499,1654.271747
-478.722918,499,1687.468715
-510.204903,499,1720.549247
-603.52637,499,1753.039931
-635.205806,499,1785.920833
-584.777476,499,1818.762896
-621.24033,499,1854.02072
-649.149727,499,1888.542027
-542.781658,499,1923.28604
-537.112732,499,1959.614048
-616.946864,499,1993.845283
-541.903519,499,2028.742893
-542.161619,499,2063.079868
-561.829059,499,2096.494501
-638.463065,499,2130.88448
-619.793286,499,2163.903124
-615.406342,499,2197.140761
-505.119334,499,2231.041275
-525.928927,499,2263.850011
-558.780318,499,2299.029227
-588.924676,499,2334.242081
-529.604033,499,2367.906757
-530.735811,499,2403.209109
-569.568114,499,2437.157721
-547.226025,499,2471.418893
-468.871713,499,2504.523659
-543.03048,499,2539.197178
-643.951375,499,2572.939543
-590.139045,499,2608.184005
-615.226845,499,2643.083707
-603.431107,499,2676.719804
-707.943575,499,2710.63961
-514.042148,499,2744.056886
-524.111949,499,2777.776835
-659.315581,499,2811.084499
-546.879339,499,2844.386748
-533.346164,499,2878.61529
-618.136855,499,2911.68015
-620.152924,499,2945.794878
-593.64095,499,2979.008065
-634.574704,499,3012.613244
-480.123048,499,3047.967739
-531.371524,499,3081.949744
-531.300614,499,3115.797808
-625.32195,499,3149.760192
-535.508982,499,3184.622373
-533.397525,499,3220.144839
-609.078031,499,3253.678195
-481.939664,499,3288.296334
-554.917166,499,3322.433231
-492.545708,499,3356.813812
-644.262559,499,3391.348894
-589.321608,499,3424.848948
-562.286579,499,3459.643739
-657.546935,499,3493.402875
-651.890352,499,3528.433285
-520.14468,499,3566.055273
-490.723516,499,3599.732027
-691.744833,499,3633.466271
-571.67033,499,3668.085939
-503.964149,499,3703.346013
-582.632658,499,3738.046819
-611.774172,499,3771.57867
-589.530552,499,3805.017351
-631.827644,499,3838.56929
-482.943341,499,3873.383162
-549.414158,499,3908.128751
-549.915674,499,3940.631063
-646.723603,499,3973.866029
-519.00465,499,4006.76954
-554.804283,499,4039.010506
-642.31732,499,4073.502861
-469.991858,499,4104.712523
-527.43404,499,4136.207479
-508.490896,499,4167.781892
-689.28601,499,4200.781034
-572.133467,499,4234.808961
-603.619446,499,4267.429247
-692.690225,499,4300.88707
-592.262854,499,4332.876992
-553.075629,499,4365.349819
-486.247195,499,4399.820705
-605.138092,499,4431.879204
-584.977452,499,4463.688771
-537.556604,499,4495.758311
-568.85551,499,4527.849163
-613.636509,499,4561.48721
-623.941336,499,4593.609886
-588.657762,499,4625.70712
-462.296693,499,4658.716019
-554.528093,499,4691.251155
-591.070828,499,4724.646496
-598.234643,499,4757.75126
-514.659029,499,4790.709811
-540.441549,499,4822.625543
-616.915943,499,4854.559123
-486.344204,499,4886.471558
-516.984496,499,4917.582453
-579.923181,499,4950.824262
-603.897389,499,4982.637793
-604.16451,499,5014.903494
-501.376189,499,5047.183439
-749.78576,499,5077.962344
-526.223475,499,5109.804656
-542.241584,499,5142.244642
-517.78615,499,5173.151136
-625.48506,499,5206.768565
-507.469795,499,5240.370265
-571.38212,499,5272.42061
-519.069048,499,5304.241207
-649.865892,499,5336.394758
-635.121507,499,5370.632721
-541.810841,499,5404.288118
-503.795429,499,5437.576879
-565.219756,499,5471.226025
-559.670652,499,5502.52847
-571.313582,499,5535.601022
-536.176957,499,5568.238898
-540.476615,499,5600.723176
-582.973892,499,5632.366263
-460.919718,499,5666.08997
-541.090499,499,5699.843147
-592.547358,499,5732.900978
-635.379606,499,5764.572139
-617.044295,499,5798.264404
-516.370078,499,5832.012997
-729.849885,499,5865.32381
-544.231108,499,5896.588777
-547.738062,499,5928.568939
-522.049575,499,5961.072973
-611.583482,499,5994.464194
-512.149582,499,6027.423001
-580.41813,499,6060.99365
-505.506004,499,6093.424278
-608.765722,499,6125.954241
-674.436627,499,6158.655196
-540.191433,499,6191.409992
-503.688037,499,6223.968181
-573.076617,499,6257.549021
-591.124374,499,6289.826003
-581.50136,499,6323.451071
-521.084838,499,6357.525882
-554.404709,499,6390.161193
-597.253676,499,6421.737709
-460.078655,499,6453.627504
-505.837858,499,6487.02261
-555.489059,499,6520.451091
-642.119714,499,6551.490086
-584.848287,499,6583.270353
-611.925484,499,6616.081634
-692.660026,499,6648.339106
-576.483289,499,6680.751903
-516.867597,499,6713.334613
-603.90511,499,6746.78101
-563.142101,499,6779.434225
-524.2096,499,6812.769588
-547.415349,499,6847.29325
-559.638111,499,6880.343147
-642.513187,499,6913.365064
-657.647952,499,6946.522285
-563.229569,499,6980.110169
-546.238952,499,7012.634816
-583.08101,499,7045.936643
-593.041561,499,7077.455889
-596.831663,499,7111.154075
-502.203416,499,7144.554712
-544.768845,499,7178.283025
-584.377704,499,7210.689043
-468.800494,499,7243.716113
-501.140791,499,7275.792144
-629.119005,499,7309.35178
-636.733808,499,7340.832991
-584.420506,499,7374.666577
-598.833085,499,7406.791609
-637.341795,499,7438.186184
-538.511661,499,7472.966164
-515.733462,499,7506.382987
-577.513704,499,7539.634634
-578.926629,499,7571.691091
-539.528794,499,7604.494591
-545.21567,499,7637.951152
-610.529761,499,7669.393486
-606.271392,499,7701.903852
-617.581722,499,7734.288182
-524.156302,499,7766.625905
-504.505574,499,7799.579032
-560.220413,499,7834.562569
-563.059521,499,7866.379226
-537.621128,499,7899.337301
-529.987122,499,7931.840993
-590.983414,499,7965.026183
-564.39894,499,7996.556913
-459.674497,499,8029.548394
-527.951426,499,8062.828279
-646.016642,499,8094.995903
-604.373515,499,8126.714026
-568.105367,499,8158.757422
-613.765501,499,8190.821366
-702.853557,499,8222.428774
-510.193772,499,8255.975925
-487.118843,499,8287.910841
-644.727155,499,8319.843987
-535.396568,499,8351.342295
-540.455714,499,8381.911462
-624.554671,499,8414.831199
-607.227365,499,8446.289584
-580.042085,499,8483.154597
-665.19709,499,8515.364848
-470.474746,499,8547.796834
-558.200238,499,8580.591003
-524.8098,499,8612.686211
-661.227615,499,8645.271401
-525.545938,499,8677.054157
-531.707231,499,8709.652879
-582.048592,499,8741.125096
-534.64645,499,8774.022287
-514.415149,499,8806.523588
-513.220266,499,8838.720205
-670.728652,499,8871.413307
-604.66473,499,8902.808102
-599.7761,499,8935.438155
-641.333573,499,8969.057676
-643.973014,499,9001.899466
-499.790003,499,9034.076984
-529.799224,499,9067.148706
-652.416698,499,9101.929303
-567.45105,499,9136.358309
-496.501717,499,9168.774447
-570.803004,499,9201.611073
-606.354753,499,9235.439639
-608.261991,499,9268.068172
-619.465013,499,9302.680812
-516.466881,499,9334.558462
-548.497585,499,9368.229042
-559.324552,499,9400.086543
-638.407165,499,9432.370577
-509.272326,499,9466.23613
-538.188322,499,9497.748232
-627.451553,499,9529.950892
-495.184042,499,9561.453691
-526.944664,499,9593.924438
-503.522177,499,9627.2237
-647.952422,499,9661.426314
-576.034898,499,9693.61355
-592.569091,499,9727.176944
-688.769442,499,9759.102986
-603.415726,499,9790.942849
-543.157397,499,9822.850985
-455.049915,499,9855.248147
-637.779468,499,9887.7347
-576.574483,499,9920.533009
-555.222787,499,9954.095386
-560.747653,499,9987.124238
-608.787894,499,10018.707374
-599.72417,499,10050.281287
-569.697792,499,10082.65421
-476.197891,499,10117.041689
-569.198396,499,10149.217035
-590.694074,499,10180.34944
-608.102362,499,10211.301103
-497.277544,499,10243.23927
-550.256203,499,10276.564105
-587.256982,499,10308.337344
-511.073774,499,10339.146597
-553.141968,499,10372.415011
-547.117127,499,10404.966097
-598.190267,499,10438.213978
-605.915509,499,10469.746645
-511.480876,499,10501.651087
-759.760128,499,10533.849433
-547.060317,499,10565.738189
-546.411777,499,10598.134107
-514.334648,499,10629.372716
-619.276025,499,10661.900822
-506.631639,499,10694.26601
-600.772523,499,10725.68059
-547.126143,499,10758.375295
-588.060584,499,10790.925969
-621.556872,499,10823.991821
-533.131942,499,10856.380445
-480.608801,499,10888.009294
-570.115464,499,10919.633844
-555.428358,499,10952.000596
-603.776929,499,10984.328231
-501.815669,499,11017.562871
-549.206756,499,11050.137288
-583.912644,499,11083.889907
-459.689813,499,11116.213394
-516.141271,499,11149.344699
-540.527099,499,11181.250125
-606.43701,499,11212.559291
-639.145673,499,11245.573606
-499.343572,499,11278.732272
-707.04717,499,11310.632374
-530.626129,499,11342.525356
-526.778606,499,11374.377648
-453.002244,499,11406.655037
-556.183851,499,11438.585518
-511.317381,499,11470.491728
-513.508235,499,11501.698717
-522.320747,499,11533.808219
-609.316806,499,11567.422021
-647.325771,499,11600.428736
-532.19186,499,11632.646133
-509.700937,499,11664.125682
-576.606718,499,11696.627796
-562.693098,499,11731.929677
-557.463689,499,11763.544763
-518.82265,499,11795.29113
-535.490003,499,11825.987816
-620.111393,499,11857.550242
-450.843766,499,11891.006539
-507.060578,499,11922.936454
-550.78662,499,11953.835282
-574.811508,499,11985.901086
-582.018915,499,12017.657927
-568.863755,499,12049.138119
-642.237187,499,12080.761244
-542.490074,499,12112.686678
-529.444318,499,12144.596933
-554.765512,499,12178.253931
-548.651492,499,12214.07876
-549.284539,499,12249.221335
-543.715907,499,12284.675634
-547.080999,499,12319.644889
-559.136697,499,12354.94289
-626.794986,499,12389.280308
-599.946363,499,12423.540375
-476.591524,499,12458.794778
-523.071963,499,12492.905156
-513.439668,499,12527.871445
-581.677379,499,12563.162046
-494.429854,499,12598.635766
-499.939051,499,12633.388331
-656.204959,499,12668.103742
-488.928383,499,12701.762746
-513.440722,499,12736.140627
-561.618641,499,12771.921812
-558.678365,499,12805.014355
-571.652159,499,12840.319274
-566.537272,499,12875.056092
-614.049485,499,12910.775935
-564.534652,499,12946.29835
-549.966786,499,12981.113135
-508.608087,499,13016.065655
-527.778219,499,13051.037951
-555.818526,499,13086.157349
-529.556812,499,13120.272178
-610.47581,499,13156.044752
-574.11695,499,13189.949352
-592.990598,499,13224.948051
-548.372651,499,13260.862986
-455.739804,499,13295.608224
-506.918673,499,13330.20188
-568.049883,499,13364.866771
-513.515627,499,13400.387123
-517.656091,499,13437.199585
-521.873037,499,13471.655243
-630.420748,499,13507.222237
-455.159965,499,13542.129743
-522.530238,499,13578.206912
-636.427316,499,13613.83744
-480.094178,499,13645.693784
-574.2145,499,13676.462506
-631.668541,499,13707.142003
-676.724094,499,13738.334549
-519.023666,499,13770.358575
-510.898275,499,13802.380146
-561.45671,499,13834.411488
-554.548454,499,13867.052597
-518.545038,499,13899.370951
-611.287519,499,13931.86364
-603.289613,499,13963.771824
-559.384929,499,13997.203678
-666.014564,499,14029.190058
-501.038497,499,14061.182647
-546.63315,499,14092.941672
-501.695108,499,14125.629336
-556.124959,499,14157.168516
-498.867764,499,14188.7138
-499.243329,499,14221.246096
-571.949074,499,14253.277698
-560.098389,499,14286.069991
-480.845719,499,14317.649098
-504.976033,499,14349.930903
-620.093324,499,14380.676671
-498.900566,499,14413.033336
-552.064056,499,14444.961059
-651.950141,499,14476.584537
-665.485944,499,14509.07431
-493.496645,499,14540.793191
-516.916614,499,14572.89225
-582.590924,499,14604.92613
-574.617056,499,14636.646979
-483.845979,499,14668.408193
-612.109124,499,14700.398147
-607.92171,499,14732.457623
-528.603367,499,14764.674352
-633.170897,499,14796.235911
-512.102037,499,14829.834014
-545.052949,499,14861.852201
-562.48617,499,14895.510051
-577.674831,499,14928.256542
-467.567565,499,14961.607701
-472.071406,499,14992.46842
-595.045297,499,15024.545531
-484.420387,499,15059.115112
-514.767528,499,15090.715153
-481.741695,499,15122.821632
-614.151843,499,15153.905302
-513.622932,499,15185.146224
-558.160394,499,15218.94559
-629.280417,499,15251.020044
-617.983019,499,15283.041652
-514.085598,499,15314.622036
-429.502139,499,15347.299736
-543.77046,499,15380.671945
-538.14619,499,15413.685099
-513.871574,499,15444.909757
-598.092584,499,15478.087431
-583.663295,499,15509.211065
-579.689376,499,15541.745355
-592.675526,499,15574.062591
-511.698489,499,15606.430818
-593.854735,499,15639.55926
-548.576258,499,15671.013217
-603.984543,499,15703.909138
-505.415233,499,15736.806779
-496.040527,499,15768.665651
-622.755958,499,15801.158478
-447.212232,499,15832.583338
-513.662837,499,15866.586193
-510.757155,499,15899.618901
-598.836055,499,15931.870476
-527.655857,499,15964.454712
-501.28372,499,15996.77403
-700.642256,499,16028.747721
-572.863548,499,16060.063169
-508.681866,499,16091.891118
-457.763565,499,16124.709847
-575.632683,499,16157.549031
-533.763764,499,16189.428061
-530.497503,499,16221.710705
-519.063005,499,16254.050316
-610.492575,499,16285.201614
-616.097839,499,16317.731987
-544.638015,499,16350.017888
-504.992233,499,16382.295868
-583.369055,499,16413.893774
-495.775682,499,16446.516574
-547.841853,499,16478.354246
-481.9337,499,16511.519887
-497.793394,499,16543.84197
-592.043822,499,16575.548991
-488.180252,499,16608.630037
-501.725641,499,16639.744808
-550.206024,499,16672.703594
-578.041886,499,16707.705295
-614.640635,499,16741.52883
-474.362622,499,16771.900822
-743.167644,499,16804.148914
-585.309037,499,16836.682168
-509.446733,499,16869.533631
-454.307046,499,16901.860163
-535.234142,499,16933.829027
-524.356749,499,16965.964813
-527.805493,499,16998.144479
-521.353877,499,17031.4454
-593.841042,499,17064.532824
-650.927105,499,17096.654119
-539.528114,499,17129.561166
-532.771092,499,17160.948205
-587.546454,499,17193.771235
-535.969182,499,17225.33263
-558.053492,499,17258.775537
-491.462078,499,17291.001442
-465.279061,499,17323.528971
-594.930581,499,17357.986898
-429.60129,499,17390.184369
-503.458794,499,17423.02726
-532.612564,499,17455.368346
-591.545359,499,17489.6556
-588.686014,499,17523.605217
-560.136313,499,17557.879616
-631.604094,499,17591.943521
-522.560045,499,17622.682628
-518.767789,499,17653.275752
-484.296762,499,17684.65193
-487.730354,499,17719.607037
-512.945771,499,17753.39914
-503.708982,499,17786.832918
-516.761169,499,17818.759297
-607.554507,499,17851.204536
-626.227428,499,17884.033283
-549.146846,499,17915.52219
-502.954938,499,17948.556154
-589.357072,499,17981.105296
-494.650883,499,18013.775909
-598.352912,499,18045.356493
-467.615437,499,18075.973413
-492.552646,499,18108.933448
-614.300693,499,18142.04987
-430.184044,499,18174.612351
-495.565494,499,18207.141752
-554.910214,499,18239.15014
-573.916368,499,18270.730845
-575.808549,499,18305.969109
-569.350971,499,18339.796683
-597.601993,499,18371.977084
-547.893675,499,18405.155535
-485.645514,499,18437.360379
-535.72433,499,18469.432018
-506.355093,499,18501.721054
-540.162754,499,18534.604125
-482.679459,499,18567.46673
-589.976134,499,18600.527604
-559.83161,499,18632.092078
-604.13629,499,18665.30646
-566.309517,499,18697.967926
-449.570357,499,18730.205601
-513.465069,499,18762.987092
-545.914139,499,18797.875843
-587.340439,499,18829.779789
-500.001572,499,18861.53533
-491.149716,499,18893.917006
-573.959135,499,18925.382106
-466.317646,499,18956.848417
-522.168097,499,18988.784595
-564.294796,499,19021.331218
-492.683841,499,19054.28311
-544.02585,499,19087.119337
-637.754946,499,19120.446229
-659.524735,499,19154.200328
-488.514748,499,19185.904269
-482.550379,499,19217.836475
-573.460491,499,19250.887086
-472.90279,499,19283.978498
-517.324875,499,19316.212567
-513.290692,499,19348.627123
-584.051785,499,19381.870089
-582.216425,499,19414.743629
-673.458247,499,19445.663261
-510.992435,499,19478.777369
-486.392819,499,19510.180459
-529.393202,499,19543.187622
-548.495473,499,19575.502472
-526.207746,499,19606.890924
-508.708834,499,19641.872632
-550.776581,499,19673.253831
-501.429397,499,19706.612787
-458.410835,499,19740.420006
-539.28204,499,19772.129824
-570.294377,499,19805.227417
-535.382239,499,19838.085266
-555.5747,499,19871.76829
-643.043787,499,19904.446419
-651.28904,499,19939.422786
-527.308995,499,19972.970157
-492.59403,499,20005.214955
-596.119817,499,20036.352983
-528.880541,499,20070.667501
-511.36403,499,20104.037158
-530.839293,499,20136.16752
-601.456068,499,20168.571351
-522.083031,499,20201.388932
-610.755069,499,20234.040748
-542.941283,499,20266.104762
-483.528009,499,20298.155215
-536.994372,499,20330.864984
-565.32176,499,20362.877866
-466.125175,499,20396.450565
-479.993206,499,20428.600471
-570.336269,499,20461.379257
-516.022408,499,20493.507382
-495.97012,499,20525.896838
-506.174962,499,20557.045284
-598.428806,499,20589.631421
-553.018256,499,20622.561792
-524.889286,499,20655.321263
-632.592074,499,20686.585045
-639.155454,499,20718.618653
-552.328024,499,20749.67549
-478.752804,499,20781.864582
-534.812623,499,20813.909354
-547.025842,499,20846.742313
-516.54698,499,20879.399934
-512.611725,499,20912.537075
-583.490587,499,20944.918066
-585.492751,499,20977.819211
-628.020854,499,21008.094565
-517.210174,499,21040.209428
-509.196601,499,21072.813761
-553.552059,499,21105.501179
-571.294818,499,21138.597944
-468.348538,499,21171.579993
-506.929379,499,21204.239233
-580.041007,499,21236.502166
-477.276251,499,21270.502918
-518.600159,499,21302.571078
-501.475321,499,21334.474121
-583.033078,499,21366.112256
-477.043943,499,21399.123653
-599.141773,499,21431.812591
-683.034073,499,21464.18358
-521.459331,499,21495.213119
-527.277732,499,21526.778066
-471.317497,499,21559.982534
-570.858269,499,21592.82503
-568.830178,499,21625.444468
-517.213878,499,21658.013645
-548.543023,499,21690.091908
-579.875495,499,21722.713862
-628.999913,499,21756.554116
-528.942466,499,21788.262184
-522.132988,499,21821.276216
-533.683953,499,21852.575989
-515.371155,499,21883.766053
-636.722691,499,21916.775758
-489.459325,499,21949.247251
-521.543826,499,21981.321632
-569.996063,499,22012.834171
-516.147355,499,22044.809
-523.804174,499,22077.170029
-532.674443,499,22109.270961
-589.699309,499,22141.282278
-558.280405,499,22173.414142
-470.026559,499,22205.895805
-723.238848,499,22238.305235
-560.276782,499,22271.17628
-539.999935,499,22303.010092
-490.843633,499,22335.832007
-553.611601,499,22367.633986
-536.17534,499,22400.075057
-554.849502,499,22432.644903
-538.194154,499,22464.307811
-577.731652,499,22496.679355
-625.089216,499,22527.866862
-496.721635,499,22560.723481
-473.444835,499,22592.367999
-556.521074,499,22624.74769
-505.803892,499,22658.107126
-576.944558,499,22689.890934
-499.438025,499,22722.41865
-497.914586,499,22755.129532
-599.399515,499,22786.899019
-474.548016,499,22819.328544
-541.783619,499,22851.828103
-533.588018,499,22884.799873
-569.848219,499,22918.013802
-571.343257,499,22950.294278
-555.15738,499,22981.573312
-666.922748,499,23014.730177
-587.968729,499,23047.732844
-514.463969,499,23079.143666
-488.545544,499,23111.098019
-539.573994,499,23142.512936
-512.022093,499,23176.859457
-477.323876,499,23210.572407
-516.786099,499,23242.239603
-566.439563,499,23274.251256
-627.01953,499,23306.733633
-517.52179,499,23340.726327
-459.941933,499,23373.662249
-603.910411,499,23407.041725
-516.240309,499,23439.379918
-584.066348,499,23471.632183
-456.418757,499,23504.258757
-510.431448,499,23537.281225
-660.017406,499,23570.216064
-431.945571,499,23601.611829
-532.445724,499,23633.614878
-557.196082,499,23665.335136
-579.491465,499,23698.76788
-621.596985,499,23732.295135
-535.868146,499,23763.348496
-625.150419,499,23795.890145
-595.339154,499,23829.985214
-487.736065,499,23862.799135
-533.906078,499,23895.444889
-539.159187,499,23927.605054
-515.183158,499,23959.528615
-534.451195,499,23992.180409
-598.424414,499,24025.154292
-579.810717,499,24056.93528
-578.334809,499,24089.104101
-579.512135,499,24120.701933
-482.022719,499,24152.907279
-561.356255,499,24185.57885
-531.67253,499,24217.396467
-556.067033,499,24248.78705
-506.270386,499,24279.896733
-471.086736,499,24311.498792
-613.266936,499,24344.663703
-441.868105,499,24377.150452
-492.368871,499,24409.645071
-616.646163,499,24441.266447
-510.832379,499,24473.53312
-570.13874,499,24506.449733
-582.080654,499,24539.505399
-600.990706,499,24572.223902
-507.31147,499,24603.909343
-499.059166,499,24636.32208
-550.720018,499,24670.255054
-505.081704,499,24701.379642
-511.258898,499,24732.776383
-562.070944,499,24765.005045
-577.551521,499,24799.229171
-536.759361,499,24831.90182
-691.978071,499,24863.434562
-494.034097,499,24895.172973
-502.527936,499,24927.499111
-518.633162,499,24959.018007
-546.948427,499,24991.278213
-497.273318,499,25022.335807
-544.257226,499,25054.847418
-562.399604,499,25087.710531
-515.291883,499,25118.666731
-450.57598,499,25151.005259
-544.278763,499,25183.015644
-612.981509,499,25214.852126
-492.160075,499,25246.766998
-570.573503,499,25279.09265
-609.543426,499,25311.666991
-627.829662,499,25343.84885
-489.186098,499,25375.572291
-507.33392,499,25408.307319
-581.419694,499,25439.680875
-502.873939,499,25472.623345
-488.127892,499,25504.045638
-501.912902,499,25535.877985
-587.069435,499,25568.311108
-509.445574,499,25599.579586
-606.525188,499,25633.21147
-490.907164,499,25666.080936
-519.797845,499,25697.975959
-557.015757,499,25730.296397
-567.140553,499,25761.708212
-489.101281,499,25795.820373
-488.034663,499,25828.363377
-576.554271,499,25860.18346
-544.376971,499,25892.20596
-490.193606,499,25923.696711
-506.427659,499,25954.533729
-569.652966,499,25986.176882
-532.224352,499,26017.205772
-541.534663,499,26048.916532
-658.454427,499,26081.230321
-622.534926,499,26113.584911
-496.019955,499,26145.429126
-510.276815,499,26176.290054
-570.949712,499,26207.337787
-512.591288,499,26238.959991
-525.529747,499,26271.234112
-530.212498,499,26303.183887
-563.766828,499,26336.460054
-554.316972,499,26367.563852
-569.703678,499,26401.227429
-508.661291,499,26434.180375
-527.181212,499,26467.717168
-552.069618,499,26500.353045
-540.298684,499,26532.087377
-474.040204,499,26565.470736
-486.394732,499,26598.845308
-588.718946,499,26630.549165
-484.104003,499,26663.38716
-479.460497,499,26695.986274
-533.846458,499,26727.561162
-573.017053,499,26761.641305
-553.122534,499,26793.794869
-570.952489,499,26825.951233
-686.421192,499,26859.427356
-517.800724,499,26893.061104
-538.46237,499,26926.184932
-463.061587,499,26958.442533
-553.720347,499,26991.634341
-544.015307,499,27023.990833
-512.949095,499,27056.077333
-555.950937,499,27088.577949
-595.04866,499,27122.762107
-602.180074,499,27155.30742
-528.205007,499,27187.323516
-509.463843,499,27218.593067
-538.338455,499,27250.277132
-485.779776,499,27282.784788
-591.814335,499,27314.498404
-468.45755,499,27346.618327
-490.303739,499,27377.991589
-569.572322,499,27409.964953
-488.900128,499,27442.725521
-500.619133,499,27475.339446
-567.740885,499,27508.334741
-606.234623,499,27541.722782
-578.993192,499,27574.461054
-453.891756,499,27607.645656
-721.263502,499,27640.575301
-529.722066,499,27673.189222
-538.036357,499,27705.326423
-501.424846,499,27737.31918
-530.625603,499,27769.410483
-597.974315,499,27801.068497
-519.739454,499,27834.588591
-544.414358,499,27865.931134
-597.071247,499,27898.78547
-633.216813,499,27930.577348
-519.327329,499,27963.944091
-524.845732,499,27997.466237
-524.825168,499,28031.178905
-491.290556,499,28064.788826
-561.35709,499,28097.062371
-497.300272,499,28128.027944
-523.060254,499,28159.590356
-564.799669,499,28192.931743
-454.160897,499,28226.296413
-532.800293,499,28257.356885
-535.068281,499,28288.642713
-572.817993,499,28320.620682
-608.869516,499,28353.41898
-554.927571,499,28384.224984
-632.509215,499,28416.617054
-565.899609,499,28448.259066
-510.726179,499,28480.206021
-461.360022,499,28512.988187
-537.458838,499,28545.751805
-518.699184,499,28578.353097
-514.774492,499,28610.400647
-524.524855,499,28642.814696
-566.224805,499,28674.559086
-648.312539,499,28707.458585
-519.301977,499,28740.701976
-498.56401,499,28773.47246
-581.748741,499,28806.207353
-502.366108,499,28838.110128
-597.894396,499,28871.260162
-483.580871,499,28903.078861
-484.749566,499,28933.774458
-629.117614,499,28963.974015
-456.75621,499,28995.833853
-509.460662,499,29028.860373
-542.098225,499,29061.232188
-554.564447,499,29092.191565
-559.304737,499,29124.222199
-543.493122,499,29157.513349
-624.351432,499,29189.203309
-554.269696,499,29220.477888
-496.2323,499,29251.49517
-560.785472,499,29282.484393
-489.174913,499,29313.752906
-516.781442,499,29346.507957
-508.104483,499,29379.569012
-560.046895,499,29412.451059
-568.617652,499,29444.395967
-639.414888,499,29475.806065
-537.020017,499,29509.245809
-488.71339,499,29541.539706
-537.915754,499,29572.776821
-521.98495,499,29604.433122
-548.180518,499,29639.923699
-469.026444,499,29672.667662
-469.16022,499,29704.543864
-624.537636,499,29737.028119
-426.241486,499,29769.860953
-486.617984,499,29801.188978
-626.37273,499,29834.505767
-534.741588,499,29867.649252
-631.018328,499,29899.429165
-606.358899,499,29933.200446
-599.705431,499,29966.458598
-557.836967,499,29999.408141
-488.144638,499,30031.242381
-567.17343,499,30063.062834
-500.449749,499,30095.662175
-516.317623,499,30128.24596
-541.408985,499,30161.96712
-574.689111,499,30194.67832
-584.611763,499,30227.057967
-666.230278,499,30260.070091
-529.360623,499,30291.523754
-501.227546,499,30323.577402
-505.7989,499,30355.878206
-548.304901,499,30387.207487
-509.466785,499,30419.875313
-533.972243,499,30454.905936
-587.999599,499,30489.040403
-572.787652,499,30522.373621
-448.661941,499,30555.680807
-539.862529,499,30588.527341
-595.794829,499,30620.368418
-494.846344,499,30652.647642
-550.667995,499,30684.539911
-567.626856,499,30716.339906
-605.236627,499,30749.143404
-521.779715,499,30781.91285
-486.152401,499,30814.977124
-547.528685,499,30847.230881
-515.876897,499,30879.749726
-502.927879,499,30912.490634
-562.189867,499,30943.629145
-615.103802,499,30977.168022
-539.97778,499,31009.859908
-612.191834,499,31041.337997
-487.028519,499,31074.452057
-537.951525,499,31106.418254
-532.603236,499,31138.213788
-569.649132,499,31171.613109
-496.367306,499,31204.281909
-466.821128,499,31236.058717
-543.163081,499,31269.729979
-517.204402,499,31304.173308
-499.141253,499,31335.880093
-519.038252,499,31368.265363
-621.955214,499,31400.536646
-505.036939,499,31432.445861
-538.047418,499,31466.071958
-635.54582,499,31498.824027
-602.745647,499,31533.65097
-491.687052,499,31571.395628
-499.06681,499,31607.756933
-575.850546,499,31645.369504
-550.759554,499,31681.145345
-527.566006,499,31717.677979
-553.03045,499,31754.0997
-567.119118,499,31790.269716
-566.781481,499,31828.303155
-595.173449,499,31864.920068
-473.940781,499,31901.578045
-548.083224,499,31937.424791
-544.634976,499,31974.313894
-582.193603,499,32010.627924
-477.344358,499,32046.76844
-504.043719,499,32083.717217
-604.800333,499,32120.273134
-512.640386,499,32156.790758
-486.782345,499,32193.729036
-515.118642,499,32230.303928
-566.668523,499,32266.069509
-530.437742,499,32302.089231
-570.287919,499,32337.90197
-668.687257,499,32374.201587
-555.989996,499,32411.2166
-530.566871,499,32448.931868
-467.139296,499,32484.435963
-544.682875,499,32519.607147
-554.437873,499,32557.285663
-504.71828,499,32594.451788
-528.654409,499,32632.689225
-606.912986,499,32669.366927
-600.081853,499,32704.412617
-535.195945,499,32740.443272
-503.167532,499,32776.658173
-582.369378,499,32813.042154
-486.288011,499,32850.538296
-575.742492,499,32887.719577
-475.022201,499,32924.252252
-510.746713,499,32962.086014
-572.499885,499,32998.785109
-497.906921,499,33034.350331
-512.698355,499,33073.501996
-554.109111,499,33108.967882
-609.198513,499,33145.457408
-567.05175,499,33181.7212
-461.964344,499,33217.978079
-696.900589,499,33254.252882
-550.366532,499,33292.033897
-519.699927,499,33328.777873
-491.768349,499,33365.686701
-548.192441,499,33402.099182
-568.352821,499,33439.407244
-521.09847,499,33476.260345
-513.215402,499,33514.525807
-581.213902,499,33550.990037
-600.460159,499,33587.92144
-540.409795,499,33624.732803
-482.263974,499,33662.649274
-547.074355,499,33701.451344
-508.286443,499,33738.838242
-578.120455,499,33775.194777
-493.551826,499,33812.452827
-517.354147,499,33850.408971
-585.065528,499,33887.253987
-471.82838,499,33924.416189
-510.986533,499,33961.018237
-513.701387,499,33997.214506
-560.166734,499,34033.185369
-550.07804,499,34070.026083
-567.439291,499,34107.548526
-643.790203,499,34143.605554
-619.660149,499,34180.187957
-510.115236,499,34217.027192
-522.485117,499,34254.098119
-535.233476,499,34290.476849
-490.425909,499,34326.827322
-527.305247,499,34363.91858
-516.145186,499,34400.539162
-556.355797,499,34436.598279
-607.295733,499,34473.381546
-480.977569,499,34511.087783
-457.698891,499,34548.678237
-580.747374,499,34584.539017
-521.871471,499,34620.927857
-540.335176,499,34656.518175
-501.637866,499,34693.360916
-483.025431,499,34730.695252
-637.719442,499,34767.229242
-453.101353,499,34805.729026
-490.83096,499,34843.360629
-547.764399,499,34880.320983
-548.737978,499,34919.76209
-581.768586,499,34957.377422
-535.634007,499,34994.866463
-642.010175,499,35031.870425
-549.970431,499,35068.138114
-515.247331,499,35104.613409
-527.596468,499,35141.269603
-491.331067,499,35177.894946
-500.978042,499,35214.151371
-514.554167,499,35251.085084
-567.645283,499,35287.871922
-547.220897,499,35324.810616
-624.709794,499,35363.590564
-533.309424,499,35400.801903
-498.932715,499,35437.357828
-541.851348,499,35474.852335
-541.696822,499,35511.736162
-576.343878,499,35549.52002
-473.529219,499,35585.5861
-477.923775,499,35623.044291
-613.377171,499,35660.385339
-437.541792,499,35697.994217
-489.815009,499,35735.614533
-609.213081,499,35772.363147
-520.115743,499,35809.712224
-589.894071,499,35846.743643
-597.574695,499,35883.285542
-591.611083,499,35921.795977
-541.042041,499,35959.244063
-553.436668,499,35997.249244
-536.433765,499,36034.207737
-495.979753,499,36071.550471
-503.965438,499,36109.87394
-565.842758,499,36146.810581
-572.62601,499,36183.134722
-562.358921,499,36220.411201
-628.516342,499,36258.373281
-500.835001,499,36295.770148
-485.512016,499,36332.85439
-489.690055,499,36370.138382
-543.797607,499,36407.258597
-526.745694,499,36444.827554
-521.352627,499,36483.093702
-566.286177,499,36518.984303
-576.458318,499,36551.519527
-478.317844,499,36583.199846
-542.013551,499,36615.629493
-584.018624,499,36649.105147
-502.944547,499,36682.368047
-576.336511,499,36714.232003
-554.021121,499,36748.660665
-612.231969,499,36783.225206
-528.954813,499,36815.347443
-483.475142,499,36848.921018
-534.31996,499,36881.711308
-550.456829,499,36912.629404
-507.911056,499,36944.74928
-553.053505,499,36977.116397
-640.3572,499,37010.46593
-532.128755,499,37043.090298
-621.666542,499,37074.489525
-486.445053,499,37106.83209
-493.959079,499,37138.799756
-508.560726,499,37170.76655
-556.474874,499,37203.180768
-555.783017,499,37235.756689
-517.670392,499,37268.268868
-545.912299,499,37301.931481
-501.42174,499,37334.412956
-499.459172,499,37368.506156
-521.913592,499,37400.814175
-579.905224,499,37432.470783
-510.491352,499,37465.366798
-526.383429,499,37497.337269
-631.689957,499,37529.183131
-602.6016,499,37561.632199
-493.471082,499,37594.868177
-523.789059,499,37627.066687
-572.144426,499,37660.061296
-560.284198,499,37692.516847
-549.030038,499,37725.339873
-555.051964,499,37758.22547
-546.540127,499,37791.031015
-579.041048,499,37823.665202
-588.374631,499,37856.862147
-491.296356,499,37890.099322
-524.816493,499,37922.125809
-518.941239,499,37956.638659
-593.052155,499,37989.912356
-496.224615,499,38022.48366
-458.34932,499,38054.012854
-577.787289,499,38086.913467
-505.592883,499,38118.527546
-492.844075,499,38150.468428
-503.343322,499,38184.112232
-565.749986,499,38218.414322
-521.596644,499,38251.059623
-568.996044,499,38283.070942
-691.940531,499,38315.417779
-561.286108,499,38348.505976
-517.786659,499,38383.490268
-471.794557,499,38416.157938
-532.286554,499,38449.889843
-532.594647,499,38481.552756
-529.18377,499,38514.003246
-528.859737,499,38546.301912
-577.238127,499,38578.311105
-602.362445,499,38610.77561
-510.440521,499,38644.516859
-475.315131,499,38676.562864
-574.16379,499,38708.53566
-484.668071,499,38741.301161
-607.461594,499,38773.918121
-454.353803,499,38806.592026
-495.795523,499,38838.804442
-571.153535,499,38870.068864
-489.874142,499,38902.424719
-508.849925,499,38934.853287
-574.755438,499,38970.61453
-597.005915,499,39003.350432
-547.078548,499,39035.596826
-495.709473,499,39069.110886
-700.826545,499,39101.374387
-517.432513,499,39133.161896
-564.214173,499,39166.470621
-475.424247,499,39198.405501
-551.266683,499,39230.451836
-545.596697,499,39264.020523
-507.871196,499,39296.110558
-540.69409,499,39328.619719
-597.281229,499,39360.670706
-626.838524,499,39393.037723
-537.648395,499,39425.723
-544.612498,499,39456.006089
-527.772613,499,39487.766188
-502.296509,499,39520.488247
-564.008945,499,39553.524721
-447.702058,499,39586.048625
-485.95751,499,39619.018022
-610.266058,499,39651.620252
-485.932434,499,39684.263962
-537.487859,499,39716.755882
-570.818931,499,39750.892959
-573.740317,499,39782.73594
-567.307402,499,39815.916833
-542.926047,499,39847.920045
-638.398439,499,39880.33777
-562.517514,499,39913.47114
-509.814718,499,39946.980785
-480.745809,499,39979.111299
-521.358233,499,40013.282417
-538.88508,499,40045.674913
-556.796425,499,40079.449142
-556.373863,499,40112.635491
-576.851112,499,40145.334608
-609.118639,499,40177.703627
-514.731495,499,40209.92203
-464.893214,499,40242.554129
-572.538041,499,40274.652943
-514.812906,499,40306.165274
-581.503132,499,40337.90798
-551.24885,499,40369.202821
-495.62852,499,40402.03003
-608.428956,499,40434.747193
-466.558231,499,40469.391582
-482.310203,499,40501.067954
-533.859192,499,40532.953104
-576.71179,499,40565.776979
-568.064854,499,40597.925931
-543.86153,499,40630.507019
-645.659011,499,40662.481029
-540.984579,499,40695.388208
-505.615315,499,40727.361307
-565.670676,499,40759.933241
-493.886407,499,40791.326382
-513.23481,499,40822.044978
-486.10937,499,40854.805842
-581.674809,499,40887.670325
-569.302923,499,40919.29615
-642.306831,499,40951.397084
-520.309232,499,40982.990206
-497.393924,499,41013.427061
-533.72813,499,41047.135038
-530.128099,499,41078.649323
-608.275477,499,41110.260431
-468.752836,499,41142.442143
-468.285513,499,41174.193243
-650.547713,499,41207.675168
-453.26562,499,41239.608258
-484.978902,499,41270.239342
-621.211817,499,41302.433746
-539.165012,499,41334.062058
-590.526365,499,41366.699368
-577.342186,499,41398.348594
-589.390941,499,41430.749139
-523.316627,499,41463.520216
-530.187805,499,41494.394987
-537.796201,499,41528.657313
-521.716998,499,41560.383445
-523.609769,499,41591.320005
-558.110706,499,41625.200082
-564.993756,499,41657.984692
-579.443674,499,41692.051186
-660.750432,499,41724.24131
-505.220633,499,41756.578295
-523.173277,499,41788.3506
-509.268519,499,41820.20225
-528.895705,499,41853.789799
-528.621031,499,41886.67944
-499.587179,499,41919.946506
-590.044884,499,41951.265849
-561.916939,499,41984.382377
-443.342798,499,42017.338424
-531.321912,499,42049.847256
-571.730071,499,42082.633731
-470.945249,499,42114.277223
-585.530686,499,42146.300405
-575.149713,499,42178.328912
-626.866628,499,42210.150031
-537.650378,499,42243.770057
-500.092351,499,42275.903637
-546.047645,499,42306.716727
-520.753241,499,42338.763461
-506.399696,499,42372.265092
-581.822132,499,42405.150876
-623.067854,499,42437.921367
-578.773035,499,42470.280662
-607.72534,499,42502.437965
-472.151013,499,42535.064607
-492.902799,499,42568.364293
-498.443887,499,42600.040113
-572.656217,499,42632.8097
-517.775729,499,42665.746098
-505.619845,499,42699.127002
-571.157882,499,42731.013305
-520.241859,499,42762.947396
-502.901373,499,42795.233322
-524.190403,499,42828.482487
-577.757237,499,42860.846564
-501.852405,499,42891.831021
-530.807042,499,42923.369945
-634.652877,499,42955.310008
-589.502703,499,42988.325267
-504.740757,499,43019.547752
-533.709103,499,43050.459416
-580.128851,499,43083.326916
-525.901381,499,43115.24979
-500.107623,499,43147.202502
-544.081416,499,43179.146706
-551.989772,499,43210.613303
-566.302991,499,43243.679134
-601.842905,499,43276.610191
-508.84807,499,43308.861393
-528.900657,499,43340.975319
-524.465064,499,43373.239031
-599.14152,499,43405.880718
-489.708488,499,43438.313155
-482.568591,499,43471.795691
-617.295473,499,43504.521321
-502.154984,499,43536.969073
-506.609692,499,43568.868311
-562.721711,499,43600.399888
-585.496505,499,43634.176191
-535.980384,499,43666.475188
-560.687343,499,43697.935457
-640.079869,499,43730.023351
-553.617931,499,43763.21916
-538.496423,499,43797.427221
-459.813076,499,43830.04849
-538.787476,499,43864.208086
-552.253158,499,43897.377335
-552.803558,499,43930.925048
-532.141972,499,43964.865754
-635.388857,499,43997.630213
-618.333286,499,44029.265244
-548.812466,499,44061.119707
-485.83487,499,44094.348373
-578.963496,499,44128.412577
-464.791842,499,44160.352818
-579.859353,499,44192.326988
-456.134718,499,44226.257127
-534.418052,499,44259.345233
-560.209503,499,44293.026027
-524.558644,499,44325.925989
-507.571937,499,44358.703079
-551.817197,499,44391.243238
-569.838194,499,44423.803582
-581.230071,499,44456.118807
-474.927475,499,44488.041548
-685.392414,499,44521.014059
-521.997952,499,44553.999747
-500.472771,499,44587.30371
-434.905938,499,44620.16412
-586.882461,499,44653.161989
-537.585813,499,44685.286639
-537.321467,499,44717.659473
-540.279574,499,44748.791753
-573.236578,499,44781.795366
-607.578277,499,44814.712947
-510.185109,499,44847.60618
-491.485312,499,44881.406116
-548.680902,499,44913.907044
-497.789247,499,44947.094255
-563.190809,499,44979.597635
-484.379701,499,45012.76184
-515.85105,499,45045.31265
-587.712517,499,45078.033239
-468.650169,499,45109.902436
-541.12116,499,45141.658255
-520.833793,499,45174.062884
-565.371503,499,45205.48222
-544.492291,499,45237.980112
-591.780221,499,45272.507598
-648.103919,499,45305.022255
-565.234466,499,45336.993196
-490.813679,499,45369.064126
-496.402063,499,45401.345343
-531.667658,499,45434.098639
-533.095695,499,45465.907804
-522.663271,499,45498.376148
-497.644491,499,45530.428376
-555.666734,499,45563.048751
-622.091276,499,45596.204087
-500.016037,499,45628.483812
-463.651594,499,45660.527326
-568.107451,499,45693.182187
-507.001328,499,45725.116441
-553.861486,499,45757.269841
-498.804969,499,45789.070457
-518.445578,499,45821.572449
-588.749814,499,45852.660458
-434.645943,499,45884.542861
-492.132787,499,45917.345377
-529.743418,499,45949.278829
-557.329368,499,45980.692682
-577.296304,499,46011.472502
-543.466987,499,46042.354974
-672.993288,499,46074.150288
-560.311326,499,46106.343987
-498.417141,499,46138.514633
-544.933291,499,46170.830749
-493.805315,499,46202.058371
-511.15988,499,46235.512127
-495.552377,499,46267.62765
-564.386507,499,46300.573051
-597.381676,499,46332.420369
-652.317427,499,46364.138274
-522.938172,499,46397.329674
-477.706793,499,46429.244175
-573.273099,499,46461.061161
-512.425432,499,46494.989087
-598.160958,499,46527.723824
-463.481677,499,46560.925799
-453.419602,499,46593.081095
-641.422665,499,46626.742581
-435.877172,499,46659.521553
-474.124757,499,46691.986367
-603.873085,499,46724.558285
-513.829468,499,46756.655184
-591.150455,499,46789.975172
-562.472583,499,46822.515135
-579.216655,499,46854.133757
-566.425103,499,46887.022289
-510.287671,499,46918.70169
-546.312754,499,46951.039373
-502.880053,499,46982.711315
-503.235389,499,47015.662691
-529.399191,499,47049.065353
-584.249265,499,47082.948403
-555.042776,499,47116.404826
-650.924021,499,47149.515488
-507.927664,499,47181.861084
-501.85251,499,47215.088919
-499.50167,499,47247.546457
-549.047922,499,47279.033992
-525.773551,499,47311.63372
-500.338699,499,47343.691369
-573.441598,499,47376.271426
-555.77299,499,47408.244351
-457.688019,499,47440.758331
-530.243345,499,47472.003661
-639.271967,499,47504.678387
-449.889309,499,47538.233313
-575.004446,499,47569.757569
-559.722296,499,47603.168879
-623.904468,499,47635.506194
-504.099953,499,47667.605216
-497.544708,499,47701.262449
-582.082965,499,47732.486962
-483.340068,499,47764.419284
-508.584686,499,47796.111265
-607.633876,499,47829.49933
-600.704772,499,47861.771516
-520.256111,499,47894.307565
-646.685671,499,47926.042789
-490.160481,499,47957.786849
-509.681519,499,47989.924555
-533.298831,499,48023.457196
-542.274948,499,48054.992429
-522.837218,499,48087.918455
-497.865221,499,48123.577282
-515.317564,499,48157.16572
-516.87733,499,48191.480956
-503.656585,499,48223.7738
-509.994537,499,48255.665969
-563.734204,499,48287.672726
-538.365316,499,48319.875071
-532.542239,499,48352.289987
-656.315205,499,48385.604071
-605.191073,499,48417.278821
-504.679474,499,48449.267309
-487.516663,499,48481.901381
-565.027495,499,48515.373441
-506.102976,499,48547.558299
-546.848335,499,48578.502888
-512.922285,499,48610.4312
-587.472015,499,48645.659893
-562.166375,499,48679.561054
-645.290737,499,48711.174163
-546.804828,499,48745.117965
-555.286316,499,48777.516059
-520.640611,499,48809.487723
-582.649653,499,48842.535746
-461.879374,499,48874.286675
-478.865,499,48906.452491
-605.425129,499,48939.636566
-501.325917,499,48972.229179
-531.24086,499,49003.315799
-516.528913,499,49036.390137
-587.743102,499,49069.458291
-555.066966,499,49101.141752
-543.200363,499,49134.081021
-652.292943,499,49166.772916
-541.821138,499,49198.636922
-543.268679,499,49230.299879
-454.854177,499,49262.730634
-543.883593,499,49294.829469
-561.054467,499,49330.036049
-548.400067,499,49362.276887
-542.603591,499,49394.121518
-610.446313,499,49425.733467
-590.47156,499,49457.510895
-543.489265,499,49491.753365
-539.484808,499,49525.147097
-548.750289,499,49558.383412
-492.042518,499,49588.944118
-588.012687,499,49622.020191
-451.907423,499,49654.041082
-500.173424,499,49686.960296
-564.686633,499,49719.337049
-527.329399,499,49752.620331
-533.900882,499,49786.448199
-514.350098,499,49818.042423
-587.238194,499,49849.772631
-588.410186,499,49882.129841
-472.799731,499,49913.968334
-699.51195,499,49945.553179
-518.629209,499,49976.85706
-490.887187,499,50009.160893
-503.874113,499,50041.400033
-587.334267,499,50072.289797
-495.803725,499,50104.546592
-562.81615,499,50136.093945
-521.857571,499,50169.045589
-576.943209,499,50200.637704
-643.321843,499,50231.661148
-505.450859,499,50263.794087
-489.530732,499,50295.12408
-556.40475,499,50328.436667
-544.693651,499,50360.909761
-558.016721,499,50391.602079
-482.521313,499,50422.230519
-490.625574,499,50454.624346
-576.405276,499,50487.245936
-476.358512,499,50518.770003
-542.357923,499,50549.855747
-530.087737,499,50581.417976
-567.452776,499,50612.070099
-588.630467,499,50645.057302
-537.107618,499,50677.461907
-703.661276,499,50708.134503
-542.15813,499,50741.066042
-532.942647,499,50772.659116
-467.4219,499,50804.711036
-502.61352,499,50835.967396
-473.592294,499,50867.782547
-545.644832,499,50899.109447
-533.76329,499,50930.928986
-576.166796,499,50963.226854
-634.718112,499,50994.776204
-503.264019,499,51026.575166
-472.106839,499,51058.710322
-608.246565,499,51091.509542
-527.30325,499,51122.865524
-562.148859,499,51154.477303
-517.431049,499,51187.380206
-497.737317,499,51220.0534
-616.673872,499,51251.182615
-422.318679,499,51283.334934
-478.172552,499,51317.748072
-580.793826,499,51351.51612
-571.549978,499,51384.270831
-581.205072,499,51416.152061
-515.026409,499,51448.187471
-624.19639,499,51479.377031
-559.529398,499,51510.445127
-476.305032,499,51542.982911
-523.520676,499,51574.491069
-501.272386,499,51607.715498
-519.111905,499,51640.480607
-513.219348,499,51671.648395
-561.573868,499,51702.178158
-580.957456,499,51734.017229
-642.863142,499,51767.455596
-546.830625,499,51799.639355
-462.425175,499,51831.729197
-567.381057,499,51862.641179
-511.211191,499,51894.64973
-574.589237,499,51929.848627
-482.395097,499,51961.054041
-491.077743,499,51992.897216
-581.349976,499,52024.779498
-446.754482,499,52056.987083
-496.942442,499,52089.821242
-594.166127,499,52121.821279
-525.014445,499,52154.522868
-567.867336,499,52186.447638
-610.701263,499,52218.381281
-611.167618,499,52251.885223
-573.007905,499,52285.667414
-508.693461,499,52317.897146
-538.408234,499,52349.74852
-489.472989,499,52382.278019
-522.867714,499,52414.898712
-520.896832,499,52445.951664
-595.888209,499,52476.950289
-541.82238,499,52507.79791
-640.613836,499,52541.389806
-493.989164,499,52575.202382
-464.635637,499,52607.341478
-538.906208,499,52639.727005
-539.595186,499,52674.153016
-505.128744,499,52706.801936
-521.61873,499,52739.458587
-538.702616,499,52772.247263
-504.807232,499,52803.900128
-441.747192,499,52835.580812
-515.002858,499,52867.294228
-586.590152,499,52899.816279
-482.101808,499,52933.038129
-563.718024,499,52969.067512
-605.962746,499,53001.993219
-671.576051,499,53034.187453
-499.094751,499,53067.009967
-469.976751,499,53099.299203
-595.979505,499,53130.969324
-481.533339,499,53164.239864
-529.105372,499,53196.850037
-515.838044,499,53229.777134
-616.688101,499,53262.795841
-548.307121,499,53295.675264
-609.339724,499,53329.243617
-549.159558,499,53361.667389
-459.640853,499,53394.946897
-509.920649,499,53427.774465
-563.930512,499,53461.76017
-492.887512,499,53494.690072
-476.013914,499,53527.017952
-568.500439,499,53559.612197
-537.095945,499,53592.631177
-500.882646,499,53625.516274
-507.002223,499,53659.235323
-556.937343,499,53692.54992
-567.337647,499,53725.480321
-503.541223,499,53758.127454
-677.851349,499,53789.439082
-626.517338,499,53822.362761
-522.013343,499,53854.621089
-528.486899,499,53888.318985
-560.434621,499,53920.333943
-560.403674,499,53952.468027
-483.510198,499,53984.065088
-574.601926,499,54017.133986
-575.476323,499,54049.436483
-534.849216,499,54082.39119
-610.963081,499,54114.012096
-510.399183,499,54146.414253
-486.380971,499,54179.185445
-497.889046,499,54213.455001
-597.793477,499,54246.335052
-461.902924,499,54278.488318
-503.78841,499,54310.343071
-580.424501,499,54343.792092
-492.544759,499,54377.038979
-531.213217,499,54409.19008
-490.745682,499,54440.92025
-590.883991,499,54472.352236
-465.891771,499,54504.588677
-565.612303,499,54537.121415
-597.399883,499,54568.691771
-587.25785,499,54602.964396
-564.782821,499,54634.733946
-501.609179,499,54665.6864
-541.125659,499,54698.194203
-547.287463,499,54730.280001
-504.0383,499,54762.176014
-591.908056,499,54795.011533
-629.830642,499,54826.590743
-581.694419,499,54859.394054
-511.540558,499,54891.324368
-497.152441,499,54924.462071
-551.739339,499,54956.306185
-499.222223,499,54988.591183
-572.784807,499,55020.695565
-470.677725,499,55053.371677
-507.377991,499,55085.074603
-554.30767,499,55116.700143
-512.77525,499,55148.970891
-522.883267,499,55181.802953
-568.921782,499,55213.493739
-570.844976,499,55245.098479
-533.007847,499,55277.415129
-519.016771,499,55309.711609
-729.715244,499,55341.966157
-530.654825,499,55372.977978
-492.664949,499,55404.484956
-482.864091,499,55437.26002
-572.747518,499,55468.703849
-493.226238,499,55501.210602
-565.878152,499,55531.732295
-531.493081,499,55562.571368
-591.062923,499,55593.89834
-614.200542,499,55625.047643
-514.46948,499,55657.824489
-478.65968,499,55688.783066
-570.442311,499,55720.027413
-488.583668,499,55751.480976
-565.822635,499,55783.976058
-483.334882,499,55815.858289
-495.743138,499,55847.258314
-583.660596,499,55878.212845
-494.108915,499,55909.708628
-518.703887,499,55941.050303
-528.044264,499,55972.809204
-588.922338,499,56003.797721
-585.130365,499,56035.267797
-543.266856,499,56066.789171
-673.649576,499,56098.529227
-534.219222,499,56130.835277
-535.039397,499,56164.019795
-443.156121,499,56198.140476
-538.372469,499,56231.203227
-524.35066,499,56264.154249
-533.909974,499,56295.973949
-519.215737,499,56327.49823
-565.300151,499,56359.393078
-649.752054,499,56391.809123
-516.584044,499,56423.307211
-489.015435,499,56456.480855
-597.834687,499,56487.860938
-498.450455,499,56519.913018
-549.633461,499,56551.752129
-500.424752,499,56582.793853
-512.794744,499,56617.088488
-649.708307,499,56648.695132
-424.273165,499,56681.31677
-508.052681,499,56713.237946
-557.403075,499,56745.074155
-591.258979,499,56776.900097
-602.190433,499,56807.111302
-522.9014,499,56838.772797
-619.152169,499,56870.568132
-585.16257,499,56902.497195
-484.507261,499,56934.648586
-521.64336,499,56966.322413
-508.812521,499,56997.533139
-508.582618,499,57029.722758
-512.975354,499,57060.451571
-570.654434,499,57092.476039
-586.596966,499,57122.885685
-658.485166,499,57155.029509
-558.678144,499,57186.760786
-504.867474,499,57219.787113
-529.870653,499,57251.635207
-506.778432,499,57284.711858
-570.208951,499,57315.494943
-489.009066,499,57348.818858
-477.081672,499,57379.926227
-611.809447,499,57412.759135
-445.248449,499,57444.465344
-516.423111,499,57475.858323
-591.148127,499,57507.994537
-538.472178,499,57538.588759
-584.605723,499,57570.366072
-589.877244,499,57603.685043
-636.43736,499,57636.045977
-527.680672,499,57667.241987
-521.280071,499,57698.767798
-527.904767,499,57730.934487
-486.120824,499,57761.943615
-547.075717,499,57795.357491
-495.936495,499,57827.259299
-583.888086,499,57858.609308
-554.933822,499,57891.518719
-614.663583,499,57923.235524
-531.698744,499,57954.822412
-493.815402,499,57985.587507
-538.70257,499,58017.62329
-534.710369,499,58049.877777
-522.720961,499,58081.725853
-528.122983,499,58111.911079
-524.46979,499,58143.630061
-549.50473,499,58176.600029
-423.319494,499,58210.403174
-541.608554,499,58242.501615
-607.875203,499,58274.660421
-493.901545,499,58306.517842
-580.328708,499,58339.646458
-592.980638,499,58372.495811
-667.319031,499,58405.73089
-519.906017,499,58437.737394
-476.230014,499,58469.963844
-569.24615,499,58503.066956
-498.008335,499,58536.559245
-526.276491,499,58568.928877
-556.854025,499,58602.068509
-622.884611,499,58634.331576
-546.822811,499,58667.766963
-605.378664,499,58700.907923
-521.410085,499,58734.101285
-474.459747,499,58766.214489
-501.067406,499,58798.130566
-552.850902,499,58830.510948
-473.753005,499,58863.447625
-504.108955,499,58896.447221
-551.454453,499,58929.071775
-536.292062,499,58961.757101
-530.7055,499,58995.231093
-520.897156,499,59028.43898
-590.013919,499,59061.054451
-517.110956,499,59094.117844
-528.590577,499,59126.642246
-659.523226,499,59158.931552
-590.25678,499,59192.909376
-518.345278,499,59226.333339
-520.727014,499,59258.203103
-557.799493,499,59291.198234
-584.420233,499,59325.059138
-513.578983,499,59357.701221
-540.210936,499,59389.087257
-602.262245,499,59424.438146
-556.227569,499,59456.161171
-629.849913,499,59489.030091
-500.520885,499,59521.310549
-483.089174,499,59554.180521
-520.310716,499,59587.249468
-612.025267,499,59621.244849
-490.370642,499,59654.035237
-524.12997,499,59687.1391
-577.361898,499,59720.394779
-494.039524,499,59752.968174
-527.268792,499,59785.964225
-497.478471,499,59819.70215
-607.266043,499,59852.955965
-471.18969,499,59886.682708
-574.486279,499,59918.668736
-609.635237,499,59950.625067
-559.655407,499,59982.323351
-573.13738,499,60014.368102
-503.051016,499,60045.85097
-544.977999,499,60078.042233
-579.938871,499,60111.961796
-508.105444,499,60145.136229
-598.59625,499,60178.93875
-618.317327,499,60211.81231
-577.415885,499,60244.524453
-567.540618,499,60278.446664
-480.057141,499,60310.575232
-550.298392,499,60344.302135
-496.76796,499,60376.784995
-555.476242,499,60409.955127
-467.890655,499,60443.598102
-519.502778,499,60476.556721
-565.076041,499,60509.600929
-469.393739,499,60543.309181
-509.130513,499,60575.911445
-561.932681,499,60608.841099
-581.017937,499,60641.943212
-559.367919,499,60675.369153
-488.366547,499,60707.695163
-743.195597,499,60741.71841
-519.750912,499,60774.920187
-486.802394,499,60806.871608
-528.503406,499,60839.392979
-575.836952,499,60871.287838
-467.193971,499,60903.229376
-546.438882,499,60935.134248
-510.67543,499,60967.698692
-596.096327,499,61001.013637
-625.292161,499,61032.963135
-499.488742,499,61067.086054
-498.152148,499,61100.224128
-563.568842,499,61132.623172
-541.652522,499,61165.093027
-547.548773,499,61196.893549
-494.106986,499,61229.036667
-494.137998,499,61261.61724
-586.86893,499,61295.243031
-472.424633,499,61328.680755
-495.141324,499,61360.809009
-537.191009,499,61393.28381
-564.374923,499,61426.091196
-583.640658,499,61459.28074
-519.151939,499,61491.977768
-695.534432,499,61523.761624
-548.752581,499,61556.968384
-499.172819,499,61588.530895
-488.075422,499,61620.714742
-572.293078,499,61653.961388
-508.426809,499,61685.484594
-543.867341,499,61718.094534
-519.253066,499,61749.877639
-580.418787,499,61782.660624
-659.145112,499,61813.958862
-504.743885,499,61846.63941
-509.3313,499,61878.739524
-599.163339,499,61911.845915
-507.157812,499,61946.165495
-540.371849,499,61980.203112
-510.661818,499,62013.811069
-517.375591,499,62046.521079
-630.17439,499,62079.324248
-454.164199,499,62110.623591
-513.349777,499,62143.821586
-566.823599,499,62176.179744
-592.363104,499,62209.646614
-594.036652,499,62242.098017
-548.083093,499,62273.516986
-648.778272,499,62307.568126
-549.586106,499,62340.366154
-478.709545,499,62373.678313
-514.05804,499,62406.20427
-505.175663,499,62438.284207
-522.078813,499,62471.138912
-534.558627,499,62504.194171
-583.908969,499,62536.254306
-585.149074,499,62569.087703
-650.266193,499,62602.604216
-544.361325,499,62635.548065
-487.820358,499,62667.188282
-553.785067,499,62700.854206
-516.232557,499,62734.315268
-568.311243,499,62768.180081
-485.327358,499,62801.761003
-499.622004,499,62834.419106
-605.291641,499,62867.177197
-419.15371,499,62900.623624
-510.741999,499,62932.208344
-594.250377,499,62966.359458
-527.631339,499,62999.935902
-597.75409,499,63033.876059
-576.663085,499,63066.982037
-604.432713,499,63101.386249
-589.256177,499,63134.928355
-494.418609,499,63167.459932
-527.856508,499,63201.989834
-516.646696,499,63233.500034
-525.407647,499,63266.721971
-508.709202,499,63301.331228
-630.628688,499,63334.489325
-565.430766,499,63367.193783
-620.126273,499,63399.924073
-540.734782,499,63433.106003
-493.342015,499,63467.509302
-520.839411,499,63502.12411
-537.942896,499,63535.134333
-536.504454,499,63570.165626
-538.880415,499,63603.493963
-510.227183,499,63637.231007
-536.467459,499,63669.541955
-447.552575,499,63704.597963
-533.708196,499,63738.789886
-640.33248,499,63773.529044
-489.158811,499,63807.225108
-562.754269,499,63840.554206
-601.830072,499,63873.241278
-650.360341,499,63907.107336
-494.646384,499,63939.67257
-481.815876,499,63972.156733
-550.956031,499,64004.571143
-513.178008,499,64037.527031
-501.224744,499,64071.843561
-538.975051,499,64106.764236
-623.361408,499,64140.560078
-537.157282,499,64172.479721
-621.766541,499,64204.715928
-522.446813,499,64238.916387
-494.810739,499,64272.630499
-496.305919,499,64305.869562
-553.004478,499,64338.768419
-536.665288,499,64373.715935
-511.46669,499,64406.777769
-583.430479,499,64439.687093
-515.478802,499,64471.626733
-497.198193,499,64504.605693
-515.558263,499,64538.008026
-578.976265,499,64570.643325
-553.350894,499,64602.724037
-494.020189,499,64637.245945
-699.051079,499,64671.336531
-640.914107,499,64705.14029
-506.841482,499,64737.942774
-482.30169,499,64770.002941
-571.278608,499,64802.746581
-546.095799,499,64834.198926
-510.259185,499,64867.255975
-539.532531,499,64900.480989
-629.156871,499,64934.405499
-590.26684,499,64967.028885
-621.538169,499,65000.502048
-511.939259,499,65033.282673
-485.855964,499,65066.181014
-526.90309,499,65099.667954
-602.149332,499,65132.828483
-465.695676,499,65165.393705
-491.898576,499,65199.017513
-600.504681,499,65232.269382
-518.140002,499,65264.566285
-535.613466,499,65297.278286
-517.355254,499,65330.596595
-608.338772,499,65363.893785
-482.139987,499,65396.806715
-561.122228,499,65429.78881
-615.233199,499,65462.025124
-569.581776,499,65495.742167
-538.508761,499,65528.75599
-467.009385,499,65561.971766
-570.548322,499,65595.675935
-561.420583,499,65628.023604
-513.851793,499,65661.606869
-588.429086,499,65695.419037
-601.496978,499,65728.663804
-583.154154,499,65760.678936
-558.850619,499,65794.522054
-496.321425,499,65826.85183
-538.126413,499,65859.22508
-537.835433,499,65891.276355
-553.890971,499,65922.971638
-477.775361,499,65956.759137
-536.086667,499,65989.200104
-576.537721,499,66023.802677
-487.024297,499,66057.254968
-508.610242,499,66090.319005
-528.904088,499,66124.314118
-598.738935,499,66157.971878
-531.24499,499,66191.207331
-501.410731,499,66224.106583
-710.329792,499,66256.097352
-531.919225,499,66288.648464
-525.758387,499,66322.540156
-468.825768,499,66356.405639
-567.71193,499,66388.92168
-483.431807,499,66421.402628
-525.352243,499,66454.20717
-537.209103,499,66488.619906
-589.067094,499,66522.641901
-624.878858,499,66556.522094
-493.966992,499,66589.663013
-507.660438,499,66622.551698
-544.611645,499,66656.220502
-526.155483,499,66688.859955
-557.056763,499,66721.51967
-499.764204,499,66754.347033
-486.34633,499,66787.900929
-569.650267,499,66821.85714
-477.470584,499,66854.4087
-543.089279,499,66886.927702
-530.349997,499,66920.376114
-595.842174,499,66952.509603
-568.992692,499,66986.174229
-500.175935,499,67020.25678
-725.62106,499,67054.426872
-550.22909,499,67086.563846
-504.494421,499,67121.74582
-484.142725,499,67155.811296
-557.718051,499,67188.839903
-481.004219,499,67221.829214
-554.685144,499,67254.793229
-504.338594,499,67288.143242
-572.055876,499,67320.746045
-642.1528,499,67354.379004
-488.352266,499,67387.340958
-463.774008,499,67421.159373
-584.296879,499,67453.458152
-503.901953,499,67486.188826
-554.681318,499,67519.248077
-510.944483,499,67551.7072
-503.713476,499,67585.644339
-599.85935,499,67617.351649
-426.959168,499,67651.147808
-498.746553,499,67686.297954
-551.455124,499,67719.084778
-578.412429,499,67751.330352
-625.225031,499,67785.279941
-542.921882,499,67818.809502
-617.346231,499,67851.270172
-560.641183,499,67883.56099
-521.039305,499,67916.409772
-503.082484,499,67948.47825
-491.272423,499,67981.621099
-507.954002,499,68014.753016
-506.171371,499,68047.736696
-573.53238,499,68081.279262
-584.344171,499,68115.423164
-634.223454,499,68147.94375
-553.22101,499,68180.245119
-479.297535,499,68214.103759
-573.63351,499,68247.074693
-528.371049,499,68280.335546
-572.80989,499,68314.109049
-484.182355,499,68346.797053
-477.608486,499,68381.790367
-612.139478,499,68413.372952
-473.408806,499,68446.304291
-486.013805,499,68480.298917
-600.072598,499,68513.270092
-550.611757,499,68545.677943
-604.710215,499,68578.953903
-553.032035,499,68611.142146
-618.838985,499,68643.833975
-573.692765,499,68677.721092
-491.850428,499,68710.624417
-516.527826,499,68742.958553
-524.998089,499,68775.117595
-513.395131,499,68808.265932
-502.543287,499,68840.885828
-599.725305,499,68874.19093
-553.402318,499,68906.300356
-587.699701,499,68938.810048
-558.640632,499,68972.123569
-493.277043,499,69004.553273
-528.626666,499,69038.483092
-514.862775,499,69071.93717
-557.537271,499,69104.014087
-507.018385,499,69136.861237
-535.416938,499,69169.501183
-538.920979,499,69202.843433
-442.093662,499,69234.997118
-520.443591,499,69267.37017
-622.916437,499,69300.253152
-487.686675,499,69334.141111
-593.080606,499,69368.05807
-604.328601,499,69401.277542
-657.511435,499,69434.799928
-527.324204,499,69469.263165
-461.84375,499,69503.423709
-560.718639,499,69536.301355
-486.655032,499,69568.76498
-529.41457,499,69601.252508
-593.282489,499,69635.148167
-599.873072,499,69668.199329
-518.526941,499,69701.930164
-631.445113,499,69735.314194
-492.95869,499,69768.968731
-497.102067,499,69802.817595
-508.765487,499,69835.201543
-548.511922,499,69868.783855
-547.590048,499,69901.243175
-514.371001,499,69932.937968
-560.096083,499,69967.31915
-506.620671,499,70000.288027
-475.874328,499,70032.070079
-509.868011,499,70063.830256
-601.526893,499,70096.096014
-523.476615,499,70129.957561
-501.860907,499,70162.802281
-652.216546,499,70194.415479
-649.791471,499,70228.272398
-493.530847,499,70261.932369
-511.965479,499,70295.667549
-609.050183,499,70328.839304
-516.420237,499,70361.684818
-482.687612,499,70394.910487
-510.578274,499,70426.177136
-595.572177,499,70458.728054
-556.192186,499,70490.361493
-616.146636,499,70522.664386
-542.485817,499,70556.298176
-522.383615,499,70589.447741
-523.136119,499,70622.623471
-579.830163,499,70654.426234
-467.968264,499,70686.801546
-485.212141,499,70719.960516
-584.59429,499,70753.571585
-553.339333,499,70787.112934
-505.444323,499,70820.286204
-532.515068,499,70853.921656
-599.999542,499,70885.39126
-520.056393,499,70918.753695
-541.330327,499,70953.372946
-656.791736,499,70988.632365
-622.154336,499,71020.87725
-534.274648,499,71053.142943
-450.195714,499,71086.103159
-588.80552,499,71119.100135
-566.572579,499,71151.524611
-536.632436,499,71182.760817
-533.098272,499,71216.106072
-598.749901,499,71250.74886
-611.074139,499,71286.684039
-584.193437,499,71319.055125
-494.927882,499,71351.135139
-531.290232,499,71383.683674
-498.103792,499,71416.914653
-600.847592,499,71450.109435
-480.317691,499,71484.105293
-492.703924,499,71516.555807
-563.507695,499,71549.434728
-501.755551,499,71581.673125
-515.850241,499,71613.821008
-520.286762,499,71646.178877
-574.518605,499,71677.631232
-580.700597,499,71709.033904
-485.401263,499,71741.910187
-673.221821,499,71775.862023
-506.856949,499,71808.991308
-547.140938,499,71841.157683
-493.418759,499,71874.413005
-558.230004,499,71908.597209
-527.887152,499,71941.410248
-529.363506,499,71973.583537
-558.804343,499,72006.094931
-569.829265,499,72038.180255
-602.534926,499,72071.649559
-523.855175,499,72104.949754
-519.257313,499,72138.408959
-525.307476,499,72171.130171
-509.781322,499,72203.184764
-556.632148,499,72235.847661
-497.578183,499,72269.040947
-493.53149,499,72302.001814
-565.42684,499,72334.53106
-496.789624,499,72366.557101
-529.964989,499,72400.690203
-508.14437,499,72435.520344
-580.517738,499,72469.231798
-573.439579,499,72501.509181
-499.185071,499,72533.60862
-711.938438,499,72567.891072
-538.133642,499,72602.472449
-532.943619,499,72636.619012
-485.910422,499,72670.185983
-568.772698,499,72702.462835
-484.466051,499,72733.734203
-500.297471,499,72765.829636
-504.516375,499,72800.003688
-573.748974,499,72831.388638
-637.300889,499,72862.50237
-488.286706,499,72894.348711
-468.778512,499,72926.110977
-560.923776,499,72958.305506
-536.556199,499,72991.085809
-531.782399,499,73023.046815
-493.553728,499,73055.858866
-513.116738,499,73089.626673
-661.430802,499,73122.139724
-457.736339,499,73153.875799
-481.733218,499,73184.942656
-553.214118,499,73217.051899
-577.266693,499,73249.561712
-578.550249,499,73281.523989
-547.818094,499,73314.612879
-664.94414,499,73346.055698
-551.755373,499,73378.597615
-518.463905,499,73411.785992
-512.691238,499,73444.484286
-485.986211,499,73477.100812
-505.257776,499,73508.571881
-516.06972,499,73541.79185
-543.035643,499,73574.428838
-569.945643,499,73607.04342
-631.446141,499,73638.430619
-554.666915,499,73670.780607
-502.665097,499,73703.15132
-556.698098,499,73736.116871
-517.882136,499,73769.468191
-556.158241,499,73801.367958
-469.330948,499,73834.869515
-468.622393,499,73866.95279
-642.957395,499,73899.384198
-472.012555,499,73931.466979
-501.756337,499,73964.6422
-601.568098,499,73996.833768
-544.278816,499,74030.930927
-583.101471,499,74063.324887
-557.652437,499,74096.362097
-600.270263,499,74128.164758
-565.430134,499,74160.398635
-506.043945,499,74192.73984
-528.715499,499,74225.5373
-513.67303,499,74259.75343
-516.450916,499,74291.562876
-548.120165,499,74325.477247
-598.94787,499,74358.126538
-555.562243,499,74390.870469
-600.277033,499,74424.117985
-543.071252,499,74455.886583
-467.69194,499,74488.53575
-536.145698,499,74520.603506
-535.427269,499,74554.454254
-578.392335,499,74587.00622
-506.212605,499,74620.158938
-517.645716,499,74653.77802
-546.611251,499,74687.122768
-433.002969,499,74720.208873
-521.992159,499,74753.691043
-630.338139,499,74785.833064
-496.530815,499,74819.026395
-562.110815,499,74851.940161
-619.052188,499,74884.626078
-635.661655,499,74917.848143
-498.41691,499,74950.985798
-490.42973,499,74985.113132
-587.747085,499,75018.449991
-486.139245,499,75053.335872
-544.471451,499,75086.164718
-577.836344,499,75119.656049
-597.249948,499,75151.839976
-508.688557,499,75185.314177
-624.487466,499,75220.607882
-509.942837,499,75252.817895
-518.60358,499,75285.308951
-524.181089,499,75316.808176
-567.075625,499,75349.058582
-549.455068,499,75381.022002
-506.097363,499,75413.043247
-568.699627,499,75444.620048
-507.933061,499,75478.003128
-473.66474,499,75510.084838
-527.498663,499,75543.003458
-587.555846,499,75574.984299
-522.414766,499,75607.80549
-513.961884,499,75640.375754
-656.17262,499,75674.194899
-684.836552,499,75707.170505
-518.86261,499,75739.571851
-484.846403,499,75772.072255
-571.134754,499,75805.766665
-543.537857,499,75838.183875
-490.31427,499,75871.524741
-523.164253,499,75905.68409
-627.725242,499,75939.824201
-542.368862,499,75972.94692
-609.902715,499,76004.919886
-515.388776,499,76038.50499
-500.632517,499,76072.56903
-536.043771,499,76108.037451
-580.06689,499,76141.106207
-463.333352,499,76173.354257
-467.649893,499,76205.729107
-594.533935,499,76238.130331
-528.536791,499,76269.58019
-492.815573,499,76301.93794
-510.646758,499,76335.194915
-601.910097,499,76368.189576
-557.181124,499,76400.686107
-553.551423,499,76432.863107
-654.256217,499,76465.893054
-572.77412,499,76496.882556
-541.848428,499,76530.350168
-466.068118,499,76562.496097
-558.692125,499,76595.228617
-541.505047,499,76627.405268
-536.351539,499,76658.966731
-536.484661,499,76693.207606
-621.894699,499,76725.663052
-569.310141,499,76756.94224
-542.191251,499,76788.535008
-521.600167,499,76821.534625
-510.408545,499,76854.562439
-553.155357,499,76888.463243
-548.481231,499,76920.832421
-485.702871,499,76952.200257
-528.487977,499,76985.984084
-572.748607,499,77019.188369
-488.244531,499,77052.038466
-558.505039,499,77084.908904
-533.669243,499,77118.530762
-562.763411,499,77151.23095
-510.931986,499,77185.577249
-544.523339,499,77219.030342
-696.40151,499,77252.84182
-523.324895,499,77285.312192
-533.246223,499,77316.978437
-496.055595,499,77351.112187
-556.160274,499,77384.192732
-582.50998,499,77415.911306
-555.750497,499,77447.19556
-572.944852,499,77480.938066
-578.697462,499,77514.438202
-643.414902,499,77549.321782
-524.254461,499,77582.565312
-522.760774,499,77615.867275
-597.072789,499,77649.350149
-542.11937,499,77681.927048
-554.299363,499,77714.606795
-509.040842,499,77748.340392
-496.591195,499,77780.696549
-572.287091,499,77814.002705
-482.488246,499,77847.795781
-509.973149,499,77880.944184
-513.523837,499,77911.847976
-600.160651,499,77945.240212
-587.291493,499,77977.700195
-514.465594,499,78010.689075
-738.517189,499,78043.236259
-533.336827,499,78075.289867
-534.017599,499,78107.54585
-458.097072,499,78140.260789
-541.244184,499,78173.514213
-475.407041,499,78205.787913
-515.823621,499,78237.775194
-505.313602,499,78271.543475
-605.500638,499,78304.155314
-652.690564,499,78337.1258
-517.363713,499,78369.751969
-525.802617,499,78401.823137
-577.450538,499,78435.53544
-521.610708,499,78469.314179
-531.041343,499,78501.772442
-490.067892,499,78535.309871
-550.168171,499,78567.917923
-617.951266,499,78601.302006
-429.629211,499,78633.597722
-508.589469,499,78667.331321
-571.319105,499,78700.632751
-580.817151,499,78733.416099
-618.802154,499,78768.348974
-549.843496,499,78801.022461
-631.615889,499,78834.049172
-550.209369,499,78865.619324
-511.325954,499,78897.441228
-506.122145,499,78929.030508
-505.875989,499,78962.259712
-496.729333,499,78994.11975
-521.696377,499,79027.081983
-535.267865,499,79060.194742
-566.413193,499,79094.221136
-636.956336,499,79126.91774
-559.112264,499,79160.828083
-516.149113,499,79195.580333
-568.790023,499,79228.091046
-513.949059,499,79260.571566
-595.468834,499,79293.334692
-481.64928,499,79325.478621
-476.609477,499,79357.191681
-611.037734,499,79390.187649
-430.521201,499,79422.662704
-504.409642,499,79455.193551
-564.336548,499,79488.800861
-541.138121,499,79521.644111
-571.997058,499,79555.028589
-560.702427,499,79588.317745
-601.821253,499,79619.281089
-563.947611,499,79652.692675
-505.144694,499,79685.052248
-515.385841,499,79718.198797
-537.828388,499,79750.560944
-502.283936,499,79782.369498
-538.487831,499,79816.873214
-627.60803,499,79849.694706
-565.373428,499,79881.86
-588.420745,499,79915.079406
-547.503951,499,79947.543583
-501.086504,499,79979.687777
-509.53477,499,80013.013034
-550.823014,499,80046.500074
-529.971153,499,80078.839176
-501.852712,499,80111.381378
-490.599628,499,80144.476932
-541.909316,499,80176.69835
-438.779192,499,80209.144405
-506.782646,499,80241.271832
-619.524169,499,80273.815074
-510.648711,499,80307.660317
-565.958449,499,80341.216168
-618.789141,499,80372.891169
-657.72989,499,80405.843199
-516.55859,499,80440.271043
-487.007428,499,80472.671954
-604.023914,499,80505.231726
-472.681184,499,80537.880768
-520.590409,499,80570.351064
-515.470783,499,80602.953118
-572.510212,499,80637.011917
-564.692502,499,80670.371171
-628.909703,499,80701.980274
-495.28769,499,80735.263938
-472.157356,499,80768.292983
-493.737807,499,80800.273103
-547.837219,499,80834.910476
-498.298672,499,80868.714865
-521.864529,499,80901.787238
-562.250095,499,80934.289375
-534.681255,499,80967.26108
-457.949582,499,80999.85093
-552.155736,499,81034.371428
-557.183349,499,81065.154642
-577.194371,499,81096.45047
-513.240074,499,81129.648422
-632.194474,499,81161.347753
-640.842339,499,81194.102196
-497.079811,499,81226.065878
-502.529048,499,81257.944197
-571.81764,499,81290.14437
-524.268684,499,81321.358668
-489.117284,499,81353.980278
-517.491184,499,81387.33528
-597.928235,499,81419.012741
-538.108341,499,81451.84363
-609.638083,499,81484.555164
-524.769097,499,81516.723302
-491.828345,499,81548.496756
-569.321037,499,81580.564074
-576.020816,499,81614.090673
-455.119137,499,81646.515496
-492.951518,499,81679.458252
-572.344081,499,81712.25466
-508.044644,499,81744.563228
-525.226896,499,81777.737351
-522.501518,499,81810.698388
-590.458484,499,81843.945428
-521.586349,499,81876.720328
-532.141243,499,81909.737283
-610.699818,499,81942.980775
-638.72524,499,81974.304428
-541.789424,499,82007.01981
-469.343929,499,82039.574781
-550.487557,499,82072.632963
-531.089493,499,82106.5552
-517.739849,499,82140.250174
-526.138039,499,82171.195161
-598.719219,499,82202.697269
-590.129288,499,82235.557407
-567.146707,499,82269.994534
-528.307163,499,82302.635024
-509.268289,499,82335.480993
-531.893334,499,82368.573764
-552.247817,499,82401.063952
-502.901956,499,82432.597
-497.568421,499,82467.743768
-572.836472,499,82499.138633
-494.767122,499,82531.798162
-531.268102,499,82563.514863
-514.218685,499,82595.749082
-604.254216,499,82628.843239
-490.968732,499,82661.868224
-545.604612,499,82694.912518
-681.859076,499,82725.984645
-518.188095,499,82757.827783
-533.097672,499,82789.480455
-496.795508,499,82821.404355
-553.077543,499,82854.111857
-550.734185,499,82885.519701
-547.468063,499,82918.789759
-538.965684,499,82951.602268
-584.943795,499,82984.138297
-590.11626,499,83015.304402
-525.355135,499,83046.421681
-490.321225,499,83079.104742
-573.62791,499,83113.98899
-496.608652,499,83146.473835
-580.348427,499,83178.547558
-476.471345,499,83209.984979
-507.871105,499,83241.941675
-558.582361,499,83274.37151
-511.391868,499,83306.786718
-519.397244,499,83338.606752
-520.454124,499,83369.909966
-583.896185,499,83403.275757
-563.600272,499,83436.908661
-475.805035,499,83468.401793
-707.090029,499,83500.733909
-545.956067,499,83533.349735
-514.4784,499,83565.743129
-485.354959,499,83597.882696
-541.478046,499,83631.096786
-508.25402,499,83663.745007
-518.994515,499,83695.363673
-508.98911,499,83726.492333
-590.803757,499,83761.039213
-639.547245,499,83792.491256
-515.595442,499,83824.204335
-473.919464,499,83857.227872
-565.235198,499,83888.032953
-548.79849,499,83921.103127
-583.264853,499,83954.11437
-517.629601,499,83986.262672
-495.753081,499,84018.757819
-609.013768,499,84051.987936
-442.983647,499,84086.303392
-486.459928,499,84119.250916
-524.113115,499,84151.681123
-596.591445,499,84183.207016
-579.506479,499,84215.530918
-559.033984,499,84249.163308
-658.042808,499,84281.380021
-567.17001,499,84314.934757
-516.148532,499,84349.129996
-488.289529,499,84381.616121
-572.776877,499,84415.392049
-485.559847,499,84448.323856
-526.022137,499,84482.240423
-524.485069,499,84514.241763
-611.058799,499,84549.032312
-633.682332,499,84581.465326
-553.661778,499,84614.550672
-489.49714,499,84645.6628
-594.502531,499,84677.099948
-505.604511,499,84709.648837
-548.564294,499,84742.654984
-481.890644,499,84775.145643
-493.384153,499,84806.931182
-643.748517,499,84839.484609
-433.794705,499,84872.03931
-487.597772,499,84906.93645
-582.0064,499,84938.166641
-561.950721,499,84970.230493
-590.200554,499,85002.089939
-553.388242,499,85034.252866
-600.931767,499,85066.892018
-581.053578,499,85099.310009
-501.769403,499,85132.8156
-539.699752,499,85164.869584
-516.246154,499,85197.410702
-513.911141,499,85230.042044
-519.990717,499,85263.609
-591.504492,499,85297.111126
-622.681574,499,85331.144937
-622.480661,499,85363.099817
-562.657224,499,85396.589935
-456.957489,499,85428.998444
-549.941735,499,85461.866981
-552.323646,499,85494.375931
-560.002651,499,85527.714578
-512.215829,499,85560.096094
-483.463696,499,85592.933876
-594.907471,499,85626.728019
-431.647167,499,85659.365548
-505.560304,499,85692.983746
-603.059306,499,85729.446773
-529.208279,499,85762.394567
-576.115274,499,85794.377621
-615.27317,499,85825.752737
-628.622803,499,85858.721564
-482.420461,499,85891.997682
-475.373858,499,85926.16624
-559.004535,499,85958.091809
-479.182253,499,85990.822433
-498.856534,499,86023.455283
-542.386347,499,86057.609967
-560.358235,499,86089.65877
-540.502299,499,86122.631636
-642.134388,499,86156.123049
-533.585942,499,86187.686017
-505.9415,499,86220.601004
-508.896101,499,86253.488208
-570.785244,499,86286.438055
-485.19941,499,86318.771992
-553.211816,499,86351.190802
-551.095381,499,86383.631865
-507.890267,499,86415.234294
-466.130344,499,86448.593275
-585.101282,499,86481.507982
-565.020279,499,86514.117833
-522.711998,499,86548.190698
-530.447979,499,86580.753143
-639.53116,499,86612.805343
-651.698311,499,86645.59911
-529.568642,499,86678.120965
-493.830088,499,86710.693837
-563.387848,499,86743.737883
-520.298947,499,86777.018033
-494.411435,499,86809.159018
-512.104262,499,86840.25273
-615.132765,499,86873.357249
-526.141808,499,86905.525844
-642.33773,499,86937.997716
-521.95397,499,86970.761876
-483.879913,499,87003.834514
-525.641566,499,87036.568413
-563.770386,499,87069.277654
-462.099804,499,87100.986637
-528.612685,499,87133.498371
-559.576907,499,87167.072063
-551.236606,499,87200.205323
-500.301188,499,87232.362594
-546.982342,499,87264.144901
-601.631503,499,87296.586127
-510.864449,499,87329.607159
-554.451785,499,87364.451592
-640.67866,499,87396.602279
-610.330591,499,87428.954399
-549.091932,499,87460.688497
-503.531791,499,87493.896019
-538.310296,499,87527.193938
-547.556425,499,87560.266046
-511.414276,499,87594.062927
-572.356454,499,87626.23921
-577.208872,499,87658.800094
-573.533412,499,87692.141492
-552.780421,499,87724.899269
-517.452349,499,87757.957424
-507.245528,499,87790.506994
-564.598913,499,87823.131046
-540.788813,499,87855.253252
-472.846347,499,87888.421838
-508.833612,499,87920.402668
-569.317084,499,87951.907203
-504.050119,499,87983.908491
-526.97426,499,88017.890283
-518.958412,499,88051.425305
-583.176335,499,88084.238106
-537.285273,499,88117.945018
-571.18362,499,88150.353386
-674.32881,499,88182.508085
-532.784139,499,88214.058909
-522.038097,499,88245.350954
-475.548911,499,88278.243039
-575.051299,499,88310.891906
-562.653922,499,88344.442667
-511.156192,499,88378.61191
-586.216008,499,88411.816907
-602.605844,499,88446.527184
-591.642341,499,88479.398135
-512.121488,499,88513.140947
-500.093787,499,88545.853208
-531.203133,499,88577.622498
-518.426373,499,88609.379151
-591.194492,499,88643.355547
-487.277759,499,88676.863157
-505.724938,499,88709.984482
-565.894277,499,88742.136242
-488.325652,499,88775.822145
-518.725053,499,88808.677457
-520.233666,499,88841.714469
-590.404917,499,88874.461128
-613.582449,499,88907.512192
-496.34191,499,88940.213125
-708.677939,499,88971.656482
-559.435985,499,89005.98579
-499.07604,499,89038.161618
-488.380715,499,89070.576422
-544.649019,499,89103.467247
-505.703413,499,89137.283411
-530.703058,499,89170.46774
-545.638085,499,89204.544181
-616.94438,499,89237.91379
-659.502494,499,89272.01276
-517.459234,499,89304.345178
-493.493861,499,89337.728474
-563.573122,499,89369.672199
-525.177039,499,89402.823749
-542.42971,499,89434.81223
-492.018966,499,89468.167407
-491.128151,499,89502.830199
-599.00931,499,89536.330821
-455.632844,499,89569.228407
-480.582185,499,89601.598071
-534.61229,499,89633.80811
-613.322461,499,89666.629508
-584.408949,499,89700.57818
-592.830308,499,89735.545978
-678.789125,499,89768.081604
-540.233734,499,89802.105077
-510.961403,499,89836.144314
-473.50114,499,89869.260141
-517.622887,499,89902.072122
-493.332121,499,89936.102894
-505.782622,499,89968.907424
-534.701061,499,90002.921107
-599.23991,499,90037.179636
-664.640805,499,90070.22551
-523.503165,499,90103.925888
-462.470183,499,90136.431212
-590.582204,499,90168.890579
-523.122212,499,90201.626981
-545.374627,499,90234.294002
-504.82345,499,90266.798264
-477.945297,499,90301.368622
-659.036097,499,90333.590065
-416.153702,499,90365.412544
-488.335751,499,90397.950879
-581.417589,499,90430.940586
-577.155923,499,90463.317965
-592.613308,499,90497.211072
-537.561092,499,90529.747242
-604.098595,499,90563.460274
-603.156427,499,90595.94629
-496.066005,499,90630.008185
-538.452889,499,90664.195193
-529.235612,499,90697.232932
-507.223574,499,90730.015079
-537.838558,499,90762.561064
-588.679299,499,90794.575607
-564.311367,499,90828.443156
-649.192449,499,90861.508637
-571.393399,499,90893.209842
-507.254519,499,90926.168519
-527.60159,499,90958.396147
-540.35087,499,90990.629022
-562.967478,499,91023.338119
-524.882899,499,91055.335081
-473.478909,499,91086.829811
-608.721797,499,91118.753355
-462.233045,499,91151.649925
-510.868129,499,91184.737364
-635.564245,499,91215.911763
-514.332029,499,91248.976902
-588.352938,499,91281.933534
-593.839552,499,91315.461854
-606.48286,499,91346.814201
-500.504348,499,91380.69896
-495.550084,499,91414.038109
-565.061892,499,91446.074834
-479.559826,499,91478.929738
-516.794461,499,91511.146609
-567.140547,499,91544.290118
-588.912092,499,91576.706834
-558.744847,499,91609.454071
-632.924938,499,91642.970652
-522.49313,499,91675.515171
-531.464047,499,91707.829962
-525.573397,499,91740.102607
-556.639376,499,91773.086047
-523.00087,499,91806.544767
-531.031,499,91837.782912
-550.474565,499,91870.475689
-507.496273,499,91902.69839
-459.499623,499,91935.356598
-552.899111,499,91968.830914
-551.248136,499,92000.664284
-513.986013,499,92033.900101
-546.772957,499,92066.905612
-612.930975,499,92099.482878
-657.417563,499,92132.322811
-552.737746,499,92164.976053
-494.065908,499,92198.767585
-583.886473,499,92231.894591
-487.318056,499,92264.741349
-526.603297,499,92300.34445
-516.817905,499,92332.961146
-628.505431,499,92367.117817
-524.505995,499,92398.95074
-617.030581,499,92432.133945
-515.847504,499,92467.628564
-496.761828,499,92499.165916
-567.340034,499,92531.43994
-592.52248,499,92563.641797
-470.781483,499,92595.867925
-475.032,499,92628.32496
-577.677076,499,92661.872117
-533.357414,499,92693.203955
-488.572146,499,92725.490814
-523.358392,499,92759.088074
-613.206919,499,92793.38798
-533.941255,499,92826.376803
-538.29971,499,92860.066902
-713.014102,499,92893.054844
-596.632196,499,92926.158147
-518.47046,499,92959.086046
-494.320393,499,92990.371458
-558.983718,499,93022.992544
-514.785936,499,93055.373732
-519.279391,499,93088.051904
-522.197014,499,93122.185199
-577.746023,499,93154.591654
-611.887924,499,93188.336232
-577.773636,499,93221.705172
-520.666816,499,93255.208825
-498.392544,499,93287.140536
-539.230555,499,93320.083537
-548.327932,499,93351.83945
-501.868994,499,93385.138079
-482.408014,499,93417.346116
-629.305081,499,93451.09974
-498.89702,499,93482.679594
-510.848254,499,93516.409581
-510.595329,499,93549.080434
-585.452995,499,93582.376855
-520.637446,499,93615.180074
-549.402969,499,93648.529699
-654.95767,499,93681.651872
-540.85635,499,93714.812767
-525.146783,499,93748.270817
-452.642795,499,93782.201814
-568.514962,499,93814.250079
-555.482481,499,93846.429034
-531.343556,499,93879.947053
-589.864935,499,93913.498852
-602.4044,499,93948.22953
-615.035903,499,93983.414902
-555.464362,499,94016.366346
-534.940063,499,94047.695169
-538.32475,499,94081.260984
-491.70317,499,94114.156289
-586.007829,499,94146.144546
-481.541305,499,94180.735169
-493.091566,499,94213.618521
-573.364527,499,94246.244015
-492.835048,499,94278.559052
-515.476645,499,94312.779117
-520.657548,499,94345.012027
-580.2985,499,94378.443271
-546.155784,499,94412.382947
-487.173265,499,94445.418247
-693.449791,499,94478.756042
-561.027499,499,94511.321814
-500.848376,499,94544.857938
-462.688748,499,94578.041046
-547.948562,499,94612.074263
-534.068672,499,94646.64757
-516.284372,499,94679.289273
-501.183769,499,94711.530802
-612.201265,499,94743.987323
-630.044493,499,94777.447593
-512.732817,499,94810.590164
-488.548713,499,94842.103534
-564.302228,499,94875.411078
-495.611658,499,94908.121925
-563.329931,499,94943.994086
-481.90832,499,94977.008563
-532.689782,499,95009.826773
-617.253808,499,95042.844567
-495.668345,499,95075.641211
-487.332307,499,95109.835449
-513.460963,499,95142.114891
-576.847065,499,95173.496462
-571.293697,499,95205.746789
-558.125153,499,95238.007529
-656.445699,499,95270.720296
-557.487309,499,95302.50114
-545.62701,499,95334.501184
-507.595306,499,95367.726849
-534.351528,499,95400.777192
-498.93579,499,95434.677335
-491.381514,499,95467.876695
-518.959345,499,95500.481002
-575.222738,499,95533.120933
-642.139229,499,95566.404828
-510.724446,499,95601.665702
-493.084588,499,95634.666218
-590.997542,499,95667.917351
-504.258601,499,95700.301768
-551.29803,499,95732.492249
-487.034164,499,95766.447002
-504.506549,499,95797.976947
-651.904772,499,95829.921874
-460.998417,499,95861.993376
-484.279271,499,95894.179436
-557.101691,499,95927.668131
-590.963255,499,95960.264527
-576.042841,499,95994.655279
-530.841934,499,96027.779589
-625.681377,499,96061.132152
-593.952489,499,96094.47431
-502.695363,499,96127.564016
-560.665931,499,96160.292992
-514.177967,499,96193.498514
-518.340452,499,96226.036814
-534.829094,499,96259.627613
-581.934468,499,96292.790265
-562.471965,499,96325.606082
-630.947721,499,96357.500006
-572.032615,499,96390.983987
-470.828747,499,96424.506516
-513.607438,499,96457.324744
-526.087145,499,96488.750605
-543.547529,499,96521.118689
-488.775988,499,96553.878867
-492.74816,499,96587.586905
-616.719382,499,96618.75785
-452.315608,499,96652.405545
-501.268853,499,96685.227027
-614.793272,499,96717.094851
-493.890604,499,96750.744742
-580.059149,499,96784.472791
-588.708617,499,96817.817084
-597.606339,499,96849.528178
-531.179749,499,96881.929311
-496.766684,499,96915.089669
-545.011027,499,96947.503643
-550.761071,499,96981.725614
-505.046486,499,97014.290998
-599.171517,499,97048.321066
-581.032037,499,97081.185006
-537.972379,499,97113.992974
-638.63892,499,97147.4751
-485.257067,499,97181.712189
-505.359275,499,97215.311118
-510.833367,499,97250.617118
-527.712152,499,97282.668972
-536.106432,499,97315.575854
-544.678165,499,97347.080975
-555.426861,499,97377.469864
-514.770896,499,97410.846237
-440.690258,499,97444.234854
-550.630497,499,97477.078731
-558.352343,499,97509.644951
-524.935414,499,97542.319877
-546.579278,499,97574.649205
-587.497624,499,97606.515696
-622.849577,499,97639.392993
-506.022675,499,97671.281183
-474.278348,499,97703.613019
-579.879813,499,97736.651931
-501.92226,499,97769.338013
-496.817524,499,97802.808769
-544.595347,499,97834.807103
-611.165596,499,97866.626947
-523.832855,499,97898.994962
-613.856062,499,97931.677217
-523.689752,499,97963.318839
-496.115207,499,97996.261087
-516.642967,499,98028.185598
-551.582755,499,98061.246053
-488.014841,499,98092.685125
-486.009041,499,98124.676181
-584.788588,499,98157.112849
-528.209377,499,98189.156599
-487.354384,499,98222.264672
-564.77746,499,98255.973034
-580.982607,499,98290.301786
-553.720718,499,98324.285118
-556.817854,499,98358.720229
-668.001488,499,98391.903837
-619.809356,499,98424.033832
-513.631895,499,98460.576488
-504.451084,499,98493.904997
-563.273712,499,98525.735218
-574.893534,499,98558.902749
-518.763407,499,98592.370797
-566.015287,499,98625.930909
-578.852256,499,98660.185471
-608.221807,499,98697.625727
-570.136309,499,98736.741081
-511.142793,499,98771.67579
-520.104263,499,98806.057951
-496.053546,499,98840.160079
-548.873751,499,98873.871849
-481.300001,499,98907.46684
-511.301435,499,98941.611136
-576.847685,499,98974.72118
-492.498334,499,99008.963475
-508.687914,499,99042.739105
-508.873826,499,99076.589875
