#{"t_start": 1686263806.786818, "env_id": "quantumEnvExp-v0"}
r,l,t
-195.284093,499,12.004259
-208.049498,499,22.831204
-199.973137,499,33.329475
-185.957997,499,44.270294
-234.785691,499,55.279246
-198.183254,499,67.551193
-228.445711,499,78.394257
-227.533464,499,89.167785
-172.198706,499,100.30803
-195.294528,499,111.34187
-209.491739,499,123.440974
-168.757535,499,134.218333
-200.232832,499,145.35287
-213.039091,499,156.109667
-201.045692,499,166.791843
-221.93536,499,178.626873
-130.54634,499,189.362592
-211.479376,499,200.330356
-198.482344,499,211.637461
-206.969654,499,222.710541
-153.021922,499,234.733774
-134.997302,499,246.004612
-223.885811,499,257.070156
-210.671931,499,268.241618
-235.972805,499,279.202598
-208.132815,499,291.910753
-130.3508,499,303.243006
-235.462394,499,314.337966
-214.558032,499,325.216214
-213.06492,499,336.067697
-212.751338,499,348.506389
-175.443793,499,359.368103
-139.360436,499,370.515074
-234.071596,499,381.272421
-144.526602,499,392.4297
-172.658126,499,404.887423
-106.563916,499,415.722152
-148.388881,499,426.785357
-136.26903,499,437.858434
-148.127574,499,448.766881
-156.390782,499,461.143727
-135.713071,499,471.928518
-180.29241,499,483.034093
-213.294289,499,493.821033
-227.082999,499,504.724301
-175.442771,499,517.023163
-157.850182,499,528.086554
-144.720918,499,539.175906
-179.942626,499,550.166877
-189.251848,499,560.791002
-206.305372,499,575.714342
-224.213255,499,587.185946
-204.016988,499,598.273291
-128.568214,499,609.271271
-196.097279,499,620.378838
-208.601534,499,632.773598
-135.627585,499,643.796951
-162.303723,499,655.141153
-71.021292,499,666.671972
-160.620474,499,677.850183
-217.987205,499,690.002615
-203.726616,499,700.930165
-91.076442,499,712.106231
-167.444958,499,723.097528
-196.282894,499,734.277473
-74.398669,499,746.326152
-161.769006,499,757.535303
-192.84411,499,768.827784
-219.815918,499,779.675445
-230.659607,499,790.627782
-145.284656,499,803.098037
-215.695568,499,814.306799
-183.805163,499,825.552436
-228.554655,499,836.616054
-193.66908,499,847.697582
-84.065473,499,859.984638
-207.748884,499,871.430717
-122.095845,499,882.640509
-205.673354,499,893.546156
-106.318246,499,904.342973
-84.933373,499,916.569307
-113.653699,499,927.631523
-109.86311,499,938.732151
-79.750821,499,950.235626
-94.136588,499,961.258391
-82.559217,499,973.845721
-89.303897,499,985.333629
-126.533583,499,996.272393
-126.805656,499,1007.158621
-113.067258,499,1018.401446
-128.470502,499,1030.354436
-81.820021,499,1041.439361
-116.159522,499,1052.602153
-97.375849,499,1063.662413
-92.41804,499,1074.748895
-94.531921,499,1086.993966
-76.664939,499,1098.208992
-84.167157,499,1109.156024
-66.536366,499,1120.121391
-84.368889,499,1131.042116
-63.134544,499,1145.692312
-77.340703,499,1157.125239
-108.237117,499,1168.124954
-85.496902,499,1179.082437
-78.217102,499,1189.963645
-75.369245,499,1202.152751
-70.582578,499,1213.457219
-118.708195,499,1224.577208
-110.246911,499,1235.845253
-97.212754,499,1247.047273
-74.514598,499,1259.273161
-94.460369,499,1270.233272
-81.598852,499,1280.829524
-78.516005,499,1291.368237
-81.159934,499,1302.045474
-99.69316,499,1314.255337
-72.220002,499,1324.882981
-72.807872,499,1335.41778
-81.871448,499,1345.93858
-76.608107,499,1356.580421
-81.811849,499,1368.738282
-61.747311,499,1379.801773
-103.663221,499,1390.816343
-79.571479,499,1402.0323
-61.066433,499,1412.950872
-84.009011,499,1425.002301
-69.555742,499,1436.205705
-67.887385,499,1447.50641
-75.336127,499,1458.308403
-92.992571,499,1469.579724
-55.880627,499,1481.507165
-73.862756,499,1492.533512
-71.354928,499,1503.253086
-67.148823,499,1514.285731
-67.775019,499,1525.555477
-79.467647,499,1538.011523
-73.038991,499,1548.961872
-63.96781,499,1559.925598
-69.473474,499,1570.91004
-74.950986,499,1582.27342
-62.491987,499,1594.479558
-69.17856,499,1605.543633
-74.232205,499,1616.388456
-74.09489,499,1627.680478
-71.219928,499,1638.603234
-71.878333,499,1650.708075
-49.695677,499,1661.552344
-60.23013,499,1672.674093
-75.606016,499,1683.444861
-74.531277,499,1694.372987
-75.896297,499,1709.390282
-57.824945,499,1720.510969
-57.080324,499,1731.464657
-47.45771,499,1742.610773
-56.7149,499,1753.9886
-64.970611,499,1766.077964
-83.916948,499,1776.987391
-59.023857,499,1787.750753
-68.082622,499,1798.639705
-64.266753,499,1809.869325
-68.095564,499,1821.945463
-59.75856,499,1832.70871
-56.023842,499,1843.559567
-77.147271,499,1854.507102
-68.145717,499,1865.294544
-63.390488,499,1877.414643
-62.055087,499,1888.276764
-56.920201,499,1899.185051
-83.554352,499,1909.964314
-64.807012,499,1920.610863
-57.297093,499,1932.596837
-55.884951,499,1943.569432
-65.392955,499,1954.590062
-71.568901,499,1965.434095
-57.454472,499,1976.480761
-58.836003,499,1988.733952
-58.576057,499,1999.570628
-56.178905,499,2010.803037
-57.844946,499,2021.915936
-51.926438,499,2032.987169
-60.257446,499,2045.412673
-55.045231,499,2056.228294
-65.344605,499,2067.108485
-60.672224,499,2078.570611
-51.098278,499,2089.552797
-75.704294,499,2101.850246
-54.711561,499,2113.031707
-63.074219,499,2124.098563
-53.79957,499,2135.026602
-65.650494,499,2146.274743
-70.762218,499,2158.623182
-50.791417,499,2169.623082
-56.984482,499,2180.683653
-69.199567,499,2191.74061
-50.736324,499,2202.648442
-60.304747,499,2214.837627
-64.376686,499,2226.205148
-54.680043,499,2237.216485
-53.117863,499,2248.380079
-47.571582,499,2259.459625
-59.224887,499,2273.655414
-48.459619,499,2285.277414
-58.377341,499,2296.612072
-46.152562,499,2307.811771
-57.091815,499,2318.728915
-62.139164,499,2331.191303
-57.348228,499,2342.125368
-48.777461,499,2353.217893
-47.436707,499,2364.259754
-50.870752,499,2375.104911
-72.06447,499,2387.230208
-54.844223,499,2398.414825
-53.576676,499,2409.480066
-53.275835,499,2420.534245
-62.48511,499,2431.583503
-52.616286,499,2443.525815
-49.339686,499,2454.40728
-55.018418,499,2465.455134
-60.03054,499,2476.1415
-51.947039,499,2487.199609
-52.12586,499,2499.773082
-55.518817,499,2510.637925
-57.607046,499,2521.822174
-46.323486,499,2532.744282
-54.394268,499,2543.817768
-58.439733,499,2556.288198
-54.262972,499,2567.55364
-46.923643,499,2578.301656
-60.135737,499,2589.423337
-54.060889,499,2600.440118
-51.02351,499,2612.786712
-58.532681,499,2623.708913
-56.391285,499,2634.710657
-53.234813,499,2645.970746
-50.555316,499,2657.352127
-52.806256,499,2669.483253
-49.632352,499,2680.436841
-45.978447,499,2691.525305
-47.681831,499,2702.575614
-46.029989,499,2713.942538
-47.408024,499,2726.146221
-51.734734,499,2736.991299
-48.531348,499,2748.070091
-46.998468,499,2759.103216
-55.5557,499,2770.152752
-42.718417,499,2782.336936
-51.835228,499,2793.511678
-56.019643,499,2804.787463
-47.380933,499,2815.892984
-41.647049,499,2826.805448
-52.353538,499,2841.752953
-55.917183,499,2852.753205
-48.19737,499,2863.792215
-53.619176,499,2874.817778
-47.863299,499,2885.827498
-49.384103,499,2897.823025
-41.905472,499,2908.776467
-45.540281,499,2919.888736
-54.38932,499,2930.782191
-47.949948,499,2941.772431
-53.538563,499,2953.980503
-51.320377,499,2964.85729
-51.96411,499,2975.829134
-45.615271,499,2986.635724
-42.498017,499,2997.809512
-50.40946,499,3010.353903
-56.919753,499,3021.514519
-51.9184,499,3032.597494
-48.29406,499,3043.717526
-55.725918,499,3054.84447
-46.864396,499,3067.02071
-51.721077,499,3078.327391
-46.407871,499,3089.742939
-50.575243,499,3100.677306
-45.978391,499,3111.492881
-53.070984,499,3123.414038
-60.231504,499,3134.664766
-45.28233,499,3145.808825
-52.56399,499,3157.092861
-47.370053,499,3168.395926
-50.123914,499,3180.321602
-42.636097,499,3191.226401
-47.703171,499,3202.069515
-48.747447,499,3213.019934
-47.327837,499,3224.209498
-49.699279,499,3236.327429
-42.138694,499,3247.537893
-48.699354,499,3258.72206
-49.027355,499,3269.41873
-45.254162,499,3280.236651
-48.304729,499,3292.725909
-46.719378,499,3303.837103
-51.934693,499,3315.182295
-47.439051,499,3326.405171
-42.403483,499,3337.214469
-53.552008,499,3349.844525
-46.987906,499,3360.949337
-44.703264,499,3371.659158
-48.752611,499,3382.795422
-49.741599,499,3393.88297
-43.908614,499,3409.32623
-41.817499,499,3419.930849
-40.900097,499,3430.848959
-41.64164,499,3441.681429
-42.833272,499,3452.842021
-49.767581,499,3465.30938
-39.53055,499,3476.502394
-43.718102,499,3487.52983
-49.427763,499,3498.369862
-45.547456,499,3508.986068
-42.648192,499,3520.85931
-42.927219,499,3531.991353
-47.888518,499,3542.786468
-56.455385,499,3553.87224
-48.801779,499,3564.878931
-41.474178,499,3576.61859
-50.352105,499,3587.785841
-47.924035,499,3599.020294
-49.582774,499,3610.000985
-44.272701,499,3621.242874
-53.225082,499,3633.365865
-47.832312,499,3644.09178
-48.750828,499,3655.049893
-47.692496,499,3665.942375
-46.387163,499,3677.141963
-48.425918,499,3689.381413
-41.390038,499,3700.480975
-50.021044,499,3711.42707
-51.773805,499,3722.247326
-45.057573,499,3733.125286
-49.544539,499,3745.332424
-46.732271,499,3756.293793
-47.949111,499,3767.288146
-48.829455,499,3777.997005
-49.448054,499,3788.894011
-54.487874,499,3801.133785
-48.223189,499,3811.900265
-47.515718,499,3823.140577
-43.813276,499,3833.822324
-46.96946,499,3844.725359
-46.103716,499,3857.096824
-48.28265,499,3868.078076
-41.481031,499,3879.431158
-43.215788,499,3890.409706
-51.048544,499,3901.210189
-46.016863,499,3913.240567
-40.375327,499,3924.399652
-47.346349,499,3935.747378
-43.195372,499,3946.64863
-44.692355,499,3957.983157
-53.828488,499,3972.41806
-41.693554,499,3983.87439
-43.501216,499,3994.868083
-47.272953,499,4006.02101
-51.484147,499,4017.178148
-49.565295,499,4029.717197
-46.082226,499,4040.421041
-42.671306,499,4051.51704
-45.90557,499,4062.430824
-42.605819,499,4073.589401
-45.901214,499,4085.735221
-46.688143,499,4096.814841
-46.619671,499,4107.619343
-44.986004,499,4118.498484
-48.519578,499,4129.511556
-43.20866,499,4141.682621
-41.364254,499,4152.543128
-43.796269,499,4163.337297
-50.070743,499,4174.404813
-46.502352,499,4185.286729
-44.883125,499,4197.333088
-46.239539,499,4208.356765
-44.306702,499,4219.540932
-44.029705,499,4230.549841
-46.558449,499,4241.457878
-46.304792,499,4253.800272
-49.819416,499,4264.969719
-49.214799,499,4275.842365
-46.305178,499,4286.809976
-57.155892,499,4297.927018
-46.874103,499,4310.047233
-50.020256,499,4321.281825
-44.715808,499,4332.341417
-45.779616,499,4343.123802
-45.669535,499,4354.202807
-44.508524,499,4366.202573
-42.206114,499,4377.30328
-41.761473,499,4388.232481
-45.526784,499,4399.364852
-40.249376,499,4410.626275
-48.769064,499,4422.615723
-41.786142,499,4433.443854
-42.387237,499,4444.57553
-43.694145,499,4455.701802
-45.693851,499,4466.827871
-47.51223,499,4478.69232
-44.837526,499,4489.828923
-44.091417,499,4500.800017
-49.816958,499,4511.713736
-41.37499,499,4522.419068
-41.919581,499,4537.299762
-47.81906,499,4548.683783
-42.955203,499,4559.8711
-41.023495,499,4570.796015
-39.707989,499,4581.743315
-38.774248,499,4594.321187
-40.860783,499,4605.246364
-44.834844,499,4616.293764
-40.721557,499,4627.370286
-39.460753,499,4638.111253
-42.506368,499,4650.215083
-42.773823,499,4661.089713
-43.006486,499,4671.975806
-39.585551,499,4683.208024
-39.909704,499,4693.850538
-48.874805,499,4706.043439
-49.791515,499,4716.876447
-41.833531,499,4727.779
-40.923433,499,4738.725262
-50.36368,499,4749.45408
-43.752182,499,4761.700534
-42.995146,499,4773.090029
-46.581589,499,4784.071583
-45.895562,499,4795.128248
-41.995916,499,4805.893588
-44.526704,499,4818.272517
-43.613665,499,4829.349374
-43.472463,499,4840.114578
-41.522988,499,4851.023674
-41.523399,499,4861.907619
-44.583628,499,4873.95606
-44.506424,499,4885.019017
-42.869458,499,4895.925965
-47.884022,499,4907.187458
-46.13345,499,4917.936723
-47.111419,499,4930.001057
-44.448462,499,4940.930073
-46.403383,499,4951.83804
-49.6381,499,4962.857316
-44.346165,499,4973.866138
-43.492903,499,4986.227485
-42.625798,499,4997.127554
-45.42051,499,5008.265198
-43.709168,499,5019.341388
-45.733454,499,5030.404714
-39.462438,499,5042.342266
-42.196488,499,5053.205432
-44.065313,499,5064.015562
-42.520288,499,5075.024641
-35.796757,499,5085.975333
-45.422951,499,5100.644562
-40.95085,499,5111.82356
-44.793952,499,5122.887097
-46.924421,499,5133.685467
-42.302948,499,5144.492523
-44.790619,499,5156.696894
-49.06079,499,5167.40744
-43.835352,499,5178.423743
-43.513875,499,5189.466412
-45.384117,499,5200.81443
-43.525018,499,5213.174159
-40.725341,499,5224.445543
-39.572166,499,5235.414362
-40.789507,499,5246.421988
-43.604012,499,5257.353046
-43.810471,499,5270.036386
-44.580278,499,5280.977076
-40.280571,499,5291.946799
-39.027814,499,5302.927123
-41.477193,499,5314.088307
-44.1418,499,5326.112191
-46.452939,499,5337.064016
-42.005297,499,5348.078406
-38.135617,499,5359.256029
-47.653773,499,5370.320714
-40.580009,499,5382.64012
-40.758787,499,5393.703266
-42.77842,499,5404.689728
-45.279527,499,5415.673203
-48.767262,499,5426.79198
-43.303235,499,5439.010644
-50.942664,499,5450.016851
-44.915631,499,5461.078892
-46.485897,499,5472.707502
-43.195532,499,5483.717718
-45.333333,499,5495.686131
-42.704388,499,5506.458066
-44.445072,499,5517.238036
-43.33695,499,5528.410519
-40.331466,499,5539.596294
-39.918701,499,5551.876877
-39.893648,499,5562.935195
-39.062232,499,5574.140659
-46.846928,499,5585.014987
-39.789389,499,5595.889504
-41.013735,499,5607.832551
-41.022414,499,5618.399964
-44.741626,499,5629.388902
-47.573487,499,5640.168985
-43.480027,499,5651.098138
-44.633434,499,5665.108101
-43.594567,499,5677.422327
-39.604473,499,5688.488066
-37.939936,499,5699.50912
-44.709178,499,5710.401067
-41.667738,499,5721.522936
-37.352204,499,5733.866904
-37.184077,499,5744.956604
-36.92553,499,5755.775307
-37.234657,499,5766.560982
-44.274685,499,5777.85321
-38.679686,499,5790.074342
-39.664542,499,5800.679734
-41.497242,499,5811.832552
-42.8994,499,5822.7756
-38.820036,499,5833.870323
-39.631846,499,5846.088954
-39.460141,499,5856.871397
-47.069142,499,5867.812194
-44.089283,499,5879.11252
-40.164531,499,5890.280375
-42.779664,499,5902.528787
-42.887054,499,5913.879136
-41.721707,499,5925.161542
-40.836581,499,5936.124521
-43.634884,499,5946.751995
-44.044332,499,5958.814127
-42.635894,499,5969.589239
-40.799688,499,5980.325543
-44.462439,499,5991.255747
-40.613517,499,6002.402557
-38.222264,499,6014.610854
-39.363368,499,6025.656264
-45.20426,499,6036.650734
-41.458418,499,6047.464741
-39.624229,499,6058.521256
-43.888648,499,6070.752295
-39.498916,499,6081.775316
-46.066438,499,6092.674032
-40.970968,499,6103.546927
-46.799565,499,6114.711404
-43.679887,499,6126.937988
-42.301059,499,6138.135848
-42.292424,499,6149.030947
-34.610659,499,6160.076144
-41.179707,499,6171.052727
-41.346493,499,6183.47082
-39.114914,499,6194.372176
-38.495679,499,6205.279724
-39.387256,499,6216.385254
-41.862403,499,6230.192449
-38.546756,499,6242.052054
-41.294527,499,6253.265936
-39.675393,499,6264.094211
-39.310663,499,6275.113377
-44.259086,499,6286.375116
-40.337529,499,6298.585727
-38.347241,499,6309.425542
-42.373575,499,6320.144201
-45.39435,499,6331.130436
-42.821152,499,6342.228245
-44.077023,499,6354.7926
-40.289504,499,6365.623569
-44.671487,499,6376.832799
-35.896635,499,6387.642863
-42.174422,499,6398.591198
-40.576561,499,6410.80135
-41.530294,499,6421.767247
-42.71942,499,6432.95165
-41.538169,499,6444.062366
-41.276523,499,6454.872821
-40.183813,499,6467.350576
-35.466364,499,6478.20717
-43.472141,499,6489.334711
-45.396446,499,6500.084109
-39.902098,499,6510.804129
-40.419196,499,6523.140447
-44.465249,499,6534.424994
-39.487246,499,6545.325264
-39.268122,499,6556.37822
-39.990743,499,6567.221388
-45.042305,499,6579.587677
-41.181046,499,6590.531049
-45.613611,499,6601.702708
-56.415501,499,6612.262589
-41.041638,499,6623.34418
-47.075621,499,6635.556026
-40.593673,499,6646.592669
-42.943389,499,6657.498575
-42.108841,499,6668.14294
-41.153378,499,6678.930302
-41.780585,499,6691.136971
-39.476707,499,6701.959993
-43.200364,499,6712.906766
-36.559393,499,6723.82193
-41.691192,499,6734.91898
-42.566113,499,6747.081967
-40.011745,499,6758.018162
-40.513755,499,6768.945793
-42.689337,499,6779.67379
-45.138866,499,6793.255267
-43.584843,499,6805.772349
-39.736285,499,6816.725927
-46.73872,499,6827.844127
-42.310121,499,6839.072066
-37.977748,499,6850.168295
-42.320569,499,6862.116731
-40.726352,499,6873.011109
-38.834578,499,6884.083957
-38.114869,499,6894.680236
-33.725255,499,6905.664946
-38.390117,499,6918.308329
-39.59582,499,6929.436832
-40.631624,499,6940.331087
-35.790462,499,6951.178311
-40.656028,499,6962.267775
-41.693666,499,6974.059752
-38.712654,499,6984.954617
-38.326534,499,6995.794984
-38.242613,499,7006.5762
-41.758819,499,7017.382117
-48.573838,499,7029.665619
-40.827569,499,7040.404003
-35.211782,499,7051.568919
-45.10549,499,7062.697948
-40.757806,499,7073.861273
-41.373047,499,7085.955355
-38.702944,499,7096.840887
-43.670363,499,7107.859146
-42.036051,499,7119.217993
-40.804218,499,7130.543141
-40.044054,499,7142.507735
-40.231864,499,7153.368406
-39.582899,499,7164.163265
-37.174396,499,7175.091396
-37.987557,499,7185.841081
-43.275125,499,7198.035023
-39.547609,499,7208.985478
-42.687571,499,7219.841977
-41.207452,499,7231.035534
-40.827998,499,7241.849674
-43.201054,499,7253.992631
-40.867151,499,7264.616315
-46.594333,499,7275.500374
-41.593844,499,7286.11747
-41.582734,499,7296.857169
-37.131043,499,7308.933506
-39.368604,499,7319.746404
-38.115116,499,7330.864864
-41.053561,499,7341.626322
-38.676976,499,7355.45037
-36.359384,499,7367.571176
-42.675743,499,7378.153261
-39.576941,499,7389.276636
-35.499761,499,7400.276864
-39.296883,499,7410.922396
-36.979188,499,7422.965105
-39.838589,499,7433.980078
-43.865796,499,7445.098027
-39.883653,499,7455.701388
-38.040494,499,7466.592097
-40.839438,499,7478.377008
-42.584658,499,7489.139822
-40.560065,499,7499.922208
-44.330221,499,7510.630778
-38.107582,499,7521.684799
-42.562356,499,7533.75884
-34.604177,499,7544.699796
-40.606998,499,7555.477281
-38.674671,499,7566.420095
-42.679641,499,7577.103166
-39.743875,499,7589.119618
-42.208565,499,7600.37912
-40.859647,499,7611.373115
-40.404156,499,7622.739547
-36.815639,499,7633.433389
-45.145223,499,7646.092726
-42.335932,499,7657.281524
-39.812941,499,7668.454165
-40.585114,499,7679.237542
-42.232524,499,7689.977262
-39.578617,499,7702.00838
-38.99918,499,7712.937442
-39.240569,499,7723.624085
-43.115141,499,7734.447015
-40.569875,499,7745.342323
-42.335693,499,7757.426318
-48.654451,499,7768.561293
-39.316754,499,7779.341409
-42.29754,499,7790.281506
-41.240994,499,7801.169335
-42.738681,499,7813.249749
-36.861454,499,7824.040662
-39.464459,499,7835.344258
-37.074916,499,7846.202196
-39.167203,499,7857.121314
-40.646413,499,7869.377602
-36.225652,499,7880.015139
-42.729518,499,7890.75149
-36.96798,499,7901.402292
-39.954558,499,7915.683949
-39.377034,499,7927.638181
-40.706542,499,7938.20377
-44.089153,499,7948.946211
-39.858977,499,7959.263292
-37.844596,499,7970.343104
-42.966356,499,7982.433482
-39.00025,499,7993.043849
-34.997951,499,8004.091337
-41.573956,499,8015.130441
-38.925377,499,8026.274773
-37.508483,499,8038.391268
-34.18134,499,8049.181673
-36.198346,499,8060.116255
-36.76249,499,8071.032473
-40.913649,499,8081.92535
-37.446555,499,8093.893554
-34.327594,499,8104.886719
-39.719568,499,8115.890294
-41.674493,499,8126.837834
-38.59325,499,8137.603878
-39.164396,499,8149.599015
-37.162524,499,8160.459857
-43.142198,499,8171.719327
-43.737861,499,8182.815515
-40.540742,499,8193.933156
-37.560583,499,8206.204134
-43.375167,499,8217.062499
-39.871891,499,8228.297146
-39.196869,499,8238.951768
-39.35228,499,8249.747332
-43.239378,499,8261.708663
-42.121195,499,8273.185371
-39.19823,499,8284.05299
-40.470011,499,8295.129157
-39.376724,499,8306.093025
-40.037009,499,8318.491437
-37.479819,499,8329.262483
-40.548839,499,8340.408801
-42.329997,499,8351.3228
-36.006356,499,8362.448516
-46.564142,499,8374.268006
-40.6819,499,8385.10044
-41.503899,499,8395.91837
-39.40605,499,8406.876909
-42.801149,499,8417.542529
-41.538019,499,8429.771065
-40.160245,499,8440.635905
-41.035731,499,8451.529123
-36.350731,499,8462.580758
-38.041731,499,8476.946368
-39.921662,499,8489.0411
-39.147272,499,8499.876969
-36.871125,499,8510.459219
-38.851064,499,8521.352647
-41.377159,499,8532.139351
-40.303914,499,8544.31205
-34.92822,499,8555.401795
-39.100422,499,8566.134328
-37.442782,499,8577.179178
-40.172608,499,8588.437207
-42.792815,499,8600.625957
-36.969139,499,8611.446249
-38.876324,499,8622.489766
-44.593208,499,8633.347571
-40.826527,499,8643.953398
-41.408612,499,8656.069671
-39.205951,499,8666.759117
-37.773107,499,8677.770133
-39.666231,499,8688.46713
-34.441535,499,8699.489804
-40.235016,499,8711.450086
-40.581955,499,8722.3238
-36.797422,499,8732.876863
-39.662733,499,8743.601973
-38.229884,499,8754.281658
-38.279653,499,8766.480537
-38.368175,499,8777.342064
-39.441451,499,8788.475837
-42.671342,499,8799.4174
-41.855719,499,8810.165841
-37.899373,499,8822.118016
-40.41518,499,8832.553673
-39.896516,499,8843.491109
-38.781457,499,8854.678577
-39.746329,499,8865.654638
-39.860122,499,8877.865943
-40.570564,499,8889.2551
-41.787148,499,8900.030924
-45.001763,499,8910.759792
-43.470803,499,8921.655814
-40.816995,499,8933.946908
-39.263499,499,8945.030781
-38.406923,499,8956.363669
-41.822473,499,8967.13191
-39.106184,499,8977.839
-37.068895,499,8989.805574
-36.970634,499,9000.657129
-39.376911,499,9011.887704
-40.286649,499,9022.674009
-35.330755,499,9036.891872
-41.971965,499,9049.820461
-37.71322,499,9060.643363
-37.285048,499,9071.66648
-40.687535,499,9082.744096
-38.186848,499,9093.66011
-42.601397,499,9105.691456
-34.981912,499,9116.362498
-38.174989,499,9127.510282
-42.867516,499,9138.386967
-35.229699,499,9149.572268
-34.176853,499,9161.767449
-42.936743,499,9172.462857
-37.918116,499,9183.853102
-35.199437,499,9194.833221
-34.832087,499,9205.642399
-35.178537,499,9217.353776
-37.343401,499,9228.170771
-40.093628,499,9238.622685
-36.009302,499,9249.539389
-35.171043,499,9260.815535
-37.948774,499,9272.951387
-39.850807,499,9283.800126
-37.832322,499,9294.959642
-38.73976,499,9305.832519
-37.193035,499,9317.1348
-42.140298,499,9329.125525
-43.920333,499,9340.046546
-37.446491,499,9351.126559
-38.240086,499,9361.935421
-42.159917,499,9373.17294
-37.669436,499,9385.328696
-37.131662,499,9396.232577
-40.869847,499,9407.124615
-39.514948,499,9418.402021
-38.703574,499,9429.687969
-37.437067,499,9441.764931
-38.497585,499,9452.852655
-38.998686,499,9463.525535
-37.064927,499,9474.724327
-36.743137,499,9485.590271
-42.400086,499,9497.353707
-37.506089,499,9508.078861
-38.135654,499,9518.907804
-42.615006,499,9529.706342
-38.556374,499,9540.777974
-40.492805,499,9553.130109
-37.83371,499,9563.976087
-43.423428,499,9574.872619
-41.061234,499,9586.254277
-40.224249,499,9600.182182
-38.4172,499,9612.6387
-33.712839,499,9623.461826
-39.982407,499,9634.371623
-39.548331,499,9645.390973
-39.198804,499,9656.33706
-35.613758,499,9668.481554
-38.066325,499,9679.370291
-38.896725,499,9690.414895
-38.130797,499,9701.391245
-36.915505,499,9712.476354
-36.585952,499,9724.800498
-36.856555,499,9735.758922
-40.254335,499,9746.714668
-40.007068,499,9757.409009
-36.424767,499,9768.097842
-40.32878,499,9780.145766
-42.715691,499,9790.887305
-40.858979,499,9801.864668
-40.652409,499,9812.642512
-38.886921,499,9823.438232
-40.680608,499,9835.220574
-36.623745,499,9846.250037
-37.159345,499,9857.247103
-37.480304,499,9868.135859
-39.668865,499,9879.069363
-40.103662,499,9890.861803
-38.374911,499,9901.897506
-38.15254,499,9912.619341
-38.609126,499,9923.775336
-36.278519,499,9934.516568
-40.745933,499,9946.695723
-41.630342,499,9957.487523
-38.70057,499,9968.269353
-38.662924,499,9979.118401
-40.132973,499,9989.991013
-37.975,499,10002.036768
-38.176312,499,10012.765146
-39.197767,499,10023.527716
-38.383466,499,10034.437188
-42.513304,499,10045.305416
-40.864146,499,10057.416125
-49.682359,499,10068.348982
-38.28082,499,10079.514024
-43.265891,499,10090.49774
-39.037528,499,10101.568558
-39.210162,499,10113.816783
-39.96951,499,10124.530451
-38.614697,499,10135.627265
-40.939483,499,10146.578338
-36.035645,499,10159.847448
-40.577334,499,10172.57475
-36.382572,499,10183.529168
-37.348919,499,10194.455236
-39.816387,499,10205.190374
-37.904779,499,10216.295902
-37.968719,499,10228.140737
-38.309907,499,10239.005345
-39.609161,499,10249.802275
-42.139342,499,10260.616793
-39.587374,499,10271.656101
-41.302124,499,10283.75868
-39.731499,499,10294.62843
-36.258389,499,10305.599505
-39.192571,499,10316.670554
-37.442106,499,10327.483724
-38.452102,499,10339.552614
-34.684347,499,10350.701844
-32.264233,499,10361.53586
-36.956504,499,10372.386482
-36.99119,499,10383.608574
-37.999482,499,10395.759872
-36.276147,499,10406.862521
-37.918764,499,10417.846196
-37.811939,499,10428.909201
-38.816534,499,10439.793998
-39.612394,499,10451.624158
-37.26179,499,10462.614412
-39.775766,499,10473.414569
-46.075805,499,10484.242119
-39.906656,499,10495.25099
-35.901364,499,10507.54886
-41.983014,499,10518.719609
-39.611729,499,10529.775748
-38.459923,499,10540.980273
-39.252936,499,10551.703534
-40.850736,499,10563.51807
-40.257866,499,10574.579683
-39.662642,499,10585.490783
-36.756203,499,10596.184603
-40.106932,499,10606.985262
-38.340783,499,10618.797551
-35.773222,499,10629.788562
-36.026897,499,10640.702321
-43.718281,499,10651.49518
-35.905049,499,10662.630246
-38.730872,499,10674.581634
-42.078469,499,10685.663917
-40.101653,499,10696.580266
-40.713638,499,10707.690192
-38.829601,499,10721.673557
-43.536422,499,10734.516899
-42.39366,499,10745.179314
-39.63286,499,10756.203933
-36.114454,499,10766.924717
-39.363216,499,10778.022902
-38.448852,499,10790.506085
-38.492207,499,10801.597089
-37.080451,499,10812.311383
-38.411413,499,10823.241853
-39.727407,499,10834.622001
-38.906792,499,10846.955645
-34.446168,499,10857.622079
-36.16709,499,10868.489832
-34.376289,499,10879.319687
-38.88999,499,10890.434136
-42.724971,499,10902.720029
-36.597186,499,10913.800507
-38.149821,499,10924.498897
-40.972667,499,10935.615971
-39.366987,499,10946.550278
-40.831489,499,10958.643656
-41.052866,499,10969.665845
-35.735601,499,10980.778796
-41.509341,499,10991.361533
-34.05061,499,11002.270139
-36.036915,499,11014.575258
-39.357124,499,11025.508338
-37.093763,499,11036.503049
-40.327721,499,11047.359004
-38.477934,499,11058.493452
-40.410172,499,11070.206877
-36.68098,499,11081.123758
-34.720733,499,11091.978754
-41.755267,499,11102.79326
-42.079887,499,11113.500299
-39.467245,499,11125.583433
-39.03326,499,11136.478015
-41.442522,499,11147.3442
-38.448438,499,11158.054978
-37.38375,499,11169.04
-37.283386,499,11181.330753
-43.390975,499,11192.403584
-39.758692,499,11203.22814
-40.188928,499,11214.21938
-49.023773,499,11225.630752
-39.214691,499,11237.871825
-43.16638,499,11248.834901
-39.71546,499,11259.717087
-42.197729,499,11270.683569
-37.454909,499,11284.202412
-38.729557,499,11295.58294
-38.01363,499,11307.607021
-38.738847,499,11318.65752
-39.978965,499,11329.612117
-35.617867,499,11340.17375
-37.668777,499,11350.965216
-40.20289,499,11363.160763
-36.951291,499,11374.171294
-38.77527,499,11385.274284
-39.044363,499,11396.242149
-43.794833,499,11407.161923
-39.251721,499,11419.022811
-37.087549,499,11429.965173
-42.00199,499,11440.815305
-38.235501,499,11451.753725
-36.349129,499,11462.558193
-39.734572,499,11474.642356
-38.866974,499,11485.995321
-35.028875,499,11497.047724
-34.483554,499,11507.850278
-34.582734,499,11519.148149
-35.794309,499,11531.515337
-38.314872,499,11542.420016
-37.858427,499,11553.518882
-33.477259,499,11564.492241
-37.775157,499,11575.360645
-37.847152,499,11587.293729
-38.266744,499,11598.192734
-38.714206,499,11609.304402
-36.766941,499,11620.403622
-40.189412,499,11631.367985
-44.309518,499,11643.734182
-39.713729,499,11654.508605
-34.982786,499,11665.282617
-41.153747,499,11676.14699
-36.928678,499,11686.756904
-40.480446,499,11698.927116
-39.31206,499,11709.980968
-41.495339,499,11720.883019
-39.290136,499,11731.603137
-39.150665,499,11742.256917
-37.91259,499,11754.306522
-39.838817,499,11765.267054
-38.573977,499,11776.378341
-36.18792,499,11787.370456
-39.061369,499,11798.140184
-39.97111,499,11810.35791
-38.279341,499,11821.362805
-44.173591,499,11832.282664
-40.764524,499,11846.15193
-40.776772,499,11857.266333
-39.267506,499,11869.256298
-39.069097,499,11880.333602
-45.009301,499,11891.3163
-41.019365,499,11902.342892
-40.068145,499,11913.117078
-34.655569,499,11925.177249
-38.445884,499,11935.990713
-39.086126,499,11947.224875
-39.63842,499,11958.267698
-36.45075,499,11968.924987
-37.555793,499,11980.826667
-41.960577,499,11991.706061
-40.209508,499,12002.616658
-34.111524,499,12013.694433
-37.737397,499,12024.834074
-36.068876,499,12036.92327
-40.481908,499,12047.938312
-42.220497,499,12058.958688
-36.612833,499,12070.065112
-41.271623,499,12080.952424
-42.23733,499,12093.031853
-40.465191,499,12103.972621
-39.392997,499,12114.874401
-39.173609,499,12125.952528
-37.798272,499,12137.02956
-42.124089,499,12149.088666
-36.658323,499,12159.973096
-39.577772,499,12170.704289
-39.847118,499,12181.453346
-39.268486,499,12192.219029
-39.880946,499,12204.102309
-39.60885,499,12215.252391
-39.463706,499,12226.49684
-37.819147,499,12237.238756
-38.890296,499,12248.17912
-43.343578,499,12260.189034
-41.830508,499,12270.976132
-37.096264,499,12281.521758
-41.719912,499,12292.139335
-40.399994,499,12302.966668
-37.707295,499,12314.762162
-37.281822,499,12325.436358
-41.128482,499,12336.050762
-42.483894,499,12346.845083
-43.507909,499,12357.644968
-40.894157,499,12369.734151
-48.141642,499,12380.842074
-41.614316,499,12391.585609
-41.919073,499,12405.846897
-40.138296,499,12417.327736
-40.484743,499,12429.303827
-39.601437,499,12439.905772
-37.422213,499,12451.014237
-37.872262,499,12462.20543
-36.644929,499,12473.30974
-38.299874,499,12485.480452
-35.73597,499,12496.544626
-39.92689,499,12507.658545
-38.172256,499,12518.639237
-39.256974,499,12529.596127
-39.919025,499,12542.012693
-38.830119,499,12553.073947
-42.093806,499,12563.834542
-39.368709,499,12574.987757
-40.9886,499,12586.053107
-42.239425,499,12598.465677
-37.133605,499,12609.350147
-38.030594,499,12620.407487
-42.534202,499,12631.557069
-37.996427,499,12642.560582
-37.872452,499,12654.246146
-35.099928,499,12665.370235
-34.107926,499,12676.475328
-38.994992,499,12687.062189
-39.686318,499,12697.844049
-37.686269,499,12709.625211
-35.125972,499,12720.662116
-37.403881,499,12731.705296
-37.684569,499,12742.505137
-38.974085,499,12753.453104
-38.901416,499,12765.511338
-38.304877,499,12776.217345
-46.236084,499,12786.863303
-43.18282,499,12797.930443
-36.806248,499,12808.664732
-39.674308,499,12820.952393
-41.083212,499,12831.59341
-39.707627,499,12842.318108
-39.42627,499,12853.309587
-41.469206,499,12864.41317
-40.927819,499,12876.662842
-41.390582,499,12887.852965
-38.193334,499,12898.65083
-38.942622,499,12909.572138
-40.143201,499,12920.388629
-38.758378,499,12932.337627
-38.119413,499,12943.500692
-41.176694,499,12954.510008
-39.807767,499,12968.750708
-38.080279,499,12980.042599
-44.103614,499,12992.200614
-40.957023,499,13002.936761
-43.291193,499,13013.69242
-38.812728,499,13024.568969
-42.77306,499,13035.485054
-44.452395,499,13047.729722
-40.545718,499,13058.676539
-38.400833,499,13069.323487
-35.905269,499,13080.560356
-40.454186,499,13091.617179
-40.498838,499,13103.785166
-40.518704,499,13114.644188
-38.1219,499,13125.620473
-37.129504,499,13136.659188
-41.870776,499,13147.556125
-37.8833,499,13160.031288
-33.514314,499,13171.208059
-40.016016,499,13181.684533
-39.502985,499,13192.689269
-41.584847,499,13203.621009
-42.748958,499,13215.718024
-36.361202,499,13226.109722
-41.44139,499,13237.115138
-44.684429,499,13248.121195
-39.593358,499,13259.25024
-39.566701,499,13271.660815
-41.936956,499,13282.466177
-41.122542,499,13293.171112
-41.108397,499,13303.973417
-37.634151,499,13314.876389
-38.282832,499,13326.894659
-40.124782,499,13337.828139
-40.631513,499,13348.700765
-40.791233,499,13359.658586
-38.016668,499,13370.741833
-37.531464,499,13383.010941
-35.796909,499,13394.027307
-41.777394,499,13404.84483
-44.505978,499,13415.824866
-39.228545,499,13426.775611
-35.31843,499,13439.129376
-44.597214,499,13450.13028
-36.923534,499,13460.92626
-37.643736,499,13471.98039
-38.282089,499,13482.688527
-42.629473,499,13494.705525
-43.874232,499,13505.834271
-40.330865,499,13516.771619
-47.928062,499,13530.750479
-43.004721,499,13541.789139
-44.470988,499,13553.685081
-41.12597,499,13565.014341
-39.844426,499,13575.775046
-39.830495,499,13587.066329
-40.607381,499,13598.325762
-40.432532,499,13610.976745
-36.252845,499,13622.101923
-40.334145,499,13632.797046
-35.836121,499,13644.027231
-36.807054,499,13655.071688
-41.598302,499,13667.298589
-39.037101,499,13678.199157
-39.136658,499,13689.117888
-38.882175,499,13700.198807
-41.23885,499,13711.510031
-42.962207,499,13723.588276
-39.023846,499,13734.410867
-41.518678,499,13745.416538
-38.48868,499,13756.063005
-38.371846,499,13767.052579
-38.024395,499,13779.054368
-39.006064,499,13790.009179
-37.988804,499,13800.800381
-32.813342,499,13811.605503
-34.745384,499,13822.435356
-35.893333,499,13834.286466
-38.139202,499,13845.125609
-39.466538,499,13855.826478
-36.337507,499,13867.157251
-36.298086,499,13878.133337
-38.157385,499,13890.063336
-39.604855,499,13900.880826
-37.666669,499,13911.873636
-38.100814,499,13922.776306
-38.280409,499,13933.754368
-44.501669,499,13945.566018
-41.260512,499,13956.461653
-37.366679,499,13967.303152
-39.824404,499,13978.15765
-39.325161,499,13988.946441
-38.184661,499,14001.392837
-38.11605,499,14012.485239
-40.444928,499,14023.159323
-39.958358,499,14034.097865
-40.0207,499,14045.172048
-37.534021,499,14057.397408
-41.305026,499,14068.211454
-37.600438,499,14079.140429
-35.386059,499,14092.988748
-35.321037,499,14104.297906
-41.08095,499,14116.400938
-39.567061,499,14127.292838
-37.702398,499,14138.484104
-42.801694,499,14149.318418
-38.318737,499,14160.425607
-41.991334,499,14172.466168
-38.888885,499,14183.226637
-42.967592,499,14194.053547
-43.635047,499,14204.557773
-38.340814,499,14215.642169
-40.160326,499,14227.612327
-34.713009,499,14238.160267
-38.928689,499,14249.369239
-37.786415,499,14260.189353
-36.443841,499,14271.220146
-38.2079,499,14282.784924
-37.870356,499,14294.15081
-38.952527,499,14304.890547
-35.923199,499,14315.75596
-37.255153,499,14326.958417
-34.007071,499,14338.950861
-36.602124,499,14349.661743
-40.872345,499,14360.048881
-37.668185,499,14371.06619
-36.627151,499,14381.987774
-39.671004,499,14393.864311
-39.748212,499,14404.463385
-39.221795,499,14415.388067
-38.32676,499,14426.177435
-37.668434,499,14437.174355
-40.936945,499,14448.96567
-35.027009,499,14460.030922
-36.739014,499,14470.899417
-38.930866,499,14482.097426
-35.920858,499,14493.079396
-41.068287,499,14505.434621
-37.464625,499,14516.429629
-39.872212,499,14527.429763
-37.884451,499,14538.458917
-34.407228,499,14549.214189
-39.797012,499,14561.296531
-40.956544,499,14572.008293
-38.127895,499,14583.201191
-37.245672,499,14593.951797
-39.960561,499,14604.776417
-36.663951,499,14617.101879
-37.523451,499,14627.695449
-36.981551,499,14638.167948
-42.064964,499,14652.13786
-37.24561,499,14663.638537
-41.809327,499,14676.040281
-47.647042,499,14687.356399
-37.057612,499,14698.209473
-41.290612,499,14709.585555
-39.151376,499,14720.380064
-39.634486,499,14732.508088
-36.41298,499,14743.750341
-37.785509,499,14754.770904
-37.857771,499,14765.512916
-35.87934,499,14776.354981
-39.567595,499,14788.52198
-34.122691,499,14799.278038
-36.734146,499,14810.134211
-38.953972,499,14820.973801
-37.895021,499,14831.787414
-37.41651,499,14843.736843
-39.178673,499,14854.837391
-39.10684,499,14865.844542
-39.294132,499,14876.827024
-37.307991,499,14887.6385
-42.048432,499,14899.451591
-36.691471,499,14910.496382
-34.147185,499,14921.848428
-38.977988,499,14933.131086
-37.298945,499,14943.956364
-35.014925,499,14955.922984
-33.900957,499,14966.945245
-31.986557,499,14977.692909
-35.414295,499,14988.538013
-37.351248,499,14999.606914
-38.120895,499,15011.664442
-32.594464,499,15022.50223
-36.516235,499,15033.094486
-37.008554,499,15043.934565
-37.25662,499,15054.603035
-37.638432,499,15066.681093
-36.092655,499,15077.357972
-39.346023,499,15088.205295
-43.526069,499,15099.273037
-38.472512,499,15110.232882
-33.577791,499,15122.625055
-41.162651,499,15133.338805
-38.200055,499,15144.170535
-39.577047,499,15155.006077
-37.343801,499,15165.969156
-41.991687,499,15177.900342
-38.101642,499,15189.008081
-39.210559,499,15199.84485
-36.472808,499,15214.146821
-40.424487,499,15224.979867
-36.957194,499,15237.061
-34.292805,499,15247.734405
-37.303062,499,15258.268598
-39.037991,499,15269.400967
-37.140586,499,15280.400755
-41.157305,499,15292.209269
-39.21708,499,15302.903657
-37.545622,499,15313.74918
-40.390616,499,15324.683972
-38.759543,499,15335.547697
-43.486348,499,15347.793302
-38.934786,499,15358.528933
-40.260122,499,15369.234404
-36.069239,499,15380.226264
-36.35139,499,15390.994019
-36.065851,499,15403.071522
-38.761556,499,15414.122899
-35.833531,499,15425.079855
-34.574168,499,15435.773413
-42.58394,499,15446.365057
-39.081709,499,15458.134985
-33.279939,499,15469.1287
-36.856328,499,15480.162883
-36.466012,499,15490.767493
-37.748546,499,15501.676529
-42.635976,499,15513.911183
-36.225786,499,15524.6513
-37.263172,499,15535.342615
-39.023525,499,15546.538125
-40.744206,499,15557.601753
-39.225722,499,15569.452263
-40.405683,499,15580.497749
-34.968689,499,15591.510188
-40.771882,499,15602.437672
-32.63952,499,15613.32085
-37.593593,499,15625.303902
-37.575415,499,15636.155182
-37.588812,499,15647.112736
-38.863571,499,15657.930368
-39.024567,499,15668.735155
-38.697789,499,15680.686695
-36.213782,499,15691.492849
-37.053475,499,15702.376181
-42.723429,499,15713.244235
-37.869095,499,15724.57656
-36.747612,499,15736.473255
-39.20214,499,15747.457749
-39.39109,499,15758.356345
-37.984702,499,15772.090258
-37.209305,499,15783.368942
-38.354705,499,15795.644144
-39.76304,499,15806.411113
-40.278938,499,15817.374867
-38.201471,499,15828.17533
-47.710017,499,15839.173142
-39.787563,499,15851.124267
-38.298044,499,15861.862562
-38.323639,499,15872.752799
-40.703143,499,15884.09461
-36.323376,499,15895.013604
-37.655666,499,15907.564562
-35.932754,499,15918.514209
-37.52524,499,15929.46466
-38.151764,499,15940.3749
-35.356729,499,15951.370144
-38.482269,499,15963.376214
-36.476865,499,15974.396008
-37.183245,499,15985.278337
-37.891153,499,15996.478952
-40.064996,499,16007.566532
-41.113828,499,16019.537468
-38.353346,499,16030.322987
-37.556799,499,16041.097418
-40.694674,499,16051.962339
-37.560759,499,16062.703849
-34.666669,499,16074.482557
-41.245093,499,16085.428135
-36.782527,499,16096.224925
-36.777039,499,16107.334105
-33.870591,499,16118.22183
-34.495527,499,16130.722884
-36.287646,499,16142.012279
-38.691488,499,16152.942989
-35.867061,499,16164.023692
-33.873512,499,16175.076796
-37.67912,499,16187.489035
-38.045206,499,16198.279637
-38.195058,499,16209.248151
-36.394535,499,16220.1968
-36.857575,499,16231.055666
-42.329496,499,16243.243535
-43.089739,499,16254.19743
-38.356235,499,16265.542807
-36.936732,499,16276.429771
-43.140623,499,16287.486341
-36.984567,499,16299.662492
-37.881101,499,16310.717834
-39.488495,499,16321.63375
-39.807188,499,16336.005127
-38.884044,499,16346.895849
-38.39023,499,16359.171769
-38.519417,499,16370.249382
-38.580143,499,16381.124766
-37.704309,499,16391.65276
-36.430582,499,16402.624712
-39.561344,499,16414.183417
-38.861482,499,16424.811301
-36.314424,499,16435.639576
-42.231023,499,16446.465802
-39.91234,499,16457.530108
-40.550127,499,16469.618885
-38.664784,499,16480.609402
-41.425334,499,16491.84915
-42.115961,499,16503.038936
-39.172251,499,16513.920266
-40.696273,499,16526.380192
-35.445276,499,16537.405352
-36.947515,499,16548.49095
-38.871298,499,16559.145456
-38.569337,499,16570.199713
-34.86813,499,16582.531188
-37.166969,499,16593.263528
-39.349737,499,16604.061323
-40.323099,499,16614.722927
-33.365935,499,16625.78576
-39.011246,499,16638.412464
-37.022553,499,16649.351187
-37.874283,499,16660.414221
-40.715216,499,16671.41138
-35.061186,499,16682.332999
-39.792586,499,16694.706219
-41.638842,499,16705.566861
-38.836361,499,16716.583905
-38.890356,499,16727.350637
-39.549059,499,16737.852011
-36.289115,499,16750.334736
-38.824722,499,16761.008774
-33.922881,499,16771.735843
-37.591705,499,16782.646767
-38.071174,499,16793.419401
-37.503099,499,16805.119766
-38.839445,499,16815.754315
-37.2648,499,16826.458359
-37.954897,499,16837.207045
-36.39128,499,16848.181077
-38.071684,499,16860.26997
-39.90227,499,16870.767501
-38.902425,499,16881.465766
-34.997919,499,16895.147895
-40.418793,499,16906.320285
-37.576452,499,16917.352961
-37.664161,499,16929.382983
-36.833917,499,16939.908157
-38.849083,499,16951.183847
-41.209741,499,16962.269601
-38.947048,499,16973.385166
-43.804712,499,16985.592444
-41.638561,499,16996.700984
-39.230938,499,17007.456181
-37.902573,499,17018.447426
-38.27251,499,17029.275499
-39.038902,499,17041.393609
-38.391777,499,17052.426179
-36.772056,499,17063.416572
-35.754083,499,17074.377555
-37.027885,499,17085.312626
-38.745086,499,17097.473374
-35.512413,499,17108.335168
-40.854706,499,17119.103259
-37.56951,499,17130.034357
-37.511904,499,17140.760117
-36.929423,499,17152.706738
-40.210397,499,17163.844499
-42.061605,499,17174.876569
-37.461093,499,17185.7207
-39.222814,499,17196.944703
-39.436213,499,17209.312367
-35.050524,499,17220.050625
-34.772115,499,17231.16043
-42.449664,499,17242.12522
-37.104595,499,17253.042763
-34.807974,499,17265.135756
-34.333495,499,17275.880618
-34.235109,499,17286.924947
-36.173193,499,17298.074279
-39.886385,499,17308.948008
-34.9047,499,17320.939973
-35.816417,499,17331.830976
-38.201086,499,17342.790299
-40.408538,499,17353.940369
-37.556617,499,17364.656809
-37.926008,499,17376.912361
-36.594439,499,17387.668454
-41.63979,499,17398.287143
-43.339929,499,17409.031403
-36.898089,499,17419.919686
-40.274292,499,17431.660204
-40.43666,499,17442.504039
-37.874884,499,17456.08675
-38.342036,499,17466.54149
-41.690425,499,17476.956425
-40.428254,499,17489.000123
-39.400919,499,17499.475801
-37.085501,499,17510.1152
-42.390709,499,17520.810212
-36.056681,499,17531.880374
-36.566157,499,17544.058439
-35.934299,499,17554.573088
-43.13846,499,17565.235598
-38.184859,499,17575.833976
-37.522756,499,17586.851367
-42.056678,499,17599.067034
-38.297571,499,17610.02513
-42.282722,499,17620.765159
-39.903707,499,17631.435597
-43.261718,499,17642.050189
-40.845341,499,17654.431277
-41.143776,499,17665.370665
-40.646484,499,17675.74017
-32.482307,499,17686.518274
-39.937046,499,17697.646382
-39.922375,499,17709.640004
-38.280793,499,17720.51276
-36.330771,499,17731.474054
-37.607684,499,17742.204566
-40.261359,499,17752.917407
-36.680023,499,17765.171232
-37.590552,499,17776.045489
-37.909366,499,17786.859975
-36.599161,499,17797.747215
-40.989974,499,17808.849178
-39.446905,499,17821.126369
-36.183333,499,17831.673282
-39.294101,499,17842.482989
-43.076694,499,17853.328179
-39.86452,499,17864.15425
-41.437251,499,17876.154706
-38.413489,499,17886.942289
-41.058497,499,17897.699686
-35.605021,499,17908.583185
-36.62119,499,17919.207483
-38.304544,499,17931.134304
-39.402802,499,17942.049213
-40.156129,499,17952.951626
-39.127134,499,17963.572378
-38.902984,499,17974.233797
-39.032527,499,17986.500553
-35.24521,499,17997.511054
-39.774922,499,18011.382263
-41.617392,499,18022.329588
-37.282763,499,18033.385911
-39.11869,499,18045.589168
-40.839913,499,18056.508165
-37.10502,499,18067.480514
-39.419576,499,18078.671767
-37.267352,499,18089.585519
-38.996218,499,18101.771705
-41.786329,499,18112.639129
-41.185731,499,18123.671138
-51.73324,499,18134.286473
-38.187857,499,18145.183941
-42.641629,499,18157.409982
-38.060096,499,18168.173786
-40.536051,499,18178.849472
-38.251745,499,18189.22506
-38.627606,499,18199.929946
-38.708004,499,18211.681634
-35.830908,499,18222.458683
-41.371885,499,18233.110002
-35.166813,499,18244.014178
-38.200874,499,18254.902132
-41.439796,499,18266.968434
-38.198092,499,18277.656276
-38.707388,499,18288.270099
-39.779813,499,18299.053989
-41.00313,499,18309.542729
-41.675143,499,18321.712424
-38.02048,499,18332.452026
-42.439021,499,18343.364796
-39.327307,499,18354.327791
-35.818941,499,18365.224987
-39.238241,499,18377.339618
-39.008262,499,18388.312399
-38.04713,499,18399.511336
-35.312235,499,18410.404562
-32.274462,499,18421.401875
-37.848077,499,18433.855824
-38.04181,499,18444.837377
-39.121991,499,18455.525455
-33.885426,499,18466.097164
-39.002316,499,18477.010005
-40.118961,499,18489.549964
-37.225247,499,18500.176916
-39.400417,499,18511.011533
-36.976951,499,18521.837239
-39.532014,499,18533.006779
-47.937123,499,18545.249629
-39.003542,499,18556.326779
-36.150074,499,18570.447502
-42.455542,499,18581.72724
-38.456864,499,18593.01656
-38.767218,499,18605.500546
-38.604906,499,18616.260801
-42.467155,499,18627.363566
-41.29622,499,18638.501219
-40.423758,499,18649.458124
-37.189053,499,18661.608007
-40.089069,499,18672.39781
-38.905688,499,18683.428116
-35.934434,499,18694.19203
-36.591893,499,18705.201214
-42.215878,499,18717.227654
-37.05482,499,18728.330147
-39.916487,499,18738.941611
-39.908633,499,18749.879703
-41.071431,499,18760.935941
-41.408133,499,18773.178074
-39.328859,499,18784.567184
-44.499849,499,18795.286478
-39.471137,499,18806.259791
-41.019113,499,18817.19572
-36.025986,499,18829.353291
-37.425719,499,18840.3955
-37.20097,499,18851.35315
-38.12419,499,18862.224132
-36.959748,499,18873.236215
-37.54348,499,18885.635962
-41.160194,499,18896.863006
-38.119719,499,18907.704701
-35.253932,499,18918.795
-37.578936,499,18929.62583
-35.068821,499,18942.123333
-38.637775,499,18953.16421
-42.230933,499,18964.435344
-38.44548,499,18975.49735
-36.415847,499,18986.525988
-41.21772,499,18998.992511
-40.460492,499,19010.132857
-39.766814,499,19021.400904
-42.777614,499,19032.2341
-37.735327,499,19042.93817
-41.313043,499,19055.367832
-34.108983,499,19066.387504
-38.459802,499,19077.223768
-37.851059,499,19088.245856
-38.743142,499,19099.542118
-40.821443,499,19111.817527
-39.239215,499,19122.525872
-39.717368,499,19136.4529
-38.365634,499,19148.086336
-35.103728,499,19158.935109
-43.288577,499,19171.317051
-41.5249,499,19182.077004
-39.565335,499,19193.256122
-39.025899,499,19204.083579
-40.701436,499,19214.956556
-39.298181,499,19227.306657
-38.136954,499,19238.361038
-38.175654,499,19249.29557
-42.707401,499,19260.236027
-38.844027,499,19271.155814
-41.26451,499,19283.356178
-49.390307,499,19294.366572
-38.180804,499,19305.327355
-42.133452,499,19316.351756
-41.014643,499,19327.357888
-40.870246,499,19339.452326
-36.619642,499,19350.357128
-38.818226,499,19361.388308
-35.747348,499,19372.37316
-38.62722,499,19383.482891
-39.635713,499,19395.729835
-35.881742,499,19406.630148
-41.569765,499,19417.412382
-36.17889,499,19428.413234
-38.70237,499,19439.136905
-39.292258,499,19450.997969
-39.2727,499,19461.926476
-43.880248,499,19472.674863
-38.883796,499,19483.256035
-37.905411,499,19494.075683
-42.819767,499,19506.300669
-40.760416,499,19517.22958
-34.792333,499,19528.242023
-41.070535,499,19539.033955
-38.786875,499,19549.666009
-37.314682,499,19562.031487
-34.551345,499,19572.862149
-35.902206,499,19583.816117
-36.257687,499,19594.707783
-41.8974,499,19605.532943
-36.312533,499,19617.901636
-32.642048,499,19628.801015
-39.47211,499,19639.66395
-41.380211,499,19650.566737
-39.045402,499,19661.539114
-37.830921,499,19673.602541
-36.687138,499,19684.844318
-42.107021,499,19698.659258
-43.132504,499,19710.095912
-41.669429,499,19720.997704
-36.954622,499,19733.466311
-44.208244,499,19744.325416
-38.824532,499,19755.259867
-40.496596,499,19766.503839
-39.579244,499,19777.408368
-42.46433,499,19789.630524
-39.79055,499,19800.632942
-39.130543,499,19811.743788
-40.80512,499,19823.001176
-38.955051,499,19834.162202
-38.673059,499,19845.975043
-36.793646,499,19856.765784
-40.039512,499,19867.634807
-41.690209,499,19878.541377
-34.644308,499,19889.408599
-44.274428,499,19901.34735
-39.263026,499,19912.610011
-41.052893,499,19923.125917
-38.558882,499,19934.245836
-42.579713,499,19944.983679
-41.172301,499,19957.289386
-41.049328,499,19968.233091
-40.750791,499,19978.83177
-35.189823,499,19989.701914
-37.88642,499,20000.775136
-39.779898,499,20012.728716
-38.774607,499,20023.812339
-37.499381,499,20034.735313
-37.862435,499,20045.42678
-40.444093,499,20056.610307
-40.756938,499,20068.537841
-34.44315,499,20079.807992
-38.754074,499,20090.932303
-38.473383,499,20101.994995
-39.153005,499,20112.635922
-41.802618,499,20124.929924
-36.596759,499,20135.534805
-37.724723,499,20146.597775
-42.814916,499,20157.682107
-39.436011,499,20168.439754
-41.6487,499,20180.803326
-39.821621,499,20191.60582
-37.677934,499,20202.8041
-38.706979,499,20213.522939
-34.768586,499,20224.379114
-38.890009,499,20236.240726
-41.663618,499,20247.153488
-36.7451,499,20261.505458
-38.803657,499,20272.292598
-40.256396,499,20283.222393
-40.242558,499,20295.351795
-37.369708,499,20306.341117
-37.859041,499,20317.250882
-43.187509,499,20327.911461
-40.662225,499,20338.615155
-38.070033,499,20351.063776
-38.886753,499,20361.871165
-39.820366,499,20373.035622
-38.900585,499,20383.915659
-39.642755,499,20394.805568
-39.526288,499,20407.135257
-39.207106,499,20417.752195
-42.259484,499,20428.605027
-44.725499,499,20439.559992
-42.870984,499,20450.38712
-40.108903,499,20462.588679
-39.340515,499,20473.510016
-38.079673,499,20484.676672
-39.723424,499,20495.680963
-38.555361,499,20506.660108
-36.09689,499,20518.795575
-36.349056,499,20529.765213
-37.953093,499,20540.882724
-40.62935,499,20551.775812
-35.119276,499,20562.815195
-41.339257,499,20574.982068
-35.669071,499,20585.940301
-38.263367,499,20596.697304
-39.473133,499,20607.712418
-38.044357,499,20618.410759
-41.504954,499,20630.758107
-36.767248,499,20641.715204
-39.190878,499,20652.814088
-42.213312,499,20663.952869
-33.702498,499,20675.06705
-35.883013,499,20686.981409
-42.645585,499,20697.772333
-37.794919,499,20708.724482
-35.778839,499,20719.488539
-34.440383,499,20730.27128
-33.385646,499,20742.816564
-38.265987,499,20753.855795
-40.67048,499,20764.798908
-35.274815,499,20775.938037
-35.516327,499,20787.013129
-37.597477,499,20799.01686
-39.848073,499,20810.070271
-37.843407,499,20823.866093
-37.543941,499,20835.017397
-37.051677,499,20845.752477
-43.872458,499,20857.835903
-44.043262,499,20868.727752
-38.411155,499,20879.487212
-38.230289,499,20890.561801
-42.686086,499,20901.463133
-37.503112,499,20913.329989
-38.728803,499,20924.09473
-40.352971,499,20934.991828
-40.453964,499,20945.683883
-39.219463,499,20956.936195
-37.993361,499,20969.064116
-38.54039,499,20979.905207
-38.755207,499,20990.963389
-37.013911,499,21001.73715
-35.853085,499,21012.799908
-43.184299,499,21024.828803
-38.524742,499,21035.951172
-37.475057,499,21046.912063
-41.547251,499,21057.76174
-38.129029,499,21068.691879
-39.50103,499,21081.225501
-38.135142,499,21092.536348
-42.61135,499,21103.469426
-40.81267,499,21114.158678
-38.646421,499,21125.136485
-38.444213,499,21137.312377
-34.339403,499,21148.333618
-38.953759,499,21159.217648
-39.061137,499,21170.134716
-37.540872,499,21181.12712
-36.36828,499,21193.109111
-36.482467,499,21204.102505
-38.896459,499,21215.092737
-37.217682,499,21225.913249
-37.762897,499,21236.76971
-37.00421,499,21248.982515
-36.656622,499,21259.721477
-39.340246,499,21270.814016
-39.748157,499,21282.179028
-34.175977,499,21293.26149
-38.893333,499,21305.480812
-41.652917,499,21316.516174
-42.17544,499,21327.794501
-40.756713,499,21338.709943
-38.473744,499,21349.681393
-38.462627,499,21361.648297
-35.825189,499,21372.287827
-35.904983,499,21386.332094
-37.408466,499,21397.562753
-39.53184,499,21408.273384
-38.3865,499,21420.325768
-38.9796,499,21431.535939
-40.092572,499,21442.217197
-38.450344,499,21453.19399
-34.434679,499,21464.420624
-38.471917,499,21476.538844
-40.93402,499,21487.514988
-38.237885,499,21498.297469
-38.084017,499,21509.387233
-40.650739,499,21520.249654
-37.460658,499,21532.434391
-40.998606,499,21543.475379
-37.431596,499,21554.63652
-39.279338,499,21565.600787
-41.087201,499,21576.549521
-40.488248,499,21588.669714
-45.819162,499,21599.67791
-40.451021,499,21610.602938
-40.057849,499,21621.624454
-38.807729,499,21632.279649
-39.377104,499,21644.325985
-39.205036,499,21655.231831
-37.680719,499,21666.210531
-39.580291,499,21677.354751
-35.407661,499,21688.680392
-40.958864,499,21701.017603
-37.895281,499,21711.863039
-35.933981,499,21722.720628
-41.933833,499,21733.619874
-38.553081,499,21744.44433
-38.92409,499,21756.096958
-37.16772,499,21767.084116
-42.867531,499,21777.770483
-42.738731,499,21788.489926
-36.824822,499,21799.286182
-40.057024,499,21811.566813
-40.565702,499,21822.514191
-35.520463,499,21833.285877
-38.950824,499,21844.229159
-38.900548,499,21854.919533
-37.486364,499,21867.246356
-34.855446,499,21878.058065
-30.7263,499,21888.916039
-37.423641,499,21899.658767
-36.993272,499,21910.629834
-39.631044,499,21922.566554
-35.678818,499,21933.476649
-37.625534,499,21947.701025
-39.439662,499,21958.748991
-40.37845,499,21970.068168
-39.720027,499,21981.822477
-36.033594,499,21992.883682
-37.858366,499,22003.867651
-44.186535,499,22014.578123
-40.297253,499,22025.343741
-37.945911,499,22037.536479
-41.274232,499,22048.760681
-39.744558,499,22059.571157
-38.008458,499,22070.663501
-38.867615,499,22081.519941
-40.973155,499,22093.680805
-41.587666,499,22104.670119
-39.718999,499,22115.605934
-36.677694,499,22126.523795
-42.535143,499,22137.494706
-37.853912,499,22149.634556
-35.81537,499,22160.322785
-35.666922,499,22171.083161
-44.152225,499,22182.095942
-36.209889,499,22193.325833
-38.296843,499,22205.942315
-41.690899,499,22217.58503
-40.333631,499,22228.519105
-40.229698,499,22239.595912
-39.165558,499,22250.155874
-42.426048,499,22262.002422
-41.707632,499,22272.695125
-38.432334,499,22283.315626
-38.355784,499,22294.45293
-37.394973,499,22305.452936
-36.870704,499,22317.786107
-37.789709,499,22328.319582
-36.209073,499,22339.127273
-38.632684,499,22349.891935
-39.411379,499,22360.430263
-38.231972,499,22372.380758
-36.678961,499,22383.448396
-37.645471,499,22394.211389
-34.133177,499,22405.250135
-38.56271,499,22416.212488
-41.140479,499,22428.364204
-36.693922,499,22439.057785
-37.480726,499,22449.754568
-39.761789,499,22460.487038
-39.554971,499,22471.405734
-40.305353,499,22483.565508
-41.043568,499,22494.339024
-34.952282,499,22508.549979
-41.455211,499,22519.536572
-32.988627,499,22530.433121
-37.331913,499,22541.472989
-40.650623,499,22553.629292
-35.754808,499,22564.543395
-39.822276,499,22575.812929
-38.469196,499,22587.134658
-41.729721,499,22597.9784
-36.832339,499,22610.305649
-34.060665,499,22621.125681
-40.475952,499,22632.538839
-42.282417,499,22643.401057
-40.21061,499,22654.505309
-38.476963,499,22666.596733
-41.434309,499,22677.458292
-37.663704,499,22688.671115
-39.591627,499,22699.467484
-35.582411,499,22710.598822
-42.046582,499,22722.899169
-37.803846,499,22733.678519
-40.868359,499,22744.837086
-47.472046,499,22755.657014
-38.416459,499,22766.780746
-41.264237,499,22778.965984
-39.544151,499,22789.800236
-42.10969,499,22800.876787
-36.167509,499,22811.943796
-38.222047,499,22822.932884
-38.297366,499,22835.145578
-38.331916,499,22846.01567
-40.673709,499,22857.099235
-35.548882,499,22868.144454
-37.695931,499,22878.650146
-39.976094,499,22891.230466
-38.750055,499,22902.046319
-38.801623,499,22912.65102
-38.736705,499,22923.296418
-44.094268,499,22934.133633
-37.114025,499,22946.258156
-37.942151,499,22956.991139
-41.785387,499,22967.779988
-37.689735,499,22978.722105
-34.574424,499,22989.835179
-39.952053,499,23001.986873
-38.01709,499,23012.614555
-35.048911,499,23023.444403
-34.727385,499,23034.3587
-34.706291,499,23045.201354
-35.506664,499,23057.37292
-37.505475,499,23071.302987
-38.73051,499,23082.204141
-32.639895,499,23093.175791
-37.30475,499,23104.44401
-41.003049,499,23116.500965
-37.598932,499,23127.528126
-37.957103,499,23138.636467
-36.094162,499,23149.651461
-39.376245,499,23160.828313
-44.628981,499,23173.373741
-41.582745,499,23184.229603
-35.852826,499,23195.115173
-41.426068,499,23206.349917
-38.315527,499,23217.129023
-40.337253,499,23229.291034
-38.778387,499,23240.382279
-41.728155,499,23251.617687
-39.04653,499,23262.587371
-39.072832,499,23273.287767
-36.872832,499,23285.456057
-39.197648,499,23296.48902
-38.718344,499,23307.466696
-36.145443,499,23318.098749
-39.070958,499,23328.967859
-39.650807,499,23341.634669
-37.121995,499,23352.727151
-42.496189,499,23363.574482
-38.318348,499,23374.321703
-38.680153,499,23384.951562
-39.456652,499,23397.072528
-39.925777,499,23408.267182
-42.96972,499,23419.374921
-39.142675,499,23430.540351
-39.349448,499,23441.347127
-34.208946,499,23453.606811
-36.594982,499,23464.57899
-38.388965,499,23475.324113
-36.933614,499,23486.421054
-36.422339,499,23497.235319
-35.135039,499,23509.38787
-41.361891,499,23520.325014
-40.482392,499,23531.552005
-33.37955,499,23542.583648
-37.905484,499,23553.498034
-38.474129,499,23565.374021
-38.796981,499,23576.16169
-40.769129,499,23587.227509
-34.867593,499,23598.274868
-37.302009,499,23609.16002
-38.775138,499,23621.394158
-42.385843,499,23635.113533
-41.823203,499,23646.062825
-40.547865,499,23656.841382
-36.259364,499,23667.718549
-39.851984,499,23679.948438
-33.804552,499,23690.94335
-38.189413,499,23701.812724
-40.569558,499,23712.775517
-36.619874,499,23723.601932
-38.587674,499,23735.873217
-39.65832,499,23747.076249
-39.109001,499,23758.042263
-37.754509,499,23768.927891
-36.718079,499,23779.837945
-41.73678,499,23792.28491
-39.826309,499,23803.450758
-37.603756,499,23814.664469
-40.611847,499,23825.31844
-39.140395,499,23836.251101
-37.377746,499,23848.360886
-39.947832,499,23859.613716
-38.475855,499,23870.624233
-38.255467,499,23881.292523
-40.746851,499,23891.994344
-40.67574,499,23903.931421
-45.698844,499,23914.918067
-38.529627,499,23925.775905
-38.462672,499,23936.695993
-37.470842,499,23947.621678
-41.426959,499,23959.511132
-36.420788,499,23970.461759
-36.524843,499,23981.275426
-35.42235,499,23992.116908
-38.831044,499,24002.739612
-39.728994,499,24014.999317
-34.15027,499,24026.134215
-42.004873,499,24037.075842
-36.325517,499,24047.89203
-39.420142,499,24058.516742
-38.25105,499,24070.476563
-39.557083,499,24081.806391
-42.664077,499,24092.760955
-36.956765,499,24103.653434
-39.214625,499,24114.765387
-40.810255,499,24126.809392
-35.48473,499,24137.650067
-34.781386,499,24148.596485
-42.005608,499,24159.856905
-38.33093,499,24170.911999
-37.091168,499,24183.12412
-34.800312,499,24197.369544
-33.964877,499,24208.611965
-38.359266,499,24219.605663
-40.025106,499,24230.50151
-36.732303,499,24242.688069
-34.288802,499,24253.725127
-39.141641,499,24265.000264
-39.109931,499,24276.067885
-39.899391,499,24286.722283
-36.612382,499,24299.273038
-36.568935,499,24310.390032
-42.287382,499,24321.450417
-42.907568,499,24332.434896
-38.033888,499,24342.98792
-39.86281,499,24355.30092
-41.674248,499,24365.888346
-38.511663,499,24376.933095
-38.463953,499,24388.059692
-42.791577,499,24398.682308
-42.075719,499,24411.107258
-39.148364,499,24422.167837
-36.281652,499,24433.010653
-40.43534,499,24443.847844
-38.590185,499,24454.560591
-39.624581,499,24466.373238
-36.187426,499,24477.198314
-42.727042,499,24488.359927
-40.204717,499,24499.237175
-36.285243,499,24509.889564
-42.715285,499,24521.983082
-40.481088,499,24532.740268
-39.364561,499,24543.758909
-38.254546,499,24554.961662
-42.782404,499,24565.960332
-41.559993,499,24578.291545
-38.54324,499,24588.830699
-38.629478,499,24599.802536
-36.352923,499,24610.689695
-39.195764,499,24621.459267
-38.426531,499,24634.030078
-37.039307,499,24644.842779
-37.430055,499,24655.898145
-35.589316,499,24666.774094
-40.898527,499,24677.759133
-39.809631,499,24689.917778
-34.249318,499,24700.939279
-41.305943,499,24711.793257
-38.818339,499,24722.699927
-37.967556,499,24733.953334
-40.957264,499,24746.025458
-35.189324,499,24760.237606
-39.673882,499,24770.822659
-40.989527,499,24781.750804
-40.629896,499,24792.518836
-40.702348,499,24804.761241
-40.125746,499,24815.436309
-39.385686,499,24826.348864
-36.682445,499,24837.054419
-35.144913,499,24847.987803
-37.615869,499,24860.148105
-42.251695,499,24871.194108
-38.025681,499,24882.390553
-40.183549,499,24893.001603
-39.354919,499,24903.605445
-38.643488,499,24915.877068
-35.940172,499,24926.730867
-37.4219,499,24937.233864
-41.432685,499,24947.96276
-40.117558,499,24958.964131
-37.430156,499,24971.020016
-41.019555,499,24981.90843
-37.629941,499,24992.988048
-40.064863,499,25003.915175
-37.512681,499,25014.642794
-39.82077,499,25026.762739
-39.908698,499,25037.725665
-39.255731,499,25048.764852
-46.162942,499,25060.066382
-40.745857,499,25071.031794
-39.522057,499,25083.046108
-37.924945,499,25094.060406
-38.065839,499,25104.81278
-40.319057,499,25115.864667
-38.644412,499,25126.864238
-37.831983,499,25138.75228
-36.734205,499,25149.663406
-40.201817,499,25160.750403
-38.895408,499,25171.575451
-35.95794,499,25182.29666
-42.236866,499,25194.227307
-38.469958,499,25205.117108
-38.418116,499,25215.870257
-37.287494,499,25226.608707
-42.541373,499,25237.630017
-43.035543,499,25249.474327
-35.940029,499,25260.039942
-38.487038,499,25271.214904
-41.078784,499,25282.12821
-34.566483,499,25292.881317
-34.426974,499,25305.095983
-41.91198,499,25319.200187
-37.975375,499,25330.173393
-34.993569,499,25341.470608
-33.116399,499,25352.210586
-36.352829,499,25364.415782
-37.500581,499,25375.359917
-40.910035,499,25386.384197
-35.538567,499,25397.335332
-36.82373,499,25407.956406
-40.243408,499,25419.586265
-40.945324,499,25430.680781
-38.874736,499,25441.489109
-36.202392,499,25452.715267
-36.578913,499,25463.733917
-41.957355,499,25476.254118
-43.84782,499,25487.088067
-40.087788,499,25498.04334
-41.162163,499,25508.839371
-41.424867,499,25519.883283
-38.968743,499,25531.888001
-38.164393,499,25542.855604
-41.613934,499,25553.602386
-41.401935,499,25564.596443
-40.786668,499,25575.523746
-37.622227,499,25587.959839
-41.445785,499,25598.71839
-37.681282,499,25609.89219
-34.569872,499,25620.661479
-37.26882,499,25631.505881
-43.065687,499,25643.605122
-39.008567,499,25654.556203
-36.588714,499,25665.474853
-43.252081,499,25676.132586
-37.927157,499,25687.074866
-40.739047,499,25698.963235
-40.252497,499,25709.792982
-42.753861,499,25720.386354
-40.127745,499,25731.383366
-38.938212,499,25742.690982
-40.323112,499,25754.903734
-34.058616,499,25765.854064
-39.989166,499,25776.832137
-37.639485,499,25787.759131
-36.753638,499,25798.696605
-37.54665,499,25811.011122
-38.438685,499,25821.811793
-39.679381,499,25832.505108
-37.037906,499,25843.401177
-39.017473,499,25854.301705
-36.955491,499,25866.561921
-39.604007,499,25880.507164
-41.484324,499,25891.50432
-38.340979,499,25902.693544
-35.347492,499,25914.070925
-40.480817,499,25926.294706
-41.215782,499,25937.088512
-39.570127,499,25948.087791
-41.952674,499,25959.15688
-37.901686,499,25970.555952
-40.727184,499,25982.853552
-33.454689,499,25993.591181
-37.842762,499,26004.428171
-39.26715,499,26015.316539
-38.970302,499,26026.183193
-39.644312,499,26038.31522
-39.166326,499,26049.023292
-42.934338,499,26059.807657
-38.49319,499,26070.947553
-34.458644,499,26081.520973
-38.361813,499,26093.592266
-41.629849,499,26104.233511
-39.629231,499,26115.000627
-39.239824,499,26125.885419
-41.477776,499,26136.83712
-37.040336,499,26148.878681
-42.246776,499,26159.691718
-36.51274,499,26170.727557
-39.605502,499,26181.32321
-37.258231,499,26191.986302
-42.561235,499,26204.715047
-49.159195,499,26215.922103
-38.089699,499,26226.488779
-41.476657,499,26237.156277
-38.343005,499,26247.895103
-39.807679,499,26260.205863
-36.641522,499,26271.101007
-38.940127,499,26281.66334
-38.138157,499,26292.221736
-35.992329,499,26303.036725
-42.493657,499,26314.91344
-37.089067,499,26325.680893
-38.788682,499,26336.622328
-40.569978,499,26347.80909
-39.875014,499,26358.432071
-37.622967,499,26370.356743
-40.848505,499,26381.326979
-41.482297,499,26392.329584
-41.254602,499,26403.216082
-37.820077,499,26414.121408
-41.877508,499,26426.170153
-41.127963,499,26440.298103
-33.158678,499,26451.56264
-38.923572,499,26462.503826
-39.559617,499,26473.498955
-37.373234,499,26485.450309
-34.753262,499,26496.42005
-33.234619,499,26507.145096
-36.648173,499,26517.928254
-38.943346,499,26528.719191
-40.033882,499,26540.718645
-33.647131,499,26551.661147
-38.385941,499,26562.415295
-41.714479,499,26572.929256
-37.587163,499,26583.80821
-37.992111,499,26595.687549
-36.313063,499,26606.291636
-39.745441,499,26616.73289
-45.140924,499,26627.2001
-42.058808,499,26637.581524
-35.148918,499,26649.390964
-42.547809,499,26659.843249
-40.829796,499,26670.298287
-40.24847,499,26680.8373
-38.122903,499,26691.673065
-44.575873,499,26703.240792
-40.002777,499,26713.656871
-40.024807,499,26724.283602
-38.187231,499,26734.839052
-40.48933,499,26745.43735
-39.769245,499,26757.16919
-35.913405,499,26767.655914
-38.74414,499,26778.285117
-40.572529,499,26788.810319
-39.363401,499,26799.348341
-41.142764,499,26811.226699
-39.258439,499,26821.704104
-39.105439,499,26832.203832
-41.807646,499,26842.583407
-41.030079,499,26853.144405
-44.025198,499,26864.870186
-37.854483,499,26875.271704
-42.185045,499,26886.043848
-38.611366,499,26896.387851
-36.844865,499,26906.985531
-35.642605,499,26918.571731
-40.393958,499,26929.005182
-36.736106,499,26939.783177
-36.482536,499,26950.083485
-41.462861,499,26960.404837
-40.015366,499,26972.022214
-36.262221,499,26985.334835
-38.432215,499,26995.734191
-39.343442,499,27006.093606
-38.625012,499,27016.629285
-41.00872,499,27028.499708
-40.275032,499,27038.961562
-36.297911,499,27049.864813
-40.239059,499,27060.374036
-42.579764,499,27070.732382
-39.801204,499,27082.731816
-43.188728,499,27093.20252
-37.309956,499,27103.787141
-40.720309,499,27114.313516
-32.8933,499,27124.554577
-38.518377,499,27136.385245
-39.753439,499,27147.157172
-38.277308,499,27157.832572
-40.452577,499,27169.045987
-41.941978,499,27179.929117
-41.151237,499,27191.838056
-39.139801,499,27202.994403
-35.984758,499,27213.69014
-44.672209,499,27224.559538
-38.498783,499,27235.339711
-41.083268,499,27247.688979
-41.879227,499,27258.67859
-40.490606,499,27269.871012
-39.190915,499,27280.830053
-40.886102,499,27291.770449
-38.571241,499,27304.021611
-39.147898,499,27315.263677
-38.990646,499,27326.341157
-41.426445,499,27337.44149
-47.449418,499,27348.147099
-38.246663,499,27360.789987
-38.659134,499,27371.558255
-39.751692,499,27382.415573
-42.528386,499,27393.082085
-35.446591,499,27404.214981
-38.826231,499,27416.446273
-35.814744,499,27427.765423
-39.631098,499,27438.651773
-41.935609,499,27449.675749
-37.576494,499,27460.738556
-43.139479,499,27472.963751
-37.234077,499,27483.671999
-39.552491,499,27494.443589
-39.038282,499,27505.571759
-40.91495,499,27516.609518
-45.254717,499,27528.822649
-37.237881,499,27542.216767
-38.34879,499,27553.581311
-41.638684,499,27564.570857
-39.995704,499,27575.413015
-33.859278,499,27587.626071
-42.988621,499,27598.868932
-39.644116,499,27609.47433
-37.828515,499,27620.364399
-34.451867,499,27631.204309
-36.767584,499,27643.200907
-38.466971,499,27654.045854
-42.396331,499,27664.634451
-36.236798,499,27675.732825
-35.591067,499,27686.834704
-38.955745,499,27699.150198
-42.311665,499,27710.263906
-39.998885,499,27721.24952
-36.998491,499,27732.086988
-36.271406,499,27742.820733
-43.250062,499,27755.056695
-42.268877,499,27765.867769
-43.720738,499,27776.90208
-39.57536,499,27787.815051
-45.074217,499,27798.889846
-39.196806,499,27810.817333
-38.833091,499,27821.44994
-41.093172,499,27832.305126
-41.497834,499,27843.388809
-41.542522,499,27854.813804
-38.623074,499,27866.82481
-41.710779,499,27877.891036
-40.098079,499,27888.877429
-40.064246,499,27899.566305
-36.680556,499,27910.20161
-40.936519,499,27922.553728
-44.065,499,27933.36591
-36.078852,499,27944.077998
-44.957859,499,27954.756056
-39.573584,499,27965.752953
-39.482218,499,27977.95948
-39.976936,499,27988.661893
-43.402448,499,27999.659554
-39.916021,499,28010.504267
-39.519258,499,28021.444541
-42.107501,499,28033.933102
-36.006676,499,28044.589475
-37.893164,499,28055.840961
-39.968765,499,28066.870878
-46.838773,499,28078.256294
-37.761191,499,28089.328698
-37.389577,499,28104.651138
-39.70539,499,28115.77071
-41.116728,499,28126.470444
-36.282346,499,28137.225702
-42.292757,499,28148.072621
-38.814318,499,28160.208772
-38.807144,499,28171.346123
-41.138856,499,28182.352545
-34.713106,499,28193.146112
-39.314868,499,28204.047658
-41.281069,499,28215.932693
-42.163415,499,28227.079717
-43.836438,499,28237.971693
-41.014166,499,28248.924982
-36.626773,499,28259.762089
-37.820903,499,28271.923153
-33.180283,499,28282.413981
-38.982074,499,28293.359616
-41.696201,499,28304.324919
-37.983911,499,28315.250487
-40.443419,499,28327.460992
-38.815495,499,28338.441122
-39.621194,499,28349.228823
-38.024966,499,28360.216623
-36.904646,499,28371.111775
-41.553921,499,28383.713934
-40.667047,499,28394.750684
-39.546324,499,28405.695655
-40.372905,499,28416.392065
-38.064972,499,28427.267893
-39.665685,499,28439.738343
-40.182196,499,28450.88911
-37.776965,499,28461.8051
-39.148468,499,28472.741982
-39.045519,499,28483.769166
-43.865851,499,28495.950548
-41.462142,499,28507.151668
-38.363391,499,28517.815314
-37.7487,499,28528.728758
-38.101866,499,28539.43856
-41.275189,499,28551.900002
-37.970136,499,28562.469581
-36.247613,499,28573.223861
-36.469098,499,28583.716588
-39.277201,499,28594.858574
-40.604278,499,28606.876525
-36.100973,499,28617.414246
-42.926561,499,28628.619254
-37.29163,499,28639.538321
-37.658099,499,28650.121384
-39.873585,499,28665.678098
-39.057641,499,28676.658417
-43.19034,499,28687.280959
-35.89134,499,28698.259511
-38.426391,499,28709.260035
-42.102058,499,28721.513166
-34.237708,499,28732.569299
-33.760001,499,28743.827278
-43.780198,499,28755.226798
-37.337174,499,28766.151064
-35.412535,499,28778.277642
-33.862191,499,28789.21858
-35.677628,499,28800.27971
-36.86527,499,28811.157979
-41.624789,499,28821.837531
-33.690536,499,28834.245579
-36.141715,499,28845.214047
-39.320838,499,28855.833048
-40.818163,499,28866.618158
-38.109973,499,28877.597599
-38.595464,499,28889.952143
-35.815694,499,28900.882876
-41.611454,499,28911.689199
-43.502737,499,28922.558607
-39.096381,499,28933.727412
-39.3708,499,28945.608544
-41.980436,499,28956.947222
-39.203402,499,28967.762266
-37.915529,499,28978.798107
-41.282797,499,28989.572586
-41.044384,499,29001.860951
-39.340152,499,29012.798581
-37.898374,499,29023.801138
-40.89424,499,29034.628136
-36.2279,499,29045.505094
-37.781084,499,29058.129122
-36.170679,499,29069.230374
-44.394815,499,29080.432179
-37.506789,499,29091.350355
-36.044357,499,29102.039651
-41.883937,499,29114.126336
-38.04837,499,29125.152941
-40.09242,499,29136.143208
-38.523569,499,29146.938487
-43.868664,499,29157.79325
-39.350669,499,29169.920763
-39.887084,499,29180.530868
-39.493773,499,29191.399009
-33.187415,499,29202.240032
-39.786843,499,29213.068165
-39.249391,499,29228.436339
-36.942046,499,29239.256204
-35.651918,499,29250.187737
-37.671426,499,29261.103222
-39.324242,499,29272.18521
-37.105205,499,29284.308406
-37.427533,499,29295.154476
-38.470507,499,29306.324837
-36.850401,499,29317.352068
-39.274065,499,29328.134305
-38.568693,499,29340.196988
-34.754105,499,29350.892016
-39.122252,499,29361.654048
-41.657896,499,29372.702283
-40.854072,499,29383.615996
-41.00629,499,29395.885181
-38.300208,499,29407.107336
-38.483253,499,29417.919402
-34.861273,499,29428.781688
-35.82457,499,29439.812529
-38.302871,499,29452.092901
-38.256556,499,29462.887166
-38.562055,499,29473.743485
-39.461156,499,29485.074913
-40.304657,499,29496.127942
-38.816668,499,29508.243053
-35.557311,499,29519.048144
-37.865146,499,29529.982762
-41.565648,499,29540.883286
-39.0787,499,29552.084523
-39.938781,499,29564.30917
-39.388486,499,29575.315754
-36.451108,499,29586.362436
-40.412824,499,29597.456611
-36.121144,499,29608.513024
-38.432511,499,29620.822508
-40.384971,499,29631.99114
-39.453711,499,29642.935944
-49.413997,499,29654.087655
-36.16094,499,29664.884784
-40.387222,499,29676.935212
-36.917518,499,29687.857371
-40.194517,499,29698.575613
-37.425669,499,29709.272192
-37.866326,499,29720.275631
-38.547066,499,29732.531033
-34.579854,499,29743.359063
-42.221572,499,29754.320786
-37.059402,499,29765.267677
-36.832646,499,29776.101327
-41.770809,499,29791.692297
-39.269623,499,29802.749765
-36.897085,499,29813.558341
-38.523836,499,29824.595655
-42.225091,499,29835.57941
-42.425843,499,29847.620723
-36.10506,499,29858.468413
-38.546672,499,29869.167835
-40.958507,499,29880.204722
-34.008358,499,29891.210158
-39.508227,499,29903.873732
-38.30619,499,29915.11064
-37.880658,499,29926.227809
-35.890603,499,29936.911881
-31.018238,499,29947.796185
-37.743269,499,29960.190667
-38.465842,499,29971.461371
-39.008843,499,29982.497459
-35.263775,499,29993.365732
-38.639026,499,30004.398163
-39.486544,499,30016.371207
-38.848344,499,30027.420789
-38.971421,499,30038.353685
-35.992393,499,30049.380063
-39.328676,499,30060.408717
-44.810178,499,30072.687054
-42.553672,499,30083.491763
-36.100037,499,30094.533544
-41.884629,499,30105.404941
-41.431867,499,30116.136806
-37.551938,499,30128.388917
-37.174957,499,30139.151865
-41.978409,499,30150.163177
-42.583244,499,30161.15453
-40.581604,499,30171.846112
-37.56664,499,30183.933767
-41.522086,499,30194.884104
-38.094084,499,30205.815558
-35.272204,499,30216.78727
-38.48187,499,30227.796885
-42.854065,499,30239.754643
-37.781457,499,30251.091652
-38.46719,499,30262.046848
-40.549145,499,30272.918514
-40.383165,499,30284.298502
-39.085721,499,30296.548975
-40.180909,499,30307.220591
-41.424101,499,30318.038785
-39.875508,499,30328.865685
-40.763333,499,30339.730533
-37.645315,499,30354.847492
-38.743253,499,30365.726681
-36.325502,499,30376.352435
-37.844109,499,30387.045767
-37.776009,499,30398.321383
-36.342493,499,30410.757355
-38.632849,499,30421.920349
-39.281643,499,30432.943634
-35.798561,499,30444.120443
-38.535057,499,30455.170724
-36.904416,499,30467.671015
-39.484544,499,30478.998206
-39.357161,499,30489.836174
-37.418232,499,30500.813606
-35.920396,499,30511.428651
-40.105946,499,30523.511741
-41.189046,499,30534.63975
-38.995261,499,30545.408454
-44.539929,499,30556.485939
-37.884824,499,30567.455494
-40.286011,499,30579.759472
-32.967724,499,30590.705547
-36.751246,499,30601.889985
-38.775421,499,30612.537984
-38.25999,499,30623.076689
-39.570801,499,30634.997108
-40.316444,499,30646.318195
-41.475606,499,30657.030184
-40.014882,499,30667.955872
-36.210953,499,30679.202518
-41.218769,499,30691.506028
-41.794638,499,30702.381634
-41.839033,499,30713.252506
-40.018953,499,30724.469687
-39.58569,499,30735.466603
-39.988767,499,30747.94957
-40.021792,499,30759.14725
-36.521885,499,30770.196
-39.976457,499,30781.287179
-37.187272,499,30792.365658
-43.193629,499,30804.409229
-44.673903,499,30815.492142
-36.482664,499,30826.144558
-40.271757,499,30837.119845
-39.388259,499,30847.913801
-43.001,499,30860.217037
-35.097135,499,30871.512865
-38.929441,499,30882.624116
-35.734531,499,30893.313691
-40.105347,499,30904.392839
-41.054016,499,30919.723392
-37.725387,499,30931.323105
-41.458225,499,30942.181053
-38.725055,499,30953.261705
-39.416733,499,30963.969974
-36.476562,499,30975.909683
-40.796103,499,30986.676722
-47.285003,499,30997.399172
-37.977804,499,31008.212869
-36.447265,499,31019.004842
-41.10928,499,31031.285191
-40.642882,499,31042.21505
-32.006203,499,31053.052446
-42.578133,499,31063.869506
-39.619274,499,31074.764624
-35.98607,499,31087.038562
-33.386042,499,31098.192893
-35.324404,499,31109.1397
-37.866714,499,31120.069901
-41.230416,499,31131.039285
-36.108215,499,31143.184639
-32.977982,499,31153.909094
-39.739981,499,31165.071388
-41.15387,499,31176.208659
-38.730421,499,31187.047298
-38.996114,499,31198.959809
-35.985738,499,31209.974841
-39.784272,499,31220.861973
-43.163453,499,31232.050449
-42.2261,499,31243.138851
-37.500064,499,31255.54478
-42.60058,499,31266.787233
-37.694043,499,31277.458032
-40.342809,499,31288.359832
-39.458667,499,31299.447027
-41.831416,499,31311.498568
-39.549289,499,31322.589638
-37.864796,499,31333.71576
-40.363968,499,31344.855211
-39.783463,499,31355.987959
-38.76465,499,31368.336405
-36.475177,499,31379.280395
-40.347318,499,31389.992849
-40.437559,499,31400.89686
-36.816158,499,31412.044835
-43.178687,499,31424.000533
-39.310904,499,31434.840805
-39.587081,499,31445.428302
-38.824045,499,31456.51956
-42.529502,499,31467.186813
-41.937493,499,31482.240905
-39.677957,499,31493.595804
-39.663185,499,31504.198343
-34.527989,499,31515.131373
-36.906559,499,31526.311258
-38.638124,499,31538.453272
-37.476629,499,31549.507403
-37.918604,499,31560.499516
-35.999247,499,31571.517019
-39.846893,499,31582.59129
-41.014581,499,31595.20577
-34.307728,499,31606.144492
-39.574507,499,31617.25237
-39.471339,499,31627.861775
-39.961303,499,31638.739938
-41.992765,499,31650.862725
-35.283932,499,31661.711881
-38.070885,499,31672.701031
-40.473877,499,31683.58818
-39.266103,499,31694.74473
-43.638858,499,31706.65723
-38.60535,499,31717.791583
-36.378535,499,31728.765996
-39.02304,499,31740.184785
-33.246367,499,31750.885671
-38.68912,499,31762.969361
-40.841654,499,31773.90649
-36.594504,499,31784.916219
-38.834902,499,31795.778016
-39.164075,499,31806.391363
-38.724597,499,31818.637692
-37.736024,499,31829.55408
-37.954803,499,31840.578409
-43.094664,499,31851.273554
-39.110862,499,31862.42411
-38.966083,499,31874.986638
-41.26153,499,31885.987297
-39.193127,499,31896.584831
-38.911443,499,31907.35744
-39.238153,499,31918.294614
-39.075561,499,31930.40587
-37.359273,499,31941.304436
-40.298283,499,31952.118701
-41.982373,499,31963.077221
-42.04076,499,31974.070766
-37.737854,499,31985.962861
-37.948828,499,31997.010647
-37.316132,499,32007.7086
-41.2616,499,32018.655273
-36.532693,499,32029.578159
-36.955661,499,32044.706658
-35.178924,499,32056.260118
-39.144017,499,32067.013178
-41.17614,499,32077.934623
-35.347317,499,32088.750661
-43.277664,499,32101.018676
-36.211692,499,32112.12518
-38.4416,499,32123.01866
-40.120662,499,32133.982157
-37.112577,499,32144.869841
-44.228017,499,32157.216301
-35.259725,499,32168.376926
-39.440259,499,32179.403024
-42.306502,499,32190.372636
-33.97679,499,32201.625674
-34.6615,499,32214.341939
-42.534913,499,32225.199128
-38.270407,499,32236.321623
-37.25849,499,32247.148752
-34.480748,499,32257.903421
-35.252709,499,32270.345084
-39.405859,499,32281.343677
-41.320261,499,32292.237644
-36.0638,499,32303.056203
-34.946928,499,32314.136871
-37.847444,499,32325.963857
-39.488346,499,32336.567984
-39.566136,499,32347.263112
-37.45083,499,32358.4592
-36.557539,499,32369.123999
-43.468969,499,32381.15513
-41.720731,499,32392.239065
-37.401283,499,32403.316887
-37.093941,499,32414.508617
-41.418297,499,32425.414867
-38.339733,499,32437.78554
-38.522935,499,32448.852555
-39.872885,499,32459.849862
-41.652574,499,32470.818509
-38.905035,499,32481.730106
-37.155798,499,32494.222551
-39.30091,499,32504.695563
-39.218814,499,32515.653718
-36.705438,499,32526.383491
-35.389299,499,32537.573668
-43.312791,499,32549.926458
-39.512787,499,32560.880424
-37.218806,499,32571.872323
-41.400468,499,32582.985844
-38.85529,499,32593.966331
-38.166742,499,32608.97462
-38.800853,499,32620.252875
-42.336268,499,32631.443958
-40.859232,499,32642.48439
-38.728484,499,32653.503924
-38.085308,499,32665.828622
-34.118949,499,32677.049747
-39.468176,499,32688.320853
-39.602936,499,32699.293185
-36.766183,499,32710.411619
-36.901133,499,32723.215605
-36.2003,499,32734.062951
-39.580625,499,32745.111514
-38.032786,499,32756.127975
-37.503183,499,32766.984172
-38.465099,499,32779.457215
-39.099478,499,32790.5403
-40.483527,499,32801.612212
-39.800119,499,32812.673291
-34.442866,499,32823.722647
-38.937697,499,32836.630766
-41.321844,499,32847.783572
-40.580736,499,32858.880414
-41.049628,499,32869.71842
-40.487137,499,32881.232786
-38.891634,499,32893.293774
-35.38015,499,32904.436127
-34.618644,499,32915.352151
-36.380941,499,32926.403217
-39.589396,499,32937.492604
-38.684108,499,32949.821662
-39.589527,499,32960.967375
-39.077447,499,32971.916753
-38.506894,499,32982.635248
-34.692524,499,32993.619543
-36.871612,499,33005.812391
-40.288806,499,33016.823404
-38.582521,499,33028.121088
-37.007267,499,33039.231936
-40.374867,499,33050.27551
-36.316588,499,33062.681683
-41.648228,499,33073.371159
-36.897598,499,33084.480104
-38.691536,499,33095.332355
-39.776008,499,33105.957764
-39.99381,499,33118.106432
-45.367838,499,33128.918067
-41.362498,499,33140.127254
-38.701026,499,33151.128437
-37.813863,499,33162.052865
-38.786068,499,33177.020979
-39.524776,499,33188.566684
-38.156801,499,33199.768879
-39.895061,499,33210.86311
-35.837943,499,33221.981915
-41.826244,499,33234.376344
-38.853035,499,33245.700884
-35.326148,499,33257.111623
-43.831932,499,33267.977721
-38.414766,499,33278.738597
-39.460997,499,33291.05128
-36.756105,499,33302.062274
-42.323156,499,33313.22158
-43.194204,499,33324.08888
-36.791422,499,33334.987357
-38.543589,499,33347.300222
-40.949536,499,33358.288352
-34.472151,499,33369.083346
-38.271968,499,33380.498351
-39.748386,499,33391.24843
-36.590511,499,33403.938034
-35.431845,499,33414.889875
-32.979778,499,33425.9444
-38.508894,499,33437.166603
-38.169566,499,33448.422137
-40.672723,499,33460.617386
-35.201097,499,33471.423725
-37.807358,499,33482.301847
-39.925219,499,33493.390336
-40.896236,499,33504.503293
-38.892744,499,33517.213591
-35.968174,499,33528.266745
-38.005605,499,33539.508466
-41.930813,499,33550.550822
-44.436659,499,33561.481714
-40.535278,499,33573.884287
-40.711493,499,33584.846611
-42.069497,499,33595.863464
-37.808714,499,33606.802568
-39.181449,499,33617.783299
-40.595666,499,33630.098052
-42.508666,499,33641.072774
-39.016911,499,33651.861606
-37.370029,499,33662.758316
-43.18033,499,33673.668947
-37.675602,499,33685.694612
-35.938527,499,33696.519893
-37.345346,499,33707.53257
-43.985052,499,33718.634819
-38.953837,499,33729.303176
-37.002794,499,33740.27456
-43.600002,499,33752.408903
-39.567973,499,33763.47114
-39.603771,499,33774.624417
-40.172386,499,33785.870816
-43.731397,499,33796.977917
