#{"t_start": 1686071642.6656606, "env_id": "quantumEnvExp-v0"}
r,l,t
-240.587486,499,20.965779
-236.839397,499,51.55399
-232.734621,499,82.213633
-237.678819,499,107.157985
-235.516781,499,135.304013
-215.692406,499,153.599922
-231.486063,499,171.680964
-238.67975,499,188.113124
-233.588596,499,209.726377
-229.166507,499,231.408188
-145.807752,499,251.511988
-200.986162,499,267.080462
-219.997192,499,282.564496
-221.69366,499,298.16778
-182.936261,499,320.258425
-127.397495,499,343.900617
-150.861817,499,368.401545
-181.350263,499,389.181985
-169.288536,499,413.506499
-165.891627,499,434.717704
-140.422706,499,453.957786
-109.234554,499,469.554747
-129.927954,499,487.434907
-159.590992,499,510.677044
-188.157917,499,530.783155
-161.003502,499,548.373545
-145.656556,499,563.893193
-144.161539,499,579.485606
-157.101178,499,598.327976
-139.437846,499,616.778508
-187.101658,499,641.872443
-132.723313,499,655.015482
-178.720409,499,666.252579
-177.289814,499,673.299711
-167.212493,499,681.695961
-179.078523,499,692.344594
-185.521681,499,700.317233
-111.287148,499,710.242575
-171.778879,499,720.107567
-118.050742,499,729.49648
-132.842723,499,739.335703
-121.762717,499,745.971922
-88.920012,499,752.683005
-101.658751,499,759.367934
-99.728821,499,766.706904
-66.876671,499,780.000308
-50.260983,499,789.421649
-138.20683,499,800.688492
-52.100251,499,811.221758
-103.71323,499,822.12936
-83.11397,499,835.24533
-56.43312,499,842.991628
-60.053026,499,850.319943
-49.912118,499,858.692175
-88.694971,499,867.446716
-45.946839,499,877.695733
-52.57661,499,889.689027
-54.18071,499,898.81093
-63.352932,499,908.003246
-45.347551,499,918.292691
-46.298591,499,930.898413
-46.261191,499,941.456975
-41.667234,499,951.895669
-41.335309,499,958.811307
-35.163131,499,969.424107
-34.217799,499,979.944917
-28.428617,499,988.429217
-37.826136,499,998.943657
-40.002608,499,1005.811079
-38.746386,499,1014.040573
-37.364379,499,1026.204192
-34.925918,499,1036.05004
-34.30168,499,1045.77432
-33.179924,499,1054.29583
-37.602539,499,1063.575888
-39.693149,499,1074.562149
-30.75527,499,1083.409967
-32.546305,499,1090.995551
-32.722156,499,1099.944137
-32.191575,499,1107.927643
-31.090022,499,1115.854963
-28.188609,499,1122.587755
-27.767375,499,1129.336681
-28.280241,499,1136.096076
-34.311899,499,1142.884441
-28.721561,499,1150.858511
-27.54244,499,1157.636769
-26.485418,499,1166.008271
-27.330631,499,1175.36109
-32.288138,499,1183.911004
-24.537777,499,1195.881292
-26.601138,499,1206.891886
-24.559405,499,1217.042466
-24.451418,499,1227.031276
-24.360058,499,1236.839532
-23.245959,499,1245.445031
-23.741433,499,1254.268286
-25.065404,499,1262.888756
-25.080683,499,1271.039008
-25.220328,499,1280.466513
-25.606712,499,1293.272225
-24.100699,499,1303.962892
-23.378132,499,1310.69245
-23.86775,499,1317.449625
-26.013554,499,1324.180043
-24.315632,499,1332.387589
-25.744149,499,1344.422333
-22.680898,499,1352.785874
-23.07742,499,1362.152454
-24.753895,499,1373.194436
-23.789116,499,1390.410343
-24.290024,499,1399.091178
-25.426529,499,1408.959053
-23.242764,499,1418.602233
-23.101957,499,1429.920861
-24.418799,499,1444.176089
-23.474261,499,1453.157791
-21.560346,499,1462.312075
-24.066279,499,1470.901084
-24.376535,499,1479.057251
-21.292876,499,1490.924312
-23.97479,499,1499.608058
-20.787837,499,1507.499585
-22.101077,499,1515.637089
-21.706241,499,1523.48075
-20.366633,499,1533.913497
-21.282167,499,1542.854672
-18.359189,499,1550.8489
-20.860083,499,1560.065883
-20.484982,499,1568.856956
-21.419779,499,1577.233814
-21.199417,499,1586.765044
-19.650399,499,1593.509365
-20.268884,499,1600.261192
-20.483975,499,1607.030674
-18.98915,499,1615.131742
-20.142908,499,1624.328235
-20.119416,499,1633.760141
-21.241809,499,1642.366461
-19.670517,499,1654.128333
-20.245263,499,1666.485408
-17.061446,499,1674.246491
-19.983023,499,1680.998875
-20.213358,499,1687.75589
-19.745078,499,1694.510621
-19.507953,499,1702.3838
-20.168736,499,1709.119182
-19.948883,499,1715.842283
-18.772085,499,1722.618742
-20.377952,499,1730.647751
-19.661818,499,1743.765453
-18.404952,499,1778.091712
-18.319145,499,1788.506085
-19.734294,499,1800.399146
-18.062977,499,1811.436931
-18.226473,499,1825.095376
-18.408882,499,1834.603831
-18.236603,499,1846.227072
-18.8171,499,1853.552733
-19.11951,499,1861.24459
-19.403369,499,1871.7943
-17.751703,499,1878.544329
-17.289117,499,1885.343578
-19.028538,499,1892.106243
-18.371837,499,1899.529733
-19.423475,499,1912.513328
-17.127358,499,1921.367301
-20.342626,499,1930.777163
-17.941086,499,1938.766015
-18.239738,499,1947.999877
-19.034819,499,1960.150898
-19.74642,499,1969.932818
-18.36525,499,1979.667365
-18.2464,499,1989.479481
-17.120631,499,1999.187703
-18.671826,499,2009.674911
-18.264336,499,2018.317764
-18.501756,499,2026.47584
-17.069956,499,2035.579041
-18.160297,499,2043.614224
-17.859215,499,2055.548546
-18.274378,499,2064.357578
-18.415056,499,2072.534429
-18.646225,499,2080.479995
-17.204995,499,2088.58857
-17.707582,499,2099.227328
-15.326049,499,2107.47978
-17.156867,499,2115.154225
-17.139673,499,2124.869102
-16.917798,499,2133.430489
-17.315265,499,2141.535208
-16.936462,499,2150.757095
-16.909011,499,2158.143217
-16.848704,499,2165.246687
-17.527655,499,2172.323078
-16.263783,499,2180.852775
-17.43695,499,2189.473092
-17.630909,499,2198.47025
-17.031659,499,2206.632359
-17.619815,499,2215.756081
-17.037688,499,2229.843438
-16.64721,499,2240.289851
-17.387366,499,2247.086094
-17.619261,499,2253.834465
-17.996641,499,2260.574416
-16.930757,499,2268.532611
-18.764875,499,2275.901715
-18.308957,499,2285.647336
-17.061407,499,2295.638638
-16.789418,499,2304.27949
-16.554646,499,2316.95289
-17.072993,499,2326.101295
-17.624669,499,2336.099981
-16.745969,499,2359.949776
-16.368713,499,2371.141806
-16.316909,499,2383.404738
-15.29244,499,2394.619518
-17.461751,499,2402.876395
-15.603567,499,2413.822914
-15.897508,499,2421.12403
-16.659471,499,2431.542435
-15.616058,499,2439.180058
-15.013313,499,2445.972288
-15.861604,499,2452.79762
-17.395776,499,2459.569422
-16.880852,499,2470.245711
-16.929928,499,2478.626381
-16.095156,499,2487.125721
-16.276283,499,2496.282478
-15.150523,499,2503.718805
-17.308435,499,2515.35285
-17.01749,499,2523.246015
-17.305835,499,2530.020176
-15.462731,499,2536.77479
-15.351656,499,2543.549115
-17.270229,499,2551.373743
-16.554453,499,2558.137866
-15.828468,499,2564.865185
-16.301195,499,2571.664193
-15.565619,499,2580.146616
-16.885762,499,2591.831871
-16.015533,499,2600.838362
-16.004374,499,2611.252286
-15.637357,499,2621.919375
-15.135301,499,2630.158401
-15.938527,499,2642.998901
-15.925076,499,2652.144299
-14.814221,499,2661.737656
-15.549813,499,2673.880415
-17.273977,499,2682.146156
-16.03217,499,2696.7732
-15.897362,499,2709.848536
-15.334753,499,2718.765223
-17.038084,499,2725.56889
-15.87908,499,2732.334393
-15.186783,499,2740.333311
-15.332468,499,2748.120389
-16.160785,499,2757.88618
-15.447795,499,2766.987366
-14.194559,499,2775.883028
-16.105682,499,2786.874698
-15.32221,499,2796.081537
-17.14185,499,2805.050678
-15.603685,499,2811.775841
-14.954885,499,2818.521626
-15.581697,499,2827.82282
-15.066449,499,2837.750576
-15.739452,499,2847.653524
-15.21614,499,2857.554857
-15.806736,499,2869.691759
-14.883604,499,2883.359563
-15.318494,499,2892.563975
-15.840806,499,2904.149894
-15.450771,499,2914.34074
-15.965467,499,2923.940526
-15.166602,499,2935.07777
-15.569425,499,2943.001403
-15.292798,499,2951.844242
-14.947596,499,2959.807743
-15.906265,499,2967.406371
-14.639866,499,2979.468357
-16.101905,499,2986.309103
-14.905421,499,2994.468417
-15.731823,499,3003.506959
-16.209788,499,3010.292206
-14.022843,499,3018.327918
-16.254229,499,3025.151529
-16.312336,499,3033.083578
-16.34757,499,3042.197335
-16.010933,499,3051.056061
-15.655594,499,3062.133588
-15.489018,499,3069.860659
-14.951037,499,3079.49137
-15.468891,499,3087.872981
-15.35016,499,3094.674598
-16.381266,499,3102.665385
-15.514557,499,3109.443431
-15.727132,499,3116.181563
-15.476048,499,3122.989685
-15.283787,499,3129.79918
-16.135689,499,3139.477301
-16.121846,499,3149.407785
-15.949962,499,3158.215331
-15.189084,499,3168.335491
-15.242687,499,3178.356002
-14.517821,499,3191.6688
-15.16858,499,3202.747005
-14.308699,499,3211.992744
-16.001368,499,3221.865784
-15.297915,499,3231.736415
-15.72635,499,3244.053995
-14.869509,499,3252.045585
-15.335328,499,3268.02811
-15.228608,499,3289.093349
-14.635547,499,3304.866061
-15.661447,499,3330.139335
-15.32614,499,3357.716902
-15.395381,499,3380.026254
-15.362945,499,3395.755528
-15.159831,499,3411.499183
-13.99781,499,3431.017627
-15.083076,499,3461.960782
-15.06516,499,3492.842041
-16.079276,499,3518.181764
-16.81672,499,3546.737108
-15.696596,499,3567.62557
-15.788286,499,3583.335107
-15.295689,499,3597.4579
-14.467251,499,3617.36089
-15.830089,499,3641.880765
-15.432789,499,3666.658452
-15.5261,499,3675.043534
-15.59369,499,3683.767558
-14.99064,499,3691.390454
-15.082721,499,3701.283313
-15.74673,499,3711.757391
-16.270291,499,3723.346112
-16.172646,499,3732.153094
-15.149476,499,3740.960013
-15.419402,499,3752.272983
-14.487319,499,3766.035959
-14.864973,499,3775.592423
-13.777278,499,3785.598068
-15.76959,499,3796.770525
-15.629988,499,3808.652164
-15.359914,499,3820.153069
-14.932341,499,3831.391836
-15.668465,499,3839.658619
-15.571585,499,3849.684973
-15.253256,499,3858.112544
-16.262244,499,3868.130111
-15.995734,499,3875.012453
-15.605339,499,3883.848156
-15.217597,499,3894.433065
-15.484328,499,3903.915251
-16.088692,499,3916.312479
-15.781673,499,3924.619563
-14.991054,499,3933.768941
-15.846726,499,3943.411812
-16.331077,499,3950.105333
-16.000583,499,3958.644266
-16.027038,499,3969.353057
-14.655643,499,3978.195066
-15.765589,499,3986.093446
-15.239297,499,3993.934014
-14.56981,499,4006.690383
-14.397289,499,4018.86901
-15.591311,499,4031.235181
-16.040318,499,4045.641338
-15.042384,499,4064.807459
-16.39473,499,4076.473452
-15.630481,499,4093.657315
-15.742315,499,4120.898514
-14.930698,499,4141.366527
-14.670367,499,4153.980876
-15.694092,499,4168.009235
-15.51988,499,4193.800832
-14.822973,499,4210.640981
-13.991259,499,4222.049277
-15.247747,499,4230.329398
-15.084596,499,4238.215111
-15.244727,499,4249.088841
-15.030459,499,4257.15587
-15.148813,499,4266.232928
-15.015896,499,4274.67952
-15.518906,499,4284.493176
-15.464453,499,4305.990253
-15.634154,499,4321.677545
-15.673423,499,4333.501553
-15.323451,499,4345.536304
-14.633513,499,4362.028198
-15.057886,499,4381.556927
-15.708685,499,4392.596324
-15.521904,499,4406.207915
-15.275292,499,4417.942782
-15.409123,499,4429.768368
-15.501773,499,4438.819194
-14.375592,499,4448.98956
-14.93208,499,4461.104444
-14.80302,499,4477.45268
-15.141549,499,4504.129249
-15.513738,499,4516.972521
-15.074621,499,4526.763128
-16.1045,499,4536.231085
-14.460905,499,4544.425727
-15.366544,499,4555.463888
-15.462755,499,4563.04607
-15.694371,499,4576.182899
-14.755122,499,4601.926133
-15.442429,499,4614.222048
-15.322076,499,4628.929521
-15.199739,499,4638.210263
-15.6082,499,4646.159026
-15.241413,499,4654.885442
-15.353678,499,4663.402233
-16.077422,499,4673.262585
-15.291539,499,4682.015652
-15.490298,499,4689.97848
-15.43768,499,4697.236015
-15.068068,499,4706.39541
-15.51446,499,4715.376489
-15.339626,499,4721.933147
-14.799889,499,4728.481689
-14.23143,499,4735.043326
-15.033925,499,4743.768539
-15.342374,499,4756.15551
-14.710598,499,4765.17968
-15.059947,499,4773.693139
-15.06809,499,4782.118371
-16.08311,499,4791.997654
-14.539686,499,4803.158894
-14.351942,499,4812.920478
-15.451711,499,4822.603963
-14.225206,499,4832.309589
-14.559702,499,4842.025243
-15.174875,499,4854.931851
-14.877362,499,4864.058971
-15.238426,499,4872.854323
-15.427824,499,4882.158451
-14.582439,499,4891.37588
-15.011425,499,4902.120756
-15.038034,499,4911.705389
-16.231139,499,4921.513744
-15.478338,499,4929.261435
-15.304283,499,4937.396867
-16.227634,499,4948.096072
-14.987735,499,4955.954412
-14.3278,499,4965.28091
-15.032144,499,4973.13572
-14.659104,499,4980.160855
-15.759532,499,4993.764185
-15.405583,499,5000.855929
-14.878434,499,5010.237559
-14.396236,499,5020.948637
-15.318143,499,5031.606727
-15.575735,499,5043.230612
-15.533513,499,5052.461044
-15.058679,499,5060.389196
-14.812404,499,5069.459704
-14.495654,499,5077.889601
-14.800028,499,5085.926188
-13.770123,499,5092.747238
-15.70205,499,5101.992234
-14.763697,499,5112.357661
-15.995187,499,5120.036887
-15.471333,499,5129.894832
-15.001394,499,5140.615601
-15.370426,499,5149.863244
-15.171202,499,5159.481479
-15.547699,499,5169.217384
-16.70604,499,5179.946109
-16.10254,499,5188.544707
-15.402357,499,5199.790152
-15.87639,499,5212.211175
-15.493157,499,5224.014518
-15.302588,499,5236.941239
-16.380237,499,5249.374834
-16.663999,499,5257.931399
-16.054028,499,5267.939883
-17.55251,499,5278.858749
-15.914038,499,5289.50781
-16.330095,499,5299.213707
-15.280647,499,5310.340411
-15.08649,499,5320.740756
-16.03483,499,5329.504927
-14.582079,499,5340.776232
-15.294041,499,5348.802167
-15.790563,499,5357.922221
-16.320338,499,5365.75836
-15.451227,499,5375.497658
-14.832407,499,5386.230262
-15.642346,499,5395.852399
-16.146704,499,5405.657542
-15.548626,499,5415.671163
-16.608834,499,5425.756065
-16.259296,499,5452.148797
-15.70206,499,5466.225502
-15.055054,499,5477.819399
-15.447498,499,5489.119698
-15.759234,499,5499.878202
-15.711269,499,5513.205946
-15.700236,499,5527.122377
-15.532534,499,5538.630134
-15.746077,499,5548.156677
-15.353991,499,5559.407391
-15.86117,499,5566.948239
-14.910524,499,5578.208065
-15.817065,499,5594.786076
-15.529766,499,5612.433373
-15.953613,499,5629.748832
-15.530444,499,5642.282961
-15.364357,499,5653.716192
-16.128584,499,5666.992675
-15.406699,499,5682.70533
-16.861945,499,5693.494393
-16.336483,499,5716.861028
-15.669896,499,5737.940651
-15.132068,499,5754.979239
-15.738052,499,5777.875289
-15.390342,499,5802.854798
-16.356448,499,5821.187016
-15.135247,499,5833.041166
-15.721631,499,5851.588535
-15.460008,499,5863.87739
-16.47313,499,5885.028793
-15.713879,499,5910.864107
-15.916006,499,5927.123524
-15.37303,499,5939.635495
-15.762685,499,5947.988077
-15.827361,499,5960.061355
-15.295925,499,5974.061801
-16.79226,499,5988.223568
-16.444829,499,6002.998245
-17.2212,499,6025.928286
-16.018966,499,6038.230586
-15.93926,499,6052.352063
-15.529165,499,6067.045312
-16.306076,499,6090.634061
-15.361063,499,6106.712073
-16.427369,499,6116.635876
-17.128301,499,6132.207015
-16.783901,499,6140.770724
-15.687529,499,6152.13692
-16.029112,499,6164.428918
-14.995106,499,6183.478303
-14.896948,499,6200.406884
-15.506121,499,6219.660883
-16.196708,499,6232.557814
-15.688549,499,6245.447529
-16.053387,499,6253.559825
-15.703771,499,6265.701028
-15.199696,499,6295.847018
-15.922487,499,6314.826111
-15.230796,499,6328.441536
-16.947785,499,6344.551286
-15.058626,499,6356.132845
-16.616695,499,6369.709901
-16.551649,499,6386.273237
-16.318893,499,6394.607272
-15.094551,499,6401.524804
-16.272924,499,6414.107598
-15.994143,499,6423.968181
-16.341587,499,6433.509463
-16.540808,499,6441.315662
-16.611189,499,6453.072216
-16.257869,499,6465.098336
-15.512649,499,6478.935735
-15.061931,499,6490.091469
-15.498023,499,6499.122889
-15.947042,499,6505.844551
-16.151728,499,6512.619204
-16.119474,499,6520.512136
-15.061099,499,6527.243165
-16.151268,499,6534.206299
-15.613655,499,6543.85502
-17.06782,499,6553.639827
-15.364138,499,6564.187399
-14.745798,499,6573.099367
-15.608579,499,6583.432295
-14.692412,499,6594.299683
-14.85454,499,6603.580616
-15.222495,499,6614.374446
-15.230666,499,6623.98915
-16.249328,499,6634.419136
-15.942987,499,6643.415199
-15.414351,499,6651.871239
-14.981051,499,6662.165617
-14.74733,499,6671.350765
-15.455027,499,6678.944233
-16.029947,499,6685.790161
-16.285504,499,6695.659562
-15.561285,499,6703.731084
-15.595737,499,6710.487969
-15.171686,499,6717.187946
-16.08044,499,6723.914901
-15.283909,499,6733.698668
-15.883709,499,6745.687855
-15.518398,499,6755.240598
-16.086006,499,6763.528408
-15.232785,499,6771.57654
-15.564635,499,6785.023042
-14.910004,499,6793.481946
-14.740113,499,6800.212892
-15.408504,499,6806.966923
-14.51575,499,6813.692299
-15.5248,499,6820.506184
-15.256691,499,6828.448846
-16.281166,499,6835.218484
-15.225254,499,6843.803738
-14.742116,499,6852.993596
-15.656684,499,6861.622482
-15.568588,499,6873.188245
-15.238382,499,6882.635164
-14.874249,499,6891.775211
-15.440702,499,6902.834359
-15.05778,499,6912.037424
-14.753082,499,6920.946954
-13.634397,499,6929.780439
-14.348308,499,6938.897758
-14.625764,499,6946.822322
-15.779549,499,6955.306938
-14.633594,499,6965.593633
-14.683439,499,6973.547636
-14.737212,499,6981.634626
-15.0716,499,6988.384954
-15.229475,499,6995.155363
-15.301192,499,7003.134791
-15.788147,499,7010.403101
-14.832641,499,7019.680976
-14.792275,499,7030.294402
-15.54175,499,7041.174652
-14.31941,499,7053.985885
-14.568647,499,7063.334935
-14.56844,499,7072.243416
-15.315427,499,7081.881154
-14.662111,499,7093.147465
-14.282253,499,7102.258356
-15.635948,499,7112.050959
-14.280935,499,7122.077774
-15.502915,499,7132.141013
-14.078171,499,7141.316163
-15.291943,499,7155.314801
-15.008941,499,7167.244579
-14.651724,499,7175.546539
-15.470268,499,7184.498235
-15.462212,499,7193.823559
-14.093596,499,7204.745044
-15.776493,499,7217.244451
-15.354642,499,7228.877745
-14.794513,499,7238.421779
-14.414981,499,7247.335881
-14.919422,499,7260.318956
-15.700228,499,7267.771672
-15.400323,499,7274.490843
-14.593852,499,7281.23225
-15.229595,499,7288.013319
-15.549691,499,7297.447734
-15.353228,499,7306.162415
-14.982178,499,7314.50463
-16.070101,499,7327.21716
-15.542055,499,7338.853766
-14.608203,499,7355.087599
-15.078393,499,7366.119053
-14.699354,499,7375.716449
-15.997135,499,7385.35558
-14.564275,499,7395.249492
-15.242421,499,7418.055948
-15.11239,499,7448.859776
-14.867247,499,7479.707155
-14.350161,499,7504.156436
-14.226158,499,7530.445622
-14.911193,499,7541.126472
-14.390912,499,7549.941313
-15.106832,499,7556.744315
-14.7521,499,7563.503283
-14.802393,499,7570.248166
-14.855068,499,7578.497696
-15.120329,499,7587.278392
-14.333025,499,7604.898221
-15.577587,499,7613.549763
-15.280806,499,7620.777353
-16.566448,499,7633.10476
-15.317619,499,7640.304752
-16.041045,499,7646.861299
-14.771294,499,7653.415572
-14.659086,499,7659.963781
-14.051427,499,7667.963148
-14.868429,499,7674.511331
-14.941272,499,7681.075824
-15.216027,499,7687.619151
-15.104823,499,7696.233778
-15.005436,499,7708.418947
-14.387778,499,7716.723245
-14.366795,499,7725.581739
-15.158722,499,7733.748949
-15.072435,499,7742.374264
-15.128518,499,7754.560922
-15.230848,499,7763.633832
-14.208152,499,7771.015948
-14.450401,499,7780.966486
-13.870109,499,7791.759662
-15.680986,499,7806.117983
-15.196858,499,7814.637134
-15.161501,499,7821.540859
-14.292967,499,7832.375579
-15.53565,499,7842.147243
-13.803486,499,7852.738909
-15.530731,499,7863.001884
-15.260879,499,7873.883145
-15.909083,499,7882.723661
-15.281554,499,7891.913758
-14.648236,499,7904.75788
-15.829089,499,7916.412838
-15.614558,499,7926.511782
-14.767573,499,7936.202846
-14.876459,499,7945.988436
-15.514313,499,7956.800944
-15.137274,499,7967.227385
-15.26084,499,7977.158968
-15.887965,499,7988.679231
-14.845773,499,8000.822329
-14.891041,499,8013.824405
-14.962329,499,8025.820776
-14.426402,499,8038.362616
-14.059874,499,8049.370263
-15.1632,499,8059.459703
-16.015557,499,8073.008021
-15.311885,499,8085.835619
-15.050908,499,8098.578959
-14.2619,499,8108.33554
-15.645213,499,8121.588837
-14.531258,499,8132.735347
-14.818491,499,8142.478938
-15.508743,499,8152.79783
-15.213669,499,8161.630544
-14.937,499,8170.971904
-13.71994,499,8182.183872
-14.296535,499,8190.427446
-14.771017,499,8201.241102
-15.423684,499,8210.914614
-14.842319,499,8220.991747
-14.306243,499,8233.94571
-14.38656,499,8246.97125
-15.135052,499,8259.669741
-15.052407,499,8274.202016
-15.032556,499,8287.418772
-15.238115,499,8302.086673
-14.346278,499,8312.59949
-14.48064,499,8323.80772
-14.519769,499,8338.084807
-15.362718,499,8350.062984
-15.034156,499,8364.332971
-14.030345,499,8378.556014
-15.524961,499,8391.236806
-14.735611,499,8403.706551
-14.319565,499,8417.107442
-15.714657,499,8430.324388
-14.393717,499,8447.762435
-14.807201,499,8461.946955
-14.702528,499,8473.69826
-14.989693,499,8486.760688
-15.661226,499,8499.77525
-14.146478,499,8511.237319
-15.710059,499,8522.064844
-14.969419,499,8531.739531
-15.672876,499,8542.091774
-14.997256,499,8557.872578
-15.001486,499,8573.129136
-15.538517,499,8586.478364
-15.002899,499,8601.173253
-14.422808,499,8616.867903
-15.659591,499,8629.755015
-14.924586,499,8643.592227
-15.362255,499,8655.341398
-14.765007,499,8668.064611
-15.335642,499,8679.483374
-15.237893,499,8691.575733
-15.194641,499,8701.995969
-16.442733,499,8715.601596
-16.222209,499,8729.023752
-14.446638,499,8741.667673
-14.561035,499,8756.148189
-14.20284,499,8767.129614
-15.755964,499,8781.177092
-14.063132,499,8796.500832
-15.271389,499,8809.497976
-15.134833,499,8825.048313
-15.390221,499,8838.807744
-14.087596,499,8850.132987
-14.151682,499,8863.815915
-14.90112,499,8875.275224
-15.077998,499,8889.648656
-14.620686,499,8901.669114
-14.874583,499,8914.070326
-15.566475,499,8922.802334
-14.670102,499,8936.394284
-14.896642,499,8951.083185
-14.467333,499,8964.86351
-14.492151,499,8978.855089
-14.921125,499,8990.735681
-15.625629,499,9004.06765
-15.231709,499,9017.72952
-15.922492,499,9029.60421
-15.137651,499,9040.563748
-15.510955,499,9052.936842
-13.906168,499,9067.29087
-15.11858,499,9081.755308
-14.281007,499,9093.566083
-14.567357,499,9104.951504
-15.37714,499,9113.799522
-14.584568,499,9123.099191
-13.912538,499,9133.354053
-15.398462,499,9146.322484
-15.269873,499,9163.043936
-14.854523,499,9178.823282
-14.693569,499,9195.43454
-14.719142,499,9211.066422
-14.274659,499,9226.115125
-14.259762,499,9239.991268
-13.707839,499,9253.484512
-15.197109,499,9263.534865
-15.182646,499,9276.872772
-15.231782,499,9288.563581
-14.753001,499,9302.579426
-14.571953,499,9311.377812
-14.760432,499,9323.530462
-15.009428,499,9337.25188
-15.871398,499,9349.195936
-15.399816,499,9362.288883
-15.262279,499,9372.547465
-15.200084,499,9383.537979
-15.184184,499,9394.28262
-15.18476,499,9403.432702
-14.614748,499,9412.42151
-15.013958,499,9424.409567
-15.432541,499,9435.868442
-15.87716,499,9447.894808
-16.089961,499,9460.203352
-15.087962,499,9474.591393
-15.167224,499,9486.4129
-15.282378,499,9500.190781
-14.790919,499,9511.261009
-15.245785,499,9519.666866
-14.763483,499,9530.115416
-15.085516,499,9540.846898
-15.545992,499,9552.461619
-15.862482,499,9563.075564
-15.547752,499,9575.432378
-14.617739,499,9586.617428
-15.669359,499,9596.542327
-15.09159,499,9611.105529
-14.684722,499,9623.464861
-15.725652,499,9634.869307
-15.897098,499,9647.706107
-14.662221,499,9660.018644
-14.412409,499,9672.546795
-14.789789,499,9685.909388
-15.017867,499,9698.616516
-15.253249,499,9711.50342
-14.699417,499,9725.650821
-14.993793,499,9738.894753
-14.919486,499,9751.173993
-14.892036,499,9763.18118
-15.320502,499,9774.378438
-14.643083,499,9785.670319
-15.273734,499,9796.226587
-15.093859,499,9809.864266
-16.102262,499,9821.278058
-15.733177,499,9835.72402
-15.061292,499,9847.038501
-15.969765,499,9859.076302
-14.95703,499,9869.017361
-16.783522,499,9880.644441
-16.220286,499,9893.749333
-15.101388,499,9908.20614
-15.517777,499,9924.556526
-15.492556,499,9939.618447
-15.900159,499,9952.746437
-16.335133,499,9963.461879
-15.203234,499,9976.434951
-16.235134,499,9989.109893
-16.066802,499,10004.10583
-17.092371,499,10018.046433
-15.41344,499,10031.779139
-15.517271,499,10044.878512
-15.959147,499,10059.846313
-16.04816,499,10073.347014
-15.400432,499,10084.265464
-16.47144,499,10094.684529
-16.475595,499,10108.782697
-16.257223,499,10120.967707
-16.998898,499,10134.703762
-15.398464,499,10149.017525
-15.17732,499,10161.37638
-15.606243,499,10168.948742
-16.181009,499,10175.698949
-14.913289,499,10189.938584
-16.68118,499,10203.745806
-16.703785,499,10214.553769
-16.705054,499,10223.928014
-15.536855,499,10242.034653
-15.152714,499,10253.117656
-15.043008,499,10263.1222
-14.528668,499,10277.0747
-15.381028,499,10290.85023
-15.240662,499,10306.570787
-15.433512,499,10320.7093
-16.051127,499,10331.802957
-15.895658,499,10342.751151
-15.600247,499,10354.496563
-15.554858,499,10364.451903
-15.450371,499,10378.092893
-15.609231,499,10390.901827
-15.260756,499,10404.6263
-16.216949,499,10420.22946
-16.738053,499,10432.548255
-15.859147,499,10447.679958
-15.361448,499,10458.464
-16.074433,499,10465.124013
-16.384595,499,10471.654648
-16.766118,499,10486.069789
-16.657489,499,10498.735771
-15.755122,499,10512.748513
-15.968893,499,10522.761071
-14.477278,499,10534.918544
-14.688904,499,10544.658226
-15.14773,499,10553.325832
-15.690471,499,10564.012678
-16.166495,499,10575.647863
-15.683303,499,10585.789892
-14.774214,499,10599.05911
-15.831322,499,10614.46461
-15.955392,499,10629.149059
-16.847617,499,10639.565302
-15.122135,499,10649.069636
-14.91169,499,10660.137253
-14.748437,499,10674.316324
-15.343055,499,10686.911334
-14.766557,499,10699.902945
-15.748993,499,10711.11784
-15.803814,499,10721.898717
-15.933934,499,10734.11414
-17.33255,499,10745.247668
-15.681963,499,10752.664746
-15.766184,499,10761.565456
-16.079335,499,10772.709573
-16.715795,499,10788.191229
-18.313086,499,10802.668066
-16.625493,499,10814.446021
-17.344015,499,10828.436461
-16.597829,499,10842.713773
-16.385406,499,10856.482313
-17.395075,499,10869.219396
-16.121277,499,10882.967067
-17.418951,499,10897.698485
-16.409988,499,10909.90673
-17.613841,499,10924.089081
-16.067277,499,10935.834918
-16.780398,499,10948.800751
-15.957765,499,10960.412296
-15.489995,499,10975.221881
-16.544256,499,10987.402786
-15.494395,499,11000.09298
-16.248039,499,11010.504465
-16.317636,499,11023.522263
-16.500465,499,11030.853921
-16.940901,499,11041.453567
-15.959647,499,11054.398155
-16.700732,499,11065.215485
-17.050296,499,11080.261243
-16.747884,499,11093.807808
-16.725228,499,11107.618172
-16.413237,499,11119.359241
-16.493341,499,11129.329688
-15.544204,499,11142.821855
-15.898796,499,11157.477123
-16.387653,499,11171.487067
-15.459274,499,11189.33955
-16.367513,499,11201.453461
-15.400253,499,11215.030733
-15.892523,499,11228.494857
-15.621802,499,11244.257938
-15.159748,499,11254.955768
-15.377378,499,11269.519192
-15.75522,499,11283.377883
-15.344374,499,11298.409659
-15.738734,499,11313.315897
-15.749943,499,11328.553423
-15.373817,499,11337.202018
-15.643274,499,11343.768237
-16.269097,499,11353.179291
-15.920487,499,11365.466781
-15.512642,499,11378.318257
-15.330389,499,11393.081886
-15.379531,499,11406.66302
-14.85873,499,11420.435066
-15.073784,499,11434.702304
-15.673807,499,11447.183315
-15.125455,499,11460.832228
-15.695267,499,11476.855922
-15.539906,499,11491.543802
-15.593913,499,11502.150808
-15.590055,499,11517.163162
-14.894126,499,11529.406464
-15.310963,499,11542.193507
-15.518195,499,11556.351031
-15.603785,499,11569.812275
-15.675343,499,11583.290001
-15.694828,499,11596.394663
-14.911945,499,11608.898043
-16.058164,499,11620.969729
-15.125378,499,11630.769265
-15.037117,499,11642.502547
-14.814547,499,11655.202939
-15.76952,499,11668.407417
-15.429852,499,11680.738881
-15.301323,499,11693.020207
-16.965078,499,11706.797644
-16.321887,499,11717.13119
-15.426119,499,11728.334378
-15.94539,499,11739.405772
-15.105017,499,11746.97775
-15.530892,499,11760.754743
-15.955026,499,11775.124248
-16.519072,499,11787.625575
-16.267265,499,11800.742822
-15.199794,499,11815.087401
-15.181289,499,11826.80536
-15.825869,499,11837.901726
-15.897126,499,11848.897238
-15.229529,499,11859.928051
-16.912273,499,11871.345081
-15.783717,499,11884.860953
-16.720318,499,11898.375115
-17.792544,499,11911.471292
-16.725498,499,11923.115499
-16.58807,499,11937.459817
-16.468521,499,11951.508812
-16.208785,499,11966.091363
-17.695095,499,11976.594869
-16.408957,499,11988.08823
-16.496301,499,11998.139639
-16.382799,499,12008.01667
-16.12661,499,12016.919224
-15.272963,499,12027.025476
-16.415406,499,12035.839613
-16.4975,499,12048.745531
-16.248949,499,12063.649257
-16.738063,499,12077.966262
-15.340936,499,12090.868036
-16.626901,499,12107.380194
-16.322004,499,12119.503411
-16.748964,499,12134.689758
-15.897292,499,12150.457941
-14.869122,499,12163.95467
-16.137612,499,12175.396247
-14.656898,499,12190.685605
-14.960128,499,12200.285533
-15.29907,499,12212.149875
-16.289251,499,12225.351048
-16.238826,499,12239.543177
-16.235634,499,12252.700764
-15.298958,499,12266.557717
-15.124667,499,12281.174651
-14.835816,499,12294.763551
-15.703427,499,12305.686662
-16.613177,499,12318.064412
-16.587669,499,12338.323033
-15.578797,499,12350.090903
-15.541917,499,12360.287837
-16.01672,499,12373.113043
-16.074966,499,12383.889015
-15.339445,499,12395.787181
-16.022744,499,12405.00506
-16.042087,499,12412.924447
-16.567441,499,12420.750672
-15.687848,499,12429.000218
-16.473123,499,12440.011898
-15.336723,499,12449.126369
-14.871456,499,12457.378023
-15.663425,499,12464.304322
-15.294418,499,12473.815763
-14.77311,499,12483.418818
-15.314426,499,12490.22137
-16.87072,499,12497.009634
-15.657815,499,12503.828434
-15.050535,499,12512.871619
-14.71039,499,12524.837893
-16.059395,499,12534.098707
-15.6564,499,12543.074835
-15.2133,499,12552.778855
-15.829876,499,12561.470282
-15.14044,499,12569.725589
-15.78217,499,12576.531921
-14.249338,499,12584.655405
-16.103691,499,12592.186588
-14.684843,499,12600.04701
-16.348071,499,12611.354699
-15.291389,499,12626.586542
-14.803174,499,12638.375204
-15.603326,499,12648.900236
-15.060681,499,12660.67194
-15.347523,499,12673.103442
-14.756875,499,12683.651236
-15.406795,499,12695.709657
-15.962373,499,12708.839543
-15.895281,499,12718.837372
-15.546139,499,12730.02292
-16.243663,499,12739.118619
-16.607556,499,12745.878483
-15.843378,499,12753.67715
-16.722601,499,12762.12469
-16.03887,499,12770.032527
-15.361922,499,12776.718244
-15.674779,499,12783.457109
-15.531167,499,12790.37308
-16.086999,499,12799.552864
-15.638285,499,12811.25068
-15.661119,499,12821.664147
-16.682821,499,12833.212592
-15.233439,499,12842.560123
-16.691457,499,12849.994097
-15.657782,499,12857.778174
-16.581477,499,12864.436984
-16.467036,499,12871.106285
-16.646563,499,12881.174222
-16.386357,499,12889.244818
-16.623612,499,12899.10699
-16.474053,499,12909.199674
-17.111971,499,12919.825383
-17.304155,499,12932.968984
-16.608643,499,12946.432532
-15.765574,499,12959.943337
-17.463572,499,12973.545238
-16.437399,499,12984.921058
-16.371879,499,12998.367304
-18.208396,499,13009.757286
-16.902735,499,13021.079421
-16.967525,499,13035.787791
-16.595739,499,13050.635739
-15.842177,499,13063.986974
-15.421748,499,13078.081371
-15.871854,499,13093.035486
-16.679876,499,13105.871215
-16.062578,499,13120.822759
-16.184027,499,13133.745298
-15.842791,499,13146.574645
-15.803385,499,13158.861443
-15.477988,499,13171.707298
-15.396503,499,13184.505536
-16.550311,499,13200.155109
-15.532809,499,13210.109959
-16.505062,499,13222.715383
-17.244526,499,13234.843936
-15.987509,499,13247.769986
-15.922821,499,13259.743141
-15.706337,499,13272.121385
-15.850606,499,13285.256787
-16.83597,499,13301.484014
-16.872827,499,13315.105716
-16.33501,499,13327.066958
-16.585547,499,13340.046908
-16.360237,499,13354.054709
-15.195396,499,13366.442724
-16.087026,499,13380.769184
-16.171544,499,13394.943988
-16.222736,499,13407.706769
-16.61217,499,13418.461999
-16.155491,499,13429.971292
-15.823545,499,13442.310351
-17.068809,499,13455.439
-17.17038,499,13468.787314
-16.651415,499,13483.822834
-15.5951,499,13499.160689
-16.050518,499,13511.604632
-15.497971,499,13525.80416
-15.596015,499,13540.82081
-14.456176,499,13555.08587
-15.526166,499,13568.553956
-16.241348,499,13582.249691
-16.625859,499,13596.982085
-15.110807,499,13611.78297
-15.773093,499,13627.034628
-15.641857,499,13640.475231
-15.788635,499,13649.128452
-16.703574,499,13656.162829
-16.562657,499,13666.989088
-16.47668,499,13681.43334
-16.329442,499,13694.580672
-15.908747,499,13705.12607
-16.555201,499,13719.25024
-16.930207,499,13727.689853
-15.941378,499,13735.847828
-17.061276,499,13743.386688
-16.646127,499,13752.44476
-16.488541,499,13759.797736
-17.069273,499,13767.879387
-15.83043,499,13777.826805
-15.204581,499,13792.54924
-16.265868,499,13804.472114
-15.770109,499,13819.762313
-15.804862,499,13832.368522
-15.821066,499,13847.321034
-15.93085,499,13857.98243
-16.455732,499,13872.577147
-16.257789,499,13883.578617
-15.399946,499,13894.023685
-16.136314,499,13907.535192
-15.662543,499,13918.200958
-14.891669,499,13929.193162
-15.713349,499,13936.201369
-16.065751,499,13947.708346
-14.647586,499,13958.467619
-14.348331,499,13972.747723
-15.441076,499,13983.893563
-15.610849,499,13993.601228
-15.868617,499,14007.76522
-14.778643,499,14022.320664
-15.216841,499,14036.321599
-14.826634,499,14048.430093
-15.318552,499,14061.210276
-15.4734,499,14073.797762
-14.920777,499,14087.681412
-15.690171,499,14102.076977
-15.030689,499,14113.530793
-15.581125,499,14126.779242
-14.62297,499,14140.067418
-15.236971,499,14152.767731
-15.778593,499,14166.475265
-14.913737,499,14178.995696
-16.618233,499,14193.872957
-15.729842,499,14208.585084
-14.70208,499,14221.369012
-14.753,499,14234.389468
-14.462236,499,14244.696231
-15.292493,499,14259.461454
-15.572535,499,14270.684003
-14.387454,499,14284.854416
-15.531852,499,14299.254767
-15.051955,499,14312.287654
-16.018399,499,14324.81892
-15.040326,499,14334.976979
-15.722291,499,14345.196935
-15.224968,499,14352.518785
-15.387233,499,14360.950266
-14.715278,499,14373.303408
-15.79165,499,14386.642426
-15.425127,499,14399.156514
-15.835144,499,14412.70964
-15.030369,499,14424.61528
-15.126551,499,14437.696864
-15.343233,499,14449.319018
-15.274841,499,14464.321893
-15.354958,499,14475.698459
-15.304286,499,14486.908169
-15.341149,499,14498.065717
-15.710197,499,14510.114641
-15.518116,499,14520.670498
-14.919068,499,14531.672011
-14.549218,499,14546.099266
-14.483226,499,14561.098547
-14.952398,499,14575.761053
-15.684412,499,14589.795467
-15.495396,499,14602.686764
-15.572233,499,14615.409259
-15.504495,499,14624.653263
-15.316295,499,14636.833598
-15.296098,499,14649.01569
-15.215145,499,14660.200194
-15.100564,499,14672.648636
-15.335913,499,14684.328963
-15.312543,499,14696.08455
-15.907963,499,14709.073747
-15.639992,499,14720.345998
-15.237101,499,14733.120041
-14.825172,499,14747.252773
-15.488123,499,14761.276246
-15.740282,499,14775.563382
-16.102518,499,14787.975539
-15.907293,499,14800.744272
-15.177384,499,14813.678852
-15.737478,499,14823.351834
-14.592768,499,14838.661799
-14.251572,499,14849.600536
-15.667692,499,14860.9722
-15.282667,499,14871.00232
-15.6338,499,14883.692579
-15.327606,499,14894.929107
-14.406523,499,14903.524496
-15.245459,499,14913.651925
-15.974624,499,14921.080249
-16.478226,499,14931.420299
-15.249126,499,14944.803338
-15.203884,499,14962.1524
-14.397407,499,14978.283551
-14.349588,499,14987.744273
-14.056539,499,14998.025034
-14.93566,499,15012.02899
-14.98215,499,15023.681726
-15.544357,499,15033.417411
-15.38092,499,15051.508745
-15.299142,499,15064.912557
-15.138476,499,15082.127922
-15.10847,499,15097.516482
-15.732231,499,15111.395008
-16.534281,499,15141.593135
-15.813246,499,15154.732028
-15.534498,499,15165.958451
-15.566121,499,15175.690665
-14.964293,499,15185.337828
-15.721175,499,15195.041329
-15.572752,499,15202.306873
-15.74052,499,15213.345993
-15.40028,499,15226.833742
-16.737547,499,15242.300429
-15.110416,499,15254.832196
-15.573027,499,15266.554277
-15.102608,499,15279.624179
-14.925025,499,15290.391724
-15.180349,499,15299.157141
-14.460282,499,15307.631674
-15.497443,499,15316.592588
-15.696454,499,15326.866881
-16.333175,499,15335.957712
-15.732914,499,15344.663498
-14.820326,499,15354.653104
-15.300901,499,15366.020831
-15.976516,499,15376.684872
-14.856801,499,15386.688387
-15.663088,499,15396.859867
-15.285152,499,15405.922265
-15.420153,499,15416.874836
-15.088802,499,15429.602148
-15.020691,499,15446.677141
-15.436731,499,15457.567261
-15.709894,499,15464.6414
-15.58356,499,15476.659009
-15.242204,499,15488.716302
-15.140389,499,15498.830812
-15.177269,499,15509.383108
-14.965974,499,15520.29553
-15.088782,499,15529.80422
-15.156049,499,15541.662765
-15.33573,499,15553.938093
-15.567398,499,15563.622373
-14.529703,499,15573.067534
-15.082256,499,15581.537708
-15.114397,499,15591.788184
-15.168389,499,15599.872887
-15.420719,499,15607.830744
-15.131556,499,15618.355311
-14.092532,499,15628.42541
-14.615275,499,15638.406169
-15.059206,499,15648.299371
-14.682304,499,15656.230993
-15.095514,499,15666.276498
-14.580188,499,15672.733734
-15.423817,499,15684.675507
-14.520056,499,15695.347311
-14.861938,499,15707.917639
-15.511248,499,15729.055292
-14.707787,499,15747.26163
-14.905252,499,15760.69128
-15.188036,499,15772.210663
-15.86388,499,15784.866004
-14.803291,499,15793.200347
-15.101989,499,15817.398763
-14.819714,499,15832.075213
-15.752937,499,15842.731915
-15.461013,499,15851.858881
-15.093329,499,15860.966565
-14.348507,499,15875.621666
-15.628475,499,15891.197026
-15.367851,499,15901.344712
-15.209525,499,15918.002239
-16.12024,499,15938.323967
-15.870271,499,15953.931196
-14.265599,499,15984.244854
-14.272781,499,16011.778335
-14.423659,499,16028.639254
-14.364159,499,16042.031272
-14.727156,499,16057.204612
-14.925354,499,16078.904477
-14.734052,499,16109.301818
-14.848977,499,16139.741958
-14.474531,499,16163.785524
-14.300681,499,16185.703475
-14.911789,499,16201.985844
-14.354064,499,16211.532341
-15.057904,499,16218.901361
-14.165558,499,16225.654616
-15.27773,499,16232.359393
-14.898276,499,16240.301543
-14.199471,499,16248.715908
-14.136227,499,16258.205949
-15.025846,499,16269.919856
-14.84879,499,16280.031777
-15.548862,499,16290.666981
-15.317209,499,16301.378393
-15.324737,499,16311.085542
-15.306105,499,16322.550021
-14.219519,499,16332.129575
-14.04066,499,16342.683445
-14.401695,499,16352.339218
-14.937911,499,16363.644146
-15.063536,499,16372.241841
-15.371855,499,16381.477868
-13.903127,499,16395.107231
-14.615466,499,16406.460722
-14.825611,499,16421.058929
-15.613197,499,16445.01749
-14.759602,499,16467.980529
-14.252872,499,16479.420233
-15.125942,499,16486.205763
-13.959489,499,16495.479811
-13.344151,499,16506.016365
-14.295417,499,16515.590546
-15.591885,499,16526.053064
-15.291908,499,16537.835708
-14.785112,499,16548.042346
-15.026999,499,16561.601956
-14.530979,499,16584.487453
-14.427742,499,16594.113528
-15.459786,499,16602.306639
-15.881424,499,16613.492856
-15.911188,499,16624.727161
-14.926962,499,16631.553903
-14.879119,499,16639.442749
-15.243893,499,16651.120258
-15.538998,499,16662.217755
-14.981869,499,16673.946221
-15.076194,499,16687.76646
-15.349527,499,16702.080048
-16.236905,499,16721.612002
-15.045742,499,16732.206099
-15.723349,499,16741.979764
-14.689893,499,16764.070642
-14.500072,499,16775.480891
-14.988517,499,16784.313902
-14.986857,499,16791.031822
-14.397291,499,16797.736547
-14.891033,499,16804.467413
-16.036383,499,16813.147616
-15.294478,499,16823.605781
-14.194285,499,16832.017071
-14.353845,499,16843.129652
-15.85222,499,16853.194222
-14.903981,499,16864.515768
-14.843804,499,16875.55855
-15.462567,499,16884.097354
-14.160668,499,16893.51956
-14.128981,499,16904.080969
-13.398856,499,16915.355923
-14.245411,499,16932.072474
-14.470961,499,16949.172853
-15.665147,499,16960.789034
-14.13004,499,16972.835998
-14.221022,499,16986.314913
-14.31482,499,16997.276909
-14.706556,499,17006.955921
-14.725148,499,17018.330837
-14.269219,499,17027.312347
-15.513707,499,17040.147802
-14.573305,499,17048.848368
-14.631172,499,17057.570153
-15.008033,499,17066.275787
-14.627358,499,17073.084861
-14.886678,499,17081.005764
-14.999768,499,17087.776809
-15.254592,499,17094.504126
-14.644608,499,17103.976582
-13.886293,499,17113.314753
-14.999946,499,17123.643322
-13.720045,499,17132.220619
-15.624303,499,17140.16168
-14.325759,499,17152.083228
-15.171439,499,17161.704457
-15.246575,499,17170.80644
-14.00508,499,17179.458555
-15.219936,499,17186.129821
-14.443931,499,17195.28574
-14.890024,499,17203.088101
-14.841491,499,17221.566798
-14.48005,499,17252.459334
-15.034522,499,17266.133664
-14.690464,499,17285.397504
-14.808401,499,17295.521876
-14.903839,499,17307.661332
-14.939513,499,17321.50984
-14.368596,499,17342.261291
-14.613702,499,17357.922419
-15.433288,499,17368.035897
-14.828535,499,17377.61337
-14.890957,499,17388.455167
-16.057435,499,17400.399784
-15.22096,499,17412.691193
-14.173185,499,17428.238768
-14.868459,499,17449.062659
-13.564209,499,17464.181615
-14.556179,499,17473.988535
-14.425204,499,17491.296487
-14.747193,499,17521.557617
-14.767737,499,17534.210658
-14.836154,499,17544.924786
-14.343948,499,17554.765458
-14.25111,499,17566.739319
-14.774934,499,17586.431654
-13.961048,499,17613.085226
-14.915445,499,17635.794546
-14.454543,499,17646.017047
-14.898325,499,17657.939631
-15.329555,499,17668.324553
-14.713892,499,17677.367992
-14.624359,499,17688.806403
-14.624924,499,17699.524281
-14.340857,499,17706.874507
-16.317192,499,17716.100444
-15.228191,499,17724.801096
-15.663791,499,17732.698135
-15.388568,499,17739.469814
-14.321401,499,17746.290417
-13.39395,499,17753.010207
-14.741678,499,17759.772342
-14.402974,499,17767.798411
-14.775923,499,17774.542423
-14.624162,499,17782.307651
-14.553499,499,17791.021685
-14.00519,499,17803.313585
-14.428551,499,17816.910102
-14.940911,499,17827.535906
-15.132361,499,17837.995778
-14.771852,499,17848.776967
-14.822186,499,17858.622807
-14.16363,499,17879.001995
-13.724561,499,17889.101608
-13.498861,499,17899.598632
-15.153663,499,17906.473169
-15.064664,499,17914.693973
-15.354724,499,17924.761333
-14.40987,499,17931.575973
-15.331619,499,17941.140743
-13.75903,499,17951.351346
-14.92258,499,17961.602817
-15.423768,499,17972.772959
-15.036306,499,17981.046945
-15.019222,499,17988.808489
-14.142312,499,17997.735049
-15.023795,499,18007.236259
-15.296938,499,18019.099088
-14.193719,499,18031.064587
-14.020064,499,18043.140753
-15.147716,499,18050.325186
-15.281846,499,18059.113039
-14.931371,499,18087.096074
-15.460415,499,18117.623207
-13.810481,499,18144.802685
-14.761999,499,18167.053657
-14.776893,499,18179.010749
-14.747328,499,18191.936054
-13.774097,499,18212.549414
-14.997189,499,18226.760637
-15.625341,499,18239.629632
-15.186473,499,18250.408602
-15.310511,499,18261.539253
-14.1661,499,18271.278769
-15.845469,499,18282.058893
-15.147314,499,18293.533555
-14.086979,499,18303.267161
-14.333929,499,18313.920827
-14.998015,499,18323.553545
-14.279507,499,18333.343077
-13.249126,499,18343.038094
-13.825803,499,18353.880906
-15.207643,499,18367.404427
-15.284294,499,18376.752224
-14.828044,499,18388.042073
-13.931954,499,18399.907294
-14.41124,499,18410.482991
-14.560992,499,18424.498069
-14.886152,499,18436.097692
-15.121521,499,18444.58281
-14.985279,499,18454.886635
-14.930852,499,18465.437775
-14.566354,499,18478.516289
-14.790376,499,18489.285285
-15.652053,499,18499.264653
-14.775085,499,18506.251244
-14.074444,499,18515.933396
-15.474158,499,18527.004153
-15.434599,499,18535.557569
-14.231469,499,18543.870368
-15.369261,499,18553.006049
-14.77165,499,18560.823768
-15.323417,499,18572.222845
-15.788132,499,18579.981584
-14.938728,499,18586.751838
-16.139765,499,18593.541906
-13.999957,499,18600.259156
-15.105226,499,18608.256151
-15.344182,499,18614.987496
-15.703022,499,18623.348493
-14.716278,499,18631.162397
-15.106051,499,18640.04684
-15.098864,499,18653.333484
-14.544208,499,18663.933027
-15.375988,499,18673.989385
-15.716657,499,18686.358009
-15.361757,499,18698.104785
-15.405662,499,18712.323167
-15.154079,499,18723.325675
-15.129035,499,18733.431754
-15.786072,499,18743.723814
-15.163049,499,18755.013133
-15.818308,499,18766.227333
-15.380142,499,18774.339585
-15.13352,499,18781.110643
-14.276181,499,18787.870432
-14.468888,499,18796.333579
-15.190161,499,18808.100639
-14.332651,499,18822.438672
-15.116194,499,18838.162776
-15.171945,499,18849.161399
-15.024471,499,18860.544433
-14.760733,499,18872.89045
-13.890947,499,18880.84349
-14.954399,499,18887.546938
-14.725903,499,18894.899554
-14.42821,499,18902.163135
-14.904836,499,18911.134258
-15.324405,499,18932.393934
-14.343838,499,18959.320775
-15.161565,499,18991.903273
-14.169637,499,19011.441887
-14.815504,499,19022.382811
-14.593662,499,19031.443833
-15.939582,499,19039.469298
-15.510828,499,19046.26126
-15.716697,499,19055.481368
-15.134765,499,19064.3207
-14.727149,499,19073.97261
-14.364897,499,19083.563882
-15.326075,499,19100.687992
-14.4069,499,19127.751082
-14.263369,499,19152.173897
-15.094501,499,19166.458684
-14.428977,499,19179.028202
-14.337459,499,19191.552133
-14.760868,499,19213.700513
-14.967859,499,19245.524656
-14.750304,499,19275.990268
-14.568497,499,19308.63927
-14.997704,499,19332.081903
-13.954321,499,19352.979558
-14.303212,499,19369.238673
-13.362372,499,19395.97507
-14.595667,499,19423.47699
-14.23571,499,19443.069416
-15.073967,499,19458.684472
-15.489758,499,19474.92852
-14.806266,499,19496.212344
-14.53176,499,19526.595109
-15.184212,499,19557.020112
-15.266466,499,19581.831455
-15.586523,499,19611.414368
-14.949602,499,19631.943987
-14.936096,499,19643.282765
-15.003529,499,19652.750459
-14.969816,499,19662.733675
-15.035879,499,19695.312181
-14.823514,499,19721.470869
-15.121677,499,19735.957965
-15.222148,499,19748.509155
-16.182894,499,19760.103896
-15.013156,499,19775.077785
-15.481337,499,19805.485454
-14.293014,499,19835.876473
-14.858785,499,19861.019021
-15.034299,499,19884.101759
-14.236948,499,19903.136226
-14.849237,499,19913.610971
-15.385161,499,19922.140051
-15.682625,499,19929.455402
-15.467336,499,19939.096922
-14.313177,499,19949.683229
-15.181094,499,19959.745171
-15.26235,499,19969.987161
-13.986069,499,19979.289858
-14.920985,499,19988.258095
-15.412072,499,20001.05424
-14.518138,499,20010.929829
-14.351097,499,20020.760655
-14.299936,499,20032.479058
-14.750676,499,20042.001585
-15.740097,499,20053.045685
-14.537916,499,20063.050559
-14.570304,499,20075.214386
-14.489276,499,20087.239106
-15.340579,499,20098.334008
-14.846295,499,20109.255358
-15.45133,499,20120.119146
-15.018705,499,20136.965503
-14.835807,499,20148.440914
-14.83244,499,20158.179056
-14.428076,499,20169.041713
-16.134908,499,20181.077898
-14.808862,499,20192.858325
-14.307485,499,20213.732522
-16.077303,499,20229.430384
-15.476634,499,20257.654218
-14.818098,499,20283.217691
-14.328341,499,20300.805721
-15.255151,499,20309.360357
-14.705666,499,20318.499777
-15.382652,499,20328.471943
-15.058393,499,20338.256903
-15.571618,499,20344.998696
-15.299821,499,20356.759596
-14.642598,499,20368.757634
-16.017771,499,20382.112724
-15.855401,499,20393.890713
-14.776819,499,20404.056777
-15.10747,499,20414.085568
-15.596396,499,20427.36655
-14.991806,499,20440.832262
-14.810465,499,20450.238071
-14.865759,499,20458.961879
-15.807862,499,20468.154123
-14.648442,499,20477.758678
-14.997425,499,20493.231071
-14.361905,499,20502.214371
-14.895475,499,20512.131697
-15.114871,499,20524.720052
-15.034643,499,20535.234313
-15.709432,499,20548.892014
-14.776286,499,20560.652704
-13.788696,499,20576.940316
-14.320725,499,20587.212258
-14.411999,499,20596.77877
-14.497001,499,20606.664461
-14.488508,499,20616.676443
-14.634312,499,20624.922841
-14.447663,499,20635.10691
-14.839169,499,20649.309245
-14.227121,499,20661.965382
-14.785792,499,20674.095985
-14.570238,499,20686.019806
-14.025483,499,20694.890329
-15.249204,499,20706.178857
-14.020568,499,20718.037523
-15.308646,499,20726.28511
-14.757148,499,20736.165007
-14.488478,499,20747.273343
-14.230196,499,20755.899359
-14.659433,499,20773.3066
-15.275102,499,20782.242488
-15.759118,499,20792.368929
-14.856179,499,20801.264012
-15.129194,499,20812.67803
-14.823963,499,20827.773777
-14.005072,499,20840.582148
-14.503438,499,20851.520186
-14.368749,499,20860.264658
-14.829036,499,20866.921168
-14.761802,499,20874.823246
-15.07604,499,20883.364691
-13.883942,499,20892.593541
-14.744441,499,20901.644698
-14.748761,499,20912.709852
-15.145229,499,20927.175693
-14.633495,499,20938.926981
-14.401119,499,20949.623557
-14.511806,499,20960.671822
-14.16329,499,20971.982804
-13.695281,499,20995.382932
-14.25564,499,21022.803246
-14.247165,499,21045.398363
-15.031188,499,21066.402258
-15.162369,499,21082.171458
-14.760547,499,21104.606369
-14.867758,499,21114.400512
-14.486852,499,21126.065456
-15.271108,499,21136.912013
-15.461522,499,21147.641248
-15.40929,499,21157.959297
-14.762631,499,21167.54456
-14.852814,499,21175.978537
-15.326333,499,21185.987913
-15.879742,499,21194.132535
-15.12767,499,21211.776237
-15.686156,499,21220.816921
-14.534143,499,21229.067188
-15.974808,499,21237.525359
-15.269195,499,21245.717497
-15.672711,499,21257.080962
-14.868582,499,21266.300654
-14.78297,499,21275.090735
-14.845966,499,21285.12459
-14.05116,499,21306.928292
-14.736187,499,21329.444778
-14.737945,499,21343.643544
-15.507847,499,21355.579679
-15.602797,499,21365.348524
-14.671843,499,21374.487386
-14.754622,499,21386.561112
-15.587109,499,21400.045679
-14.183945,499,21410.788455
-14.647732,499,21421.208515
-14.710545,499,21432.381385
-14.309172,499,21441.816805
-14.590715,499,21452.595682
-13.92602,499,21459.962851
-14.728632,499,21471.807251
-14.451151,499,21479.766659
-15.7211,499,21492.608354
-15.290256,499,21503.529497
-14.862903,499,21515.472623
-14.237594,499,21537.03573
-15.178895,499,21565.27735
-15.68758,499,21580.030247
-14.854688,499,21588.331837
-15.163469,499,21596.88799
-14.845788,499,21606.086653
-15.104392,499,21612.980744
-15.319851,499,21623.66417
-14.299168,499,21631.343574
-14.892275,499,21638.131352
-15.268548,499,21644.856386
-14.923234,499,21651.635164
-14.933276,499,21663.798663
-13.971048,499,21675.651155
-15.012706,499,21686.653141
-14.303541,499,21694.838357
-15.249003,499,21703.48434
-14.422068,499,21715.211668
-14.998715,499,21725.556274
-15.453494,499,21735.39876
-14.099198,499,21743.627557
-16.1493,499,21751.10982
-14.79253,499,21760.165313
-14.034929,499,21771.914629
-15.730728,499,21781.068
-15.215765,499,21791.584181
-15.015587,499,21803.476226
-14.525318,499,21815.126203
-14.643359,499,21823.534601
-15.387821,499,21833.413825
-15.572065,499,21842.690911
-14.478765,499,21849.779157
-14.103949,499,21861.504498
-15.80163,499,21870.309623
-14.877661,499,21886.939586
-14.863989,499,21897.308363
-16.378373,499,21909.568884
-14.952834,499,21920.269507
-14.906804,499,21930.156025
-14.571735,499,21939.877091
-14.151877,499,21958.628202
-14.533834,499,21984.553775
-14.489957,499,21997.821174
-15.030976,499,22006.70389
-15.118696,499,22014.27418
-14.82195,499,22023.530668
-14.211746,499,22030.267981
-14.365844,499,22040.222005
-14.8013,499,22048.89854
-14.325883,499,22060.401968
-14.867914,499,22072.392368
-14.762315,499,22082.85305
-14.959723,499,22094.762439
-14.863994,499,22104.035429
-14.782046,499,22114.405731
-14.5852,499,22123.779561
-14.58271,499,22131.163882
-14.8113,499,22142.48231
-15.885241,499,22152.874084
-14.907968,499,22165.278113
-14.981648,499,22174.850279
-14.875805,499,22185.383328
-14.653795,499,22197.293229
-12.836632,499,22206.922462
-14.995931,499,22216.813603
-15.170803,499,22225.965414
-14.781536,499,22241.628906
-15.733447,499,22253.881232
-14.010404,499,22264.014987
-14.587027,499,22273.438762
-14.535643,499,22282.137286
-15.421415,499,22288.891402
-15.152048,499,22296.869169
-14.695465,499,22303.726736
-14.915682,499,22310.50772
-13.878611,499,22317.233543
-13.895981,499,22326.547153
-13.627636,499,22338.216409
-15.491614,499,22347.153816
-15.478922,499,22356.021434
-15.285153,499,22365.104814
-14.31749,499,22374.371512
-14.75775,499,22385.220954
-14.123394,499,22394.413984
-15.189894,499,22407.898654
-15.992607,499,22417.684442
-15.573216,499,22427.140602
-14.899894,499,22437.50334
-14.679472,499,22447.702033
-14.768778,499,22457.872034
-15.482913,499,22465.868187
-14.241198,499,22474.629821
-14.834035,499,22483.074412
-15.492704,499,22489.820603
-15.261335,499,22497.923712
-14.599297,499,22508.361639
-16.026906,499,22520.709414
-14.106146,499,22534.686753
-15.057842,499,22543.827237
-15.14895,499,22554.219421
-14.419469,499,22565.454646
-13.938904,499,22575.138348
-14.779879,499,22586.348557
-15.767117,499,22597.292564
-14.90059,499,22607.418257
-14.979986,499,22617.699456
-13.983314,499,22632.307652
-15.266929,499,22646.302954
-14.885509,499,22658.623179
-13.99702,499,22668.753084
-15.070221,499,22679.959178
-14.926474,499,22697.767762
-14.312411,499,22724.081761
-13.319504,499,22735.382572
-14.757386,499,22743.893956
-14.732692,499,22755.119439
-15.532738,499,22767.108241
-14.830741,499,22775.745763
-13.977817,499,22783.62676
-14.397166,499,22797.453941
-14.183181,499,22825.69348
-14.83967,499,22835.103137
-14.391924,499,22848.315114
-14.907441,499,22855.023551
-14.730145,499,22861.674329
-14.455771,499,22868.818114
-15.014451,499,22875.376887
-15.07783,499,22885.461922
-15.146526,499,22895.096103
-14.384845,499,22905.701892
-15.284796,499,22917.144691
-14.620921,499,22926.859179
-13.488618,499,22940.665931
-15.102624,499,22971.030061
-13.984695,499,22984.330479
-14.93411,499,22996.919404
-14.549297,499,23005.249165
-14.677358,499,23015.956146
-15.909951,499,23024.767544
-14.046556,499,23031.787168
-15.673812,499,23041.617474
-14.265241,499,23049.23262
-15.228914,499,23059.495373
-14.733747,499,23069.274317
-14.66317,499,23080.5828
-14.881382,499,23092.070085
-14.550365,499,23102.918937
-14.709434,499,23115.99927
-15.395681,499,23134.564418
-14.670309,499,23144.225007
-14.679421,499,23154.024202
-14.964857,499,23163.79476
-15.127503,499,23174.576449
-14.943348,499,23184.432631
-14.984334,499,23195.987568
-15.344468,499,23204.792537
-15.656327,499,23214.020597
-14.716806,499,23225.782809
-14.408649,499,23241.07721
-14.315853,499,23264.004469
-14.617935,499,23274.333315
-14.059211,499,23283.247501
-14.698189,499,23294.674158
-15.048977,499,23307.378622
-14.979469,499,23314.292065
-13.93307,499,23322.686655
-14.550175,499,23332.856592
-14.359935,499,23343.539433
-14.333346,499,23353.353067
-14.455651,499,23364.340522
-14.54526,499,23374.068741
-14.51369,499,23385.092909
-14.457854,499,23398.582314
-14.859232,499,23417.166465
-14.735225,499,23426.804065
-14.563197,499,23435.77762
-14.574192,499,23445.195862
-15.599687,499,23452.628375
-15.312801,499,23461.55771
-15.345661,499,23472.945741
-14.546829,499,23501.062297
-14.27252,499,23527.975743
-13.634732,499,23549.209601
-15.34374,499,23573.222376
-14.385431,499,23587.864062
-14.887826,499,23598.154912
-14.506933,499,23609.375282
-14.689124,499,23616.536628
-13.893081,499,23624.504623
-15.152245,499,23631.310771
-15.197444,499,23638.429932
-15.011243,499,23656.104706
-14.472741,499,23670.3144
-14.971583,499,23680.429361
-14.307382,499,23692.330687
-14.010444,499,23701.278432
-13.900709,499,23710.466093
-14.874851,499,23718.434556
-14.324539,499,23727.606897
-14.748706,499,23737.500878
-14.198255,499,23746.877055
-14.990621,499,23756.358893
-14.335929,499,23766.068747
-14.881382,499,23779.174795
-15.545541,499,23790.316157
-15.182248,499,23799.004533
-15.396559,499,23809.841528
-14.884189,499,23821.317815
-15.036112,499,23833.642319
-14.777921,499,23845.26097
-15.124333,499,23856.355337
-14.549167,499,23866.220176
-14.933896,499,23874.640288
-15.579129,499,23882.79443
-15.538364,499,23891.678562
-15.043081,499,23898.794254
-14.588175,499,23905.613898
-14.424473,499,23916.2255
-15.153227,499,23928.33316
-14.847035,499,23939.842693
-14.100497,499,23951.774566
-15.120946,499,23963.024629
-14.955919,499,23973.054646
-16.18128,499,23983.274024
-15.585153,499,23990.083441
-14.088358,499,23996.957939
-15.392722,499,24003.750503
-15.0437,499,24012.693389
-14.137885,499,24023.446737
-15.035567,499,24033.981468
-15.819805,499,24044.271664
-14.630521,499,24053.298577
-14.22647,499,24062.726967
-14.935637,499,24074.490788
-15.300166,499,24091.785358
-14.97445,499,24102.748302
-14.3754,499,24113.964648
-15.154404,499,24125.312588
-14.670171,499,24138.831965
-15.194235,499,24150.568137
-14.807614,499,24165.257173
-14.764422,499,24184.577866
-15.438571,499,24199.867837
-15.087067,499,24226.329771
-15.309673,499,24253.666458
-14.92687,499,24274.88294
-15.512281,499,24290.561994
-15.942625,499,24306.260736
-15.025276,499,24326.217446
-16.117425,499,24356.80245
-15.940282,499,24372.080375
-14.591399,499,24399.549681
-15.151492,499,24408.701469
-15.551612,499,24419.733458
-15.272324,499,24429.801907
-15.420957,499,24447.993147
-14.841411,499,24465.198668
-15.514723,499,24476.10817
-15.10125,499,24488.485325
-16.274707,499,24511.154675
-14.873734,499,24520.284992
-15.889851,499,24529.352853
-15.383405,499,24538.685334
-15.068189,499,24552.034537
-15.079824,499,24561.650721
-15.427076,499,24571.278832
-16.446785,499,24580.888356
-15.825421,499,24590.326719
-15.777474,499,24600.030844
-15.313172,499,24617.469662
-15.58042,499,24626.732716
-15.357875,499,24635.503207
-15.714847,499,24644.429293
-15.280664,499,24656.872909
-16.28502,499,24665.881079
-16.121551,499,24674.955597
-15.903573,499,24683.648005
-15.421794,499,24695.390395
-15.220788,499,24707.218565
-15.16694,499,24715.582814
-15.290629,499,24726.095187
-15.667683,499,24736.08432
-15.562233,499,24748.129327
-15.913329,499,24758.157151
-15.868739,499,24768.319487
-15.325674,499,24777.268938
-15.45918,499,24790.694582
-15.214651,499,24806.536253
-15.448643,499,24818.109592
-15.659151,499,24837.094371
-15.352126,499,24850.279879
-16.396589,499,24863.012532
-16.201785,499,24873.759396
-16.060227,499,24884.217185
-15.418328,499,24895.707876
-15.745936,499,24904.7421
-16.657599,499,24914.109847
-16.114541,499,24923.377884
-16.558094,499,24937.120247
-16.104486,499,24948.887469
-16.244658,499,24959.246836
-15.179689,499,24967.68943
-15.077217,499,24974.976729
-15.898528,499,24986.215076
-16.085846,499,24995.206147
-16.282671,499,25004.116652
-16.095481,499,25014.852533
-15.636368,499,25023.563837
-16.152052,499,25034.369459
-16.12952,499,25041.202054
-16.969943,499,25050.586232
-15.566734,499,25059.328125
-15.989783,499,25069.972932
-15.05045,499,25082.614691
-15.023734,499,25094.298037
-14.42711,499,25105.407973
-15.347653,499,25117.730349
-15.613671,499,25127.689477
-16.057088,499,25138.17906
-15.754327,499,25144.855623
-15.48442,499,25155.227286
-15.529988,499,25165.445721
-15.401425,499,25177.563741
-16.067663,499,25192.625123
-17.495929,499,25206.380974
-16.538129,499,25220.822802
-15.924373,499,25234.826421
-15.627863,499,25246.345718
-15.69599,499,25260.598582
-16.259122,499,25274.269516
-16.126496,499,25284.993813
-16.443457,499,25296.528102
-15.368692,499,25306.623262
-16.914624,499,25320.695322
-15.55841,499,25335.711464
-16.03229,499,25344.559135
-15.339297,499,25354.711667
-15.050264,499,25366.59145
-15.808813,499,25380.763491
-15.296871,499,25397.15373
-15.975158,499,25408.355818
-15.960979,499,25421.341798
-16.575329,499,25434.383748
-16.252958,499,25448.915053
-15.180028,499,25462.779357
-15.578673,499,25475.791094
-16.208768,499,25486.670965
-15.585722,499,25499.507019
-15.595154,499,25513.774992
-15.7617,499,25525.91982
-15.665767,499,25536.565198
-15.01315,499,25548.17184
-14.968948,499,25562.099286
-15.413496,499,25573.090108
-14.829185,499,25583.781835
-15.813848,499,25595.043327
-15.08044,499,25605.558131
-15.600659,499,25619.173782
-14.773443,499,25633.216099
-15.013483,499,25644.438753
-15.19725,499,25655.733856
-15.094689,499,25668.910485
-15.120971,499,25680.585283
-15.47631,499,25693.547548
-15.284731,499,25703.864129
-15.369527,499,25717.594173
-15.932891,499,25730.22223
-15.549652,499,25743.495303
-16.161389,499,25757.09318
-15.985019,499,25768.759439
-15.190979,499,25780.16258
-15.121629,499,25791.854252
-15.169058,499,25805.117197
-14.969868,499,25819.265107
-15.103873,499,25831.126849
-14.953584,499,25842.993369
-15.231571,499,25854.485473
-15.108107,499,25865.937577
-15.501111,499,25877.919592
-16.227239,499,25886.997258
-15.039948,499,25898.943909
-15.206298,499,25911.404692
-15.631506,499,25921.451147
-15.788571,499,25937.402725
-15.526645,499,25952.003249
-15.524708,499,25963.295616
-14.909546,499,25974.076504
-16.31127,499,25984.762972
-15.571086,499,25995.642698
-14.938508,499,26009.387326
-14.527757,499,26020.519728
-15.814754,499,26034.391793
-14.953535,499,26047.361759
-15.524423,499,26061.8832
-16.569686,499,26073.425451
-16.119127,499,26084.546096
-14.964029,499,26095.524613
-14.715857,499,26106.339771
-14.237187,499,26119.34103
-14.728258,499,26131.408052
-15.185834,499,26144.737051
-15.449837,499,26157.407564
-15.421049,499,26169.636329
-15.094225,499,26182.435479
-14.807742,499,26193.986415
-14.128799,499,26202.600964
-14.821042,499,26211.316542
-14.122645,499,26224.426637
-15.495146,499,26237.309582
-14.793327,499,26248.562441
-15.277111,499,26260.659075
-15.209722,499,26273.556168
-14.730202,499,26284.270925
-14.493898,499,26296.218345
-14.450296,499,26306.504922
-15.102938,499,26317.405172
-15.881644,499,26326.850852
-15.192796,499,26338.739111
-15.406104,499,26353.001431
-14.703705,499,26364.757048
-14.550899,499,26375.371984
-14.066021,499,26387.024234
-14.427387,499,26398.396612
-14.942427,499,26411.410828
-15.208213,499,26421.979012
-15.372085,499,26435.707628
-14.183258,499,26449.385052
-14.900536,499,26463.754038
-14.788534,499,26478.353337
-15.640147,499,26492.776587
-14.327945,499,26501.328552
-14.202149,499,26511.671062
-14.910627,499,26522.885838
-14.00151,499,26536.935398
-13.353629,499,26551.285842
-13.892691,499,26563.692283
-15.345896,499,26573.686575
-15.439655,499,26585.046352
-14.996202,499,26598.181659
-15.02369,499,26612.307767
-14.920409,499,26625.606647
-14.128467,499,26636.056624
-15.549077,499,26648.669588
-16.193239,499,26661.198347
-16.001111,499,26673.030334
-14.823691,499,26685.22454
-14.83714,499,26696.597837
-14.768482,499,26710.740544
-15.534395,499,26724.683493
-14.341357,499,26737.001925
-14.918282,499,26751.341193
-14.689513,499,26763.845327
-15.934533,499,26775.779759
-14.947935,499,26788.182811
-15.424564,499,26801.26044
-15.283163,499,26814.264759
-14.050397,499,26826.817814
-15.243276,499,26841.332788
-14.63371,499,26855.238189
-14.919128,499,26865.272408
-14.836035,499,26874.616209
-16.298945,499,26884.220666
-15.394604,499,26891.866091
-15.025889,499,26904.532979
-15.055411,499,26920.7749
-15.950649,499,26933.843138
-15.371712,499,26947.77087
-14.477383,499,26958.745515
-15.302561,499,26971.106242
-14.297475,499,26983.198617
-14.418228,499,26997.160159
-13.350195,499,27010.596536
-14.928848,499,27025.737666
-14.731579,499,27039.375709
-15.819312,499,27050.072806
-14.88231,499,27059.449158
-14.711122,499,27067.713659
-14.703968,499,27077.409214
-14.537658,499,27087.632499
-15.054943,499,27098.898966
-14.44418,499,27109.657576
-15.061084,499,27122.261673
-14.551092,499,27135.361142
-14.909755,499,27148.548784
-14.810265,499,27160.538252
-15.087964,499,27171.861182
-15.768934,499,27185.951853
-14.739344,499,27197.920366
-15.739266,499,27210.369084
-14.486691,499,27222.266779
-14.585259,499,27235.456726
-15.767047,499,27247.443684
-14.458115,499,27257.217609
-15.28271,499,27272.49351
-14.400431,499,27285.012784
-14.559325,499,27299.445489
-15.836819,499,27310.105328
-13.666559,499,27320.625209
-15.002611,499,27331.979967
-14.918192,499,27344.553583
-14.926914,499,27353.63444
-15.170467,499,27363.939468
-14.74191,499,27374.472062
-14.653409,499,27387.619288
-14.232866,499,27398.65714
-15.263647,499,27409.736063
-15.587289,499,27420.41362
-15.390904,499,27434.989302
-15.118302,499,27450.286135
-14.667495,499,27461.769578
-15.099857,499,27475.123604
-14.771429,499,27485.199135
-15.143139,499,27497.591497
-16.000453,499,27509.737499
-15.325842,499,27520.838049
-14.818296,499,27532.953136
-14.035351,499,27545.112674
-13.905864,499,27556.271305
-14.348811,499,27569.445264
-14.300718,499,27580.569277
-14.94465,499,27591.387652
-14.95399,499,27603.532671
-15.116852,499,27614.164465
-14.444974,499,27626.911435
-14.515829,499,27641.333568
-14.909994,499,27654.983768
-14.377953,499,27666.106004
-15.017709,499,27677.018871
-14.624122,499,27692.65751
-14.611432,499,27705.284706
-15.014138,499,27715.76131
-15.481558,499,27727.628033
-14.335032,499,27738.138572
-15.210241,499,27748.444073
-14.399648,499,27759.043832
-15.723005,499,27768.050447
-16.111494,499,27779.617748
-15.294095,499,27790.557911
-15.400183,499,27804.802382
-14.905853,499,27817.547113
-13.417881,499,27828.607243
-15.225155,499,27838.595227
-15.031395,499,27850.514189
-15.078569,499,27864.54161
-15.374893,499,27878.744487
-14.635955,499,27889.984054
-14.252146,499,27901.803912
-15.388934,499,27912.676647
-15.370248,499,27926.699931
-15.552418,499,27936.232806
-14.567566,499,27946.253722
-14.752532,499,27958.056299
-14.192846,499,27968.826864
-14.238883,499,27981.515133
-13.408833,499,27993.667054
-15.536807,499,28004.46423
-14.839582,499,28014.534515
-14.977372,499,28024.444045
-14.677923,499,28034.726064
-15.09982,499,28047.178543
-14.468088,499,28056.330544
-14.841075,499,28067.670198
-15.669737,499,28078.739306
-15.347386,499,28090.922414
-15.342217,499,28102.858634
-14.462936,499,28114.597964
-14.83043,499,28126.547376
-15.470502,499,28136.524129
-15.489651,499,28148.706326
-14.843215,499,28161.842805
-15.287538,499,28173.208004
-15.538248,499,28184.084821
-15.8104,499,28194.731457
-15.54029,499,28207.127183
-14.40427,499,28215.033309
-14.694501,499,28223.499673
-14.881903,499,28235.129702
-14.206292,499,28246.181863
-14.027801,499,28258.045748
-14.970839,499,28270.586463
-15.153345,499,28281.264493
-14.85662,499,28293.268761
-15.298612,499,28305.709551
-14.284376,499,28319.668604
-15.408912,499,28332.999004
-15.005055,499,28343.236233
-14.01558,499,28350.687897
-15.364927,499,28363.250455
-15.016695,499,28375.168065
-14.685849,499,28387.635574
-13.83364,499,28400.891666
-14.859712,499,28413.588101
-15.073813,499,28425.570375
-15.21836,499,28438.123797
-14.1803,499,28449.399668
-14.588231,499,28461.695228
-14.451546,499,28473.823964
-15.209348,499,28484.620584
-14.821059,499,28496.946172
-14.930584,499,28507.17406
-15.027303,499,28516.792732
-14.93586,499,28529.907545
-14.586678,499,28541.18224
-14.765149,499,28555.341994
-15.034711,499,28567.277048
-15.36342,499,28579.246528
-14.582926,499,28592.067457
-15.622216,499,28602.627014
-15.137386,499,28613.496848
-14.161071,499,28623.871964
-14.788318,499,28634.210625
-14.502943,499,28644.499655
-14.844618,499,28655.397639
-15.674342,499,28667.556262
-14.613966,499,28680.635011
-15.774966,499,28692.794284
-14.459376,499,28704.852832
-15.373463,499,28719.419538
-14.197811,499,28733.271526
-15.451735,499,28746.71994
-14.682606,499,28759.094635
-15.147145,499,28770.177992
-14.799503,499,28780.537416
-15.407185,499,28791.050413
-15.366305,499,28800.609929
-15.358235,499,28808.17978
-15.082841,499,28820.534947
-15.232255,499,28832.603956
-14.70275,499,28849.099384
-14.944107,499,28863.061819
-15.82739,499,28875.501719
-14.600815,499,28883.918268
-15.77703,499,28891.876176
-15.208032,499,28903.731499
-15.01929,499,28918.293046
-14.350117,499,28926.280186
-14.564817,499,28939.055733
-14.745269,499,28950.210698
-14.327167,499,28962.896099
-14.584927,499,28973.899193
-15.035568,499,28985.908195
-15.511013,499,28996.57513
-14.356949,499,29008.355963
-14.44587,499,29020.973841
-15.066087,499,29034.412712
-14.333213,499,29046.046966
-14.346627,499,29056.149258
-14.439077,499,29066.330168
-14.633017,499,29078.799779
-14.689179,499,29089.240778
-15.532598,499,29097.349747
-14.353382,499,29109.056574
-14.763178,499,29119.672079
-14.485052,499,29133.350107
-15.473924,499,29145.494317
-14.930778,499,29156.345614
-15.377253,499,29167.988993
-15.169199,499,29176.399936
-14.748571,499,29185.162036
-14.11327,499,29192.448475
-14.725737,499,29199.57786
-14.433864,499,29206.435764
-15.09133,499,29212.929981
-15.215397,499,29223.389503
-14.496319,499,29238.43467
-14.363003,499,29251.634235
-14.902824,499,29263.258372
-15.189691,499,29274.690836
-14.962972,499,29287.413823
-14.320315,499,29298.732683
-14.756332,499,29312.601901
-14.033844,499,29324.34928
-14.256301,499,29337.998832
-13.488658,499,29350.94753
-15.076691,499,29362.647384
-14.475788,499,29370.351621
-15.330472,499,29382.146833
-15.167486,499,29394.697146
-14.553233,499,29411.826029
-14.229501,499,29425.703385
-14.754668,499,29437.890681
-14.868292,499,29448.643727
-15.86693,499,29458.704979
-15.688286,499,29471.448869
-15.0994,499,29488.176548
-14.937309,499,29502.839823
-14.771007,499,29515.273547
-14.935755,499,29526.231855
-14.904235,499,29538.70678
-15.700685,499,29553.020409
-14.874057,499,29566.780714
-16.27574,499,29578.092634
-14.313815,499,29589.650598
-15.205894,499,29601.247021
-14.727199,499,29614.424312
-14.57215,499,29628.64854
-15.016778,499,29641.455614
-13.729884,499,29654.800721
-14.3848,499,29662.74548
-14.872846,499,29674.321743
-15.602502,499,29685.905809
-15.328056,499,29698.744499
-14.117974,499,29710.110992
-14.748631,499,29722.049573
-15.034448,499,29733.980648
-14.121938,499,29745.798186
-15.377539,499,29756.643414
-15.177017,499,29764.88682
-14.561599,499,29776.323724
-14.523643,499,29787.890055
-14.328756,499,29797.686845
-14.612085,499,29809.650007
-15.283877,499,29822.331879
-14.843562,499,29835.210231
-14.572873,499,29848.986637
-14.536753,499,29860.365848
-14.472844,499,29873.834625
-14.639119,499,29883.472568
-14.567297,499,29895.282651
-14.923082,499,29908.265043
-14.704677,499,29920.01393
-14.717701,499,29931.566973
-14.591677,499,29943.144521
-15.315252,499,29952.773546
-14.678161,499,29966.170532
-14.277602,499,29978.256206
-15.781838,499,29989.272076
-15.266529,499,30000.969713
-14.425463,499,30013.71167
-14.051948,499,30030.301516
-15.11317,499,30040.589425
-14.544421,499,30052.385713
-15.41971,499,30066.080927
-14.508754,499,30079.378736
-14.550026,499,30095.209573
-14.619355,499,30107.166259
-14.213921,499,30119.31621
-14.822102,499,30131.504412
-14.744309,499,30143.835245
-14.194815,499,30158.219417
-15.094003,499,30168.5343
-15.14132,499,30180.038022
-14.686073,499,30193.391665
-15.267077,499,30205.909218
-14.929879,499,30219.485951
-14.968341,499,30230.867096
-14.54238,499,30244.465801
-15.25485,499,30256.077753
-14.089758,499,30267.984484
-15.29153,499,30280.104327
-14.967991,499,30293.009351
-14.904093,499,30306.137046
-16.03512,499,30318.614728
-15.307081,499,30328.592277
-14.363544,499,30338.468908
-14.608586,499,30346.4773
-14.416287,499,30357.027381
-14.383009,499,30367.481483
-14.291655,499,30380.061558
-14.606261,499,30392.543391
-14.472024,499,30404.21176
-14.443135,499,30415.315734
-14.18361,499,30427.426583
-14.236694,499,30439.37014
-15.10712,499,30451.436584
-13.485521,499,30461.09764
-15.602372,499,30474.212326
-13.985004,499,30486.167891
-15.196297,499,30496.970574
-14.681492,499,30510.311451
-14.227669,499,30522.176374
-14.192899,499,30531.171439
-14.681222,499,30540.183405
-15.465579,499,30554.715487
-15.601844,499,30567.190712
-15.949277,499,30577.820051
-15.62178,499,30589.211586
-14.815068,499,30599.565948
-14.685767,499,30611.08143
-13.806283,499,30623.161965
-13.965799,499,30632.158891
-14.862041,499,30639.191808
-15.15508,499,30650.013563
-15.183814,499,30656.89146
-14.21903,499,30673.958295
-14.695,499,30686.135744
-14.442498,499,30698.59208
-15.49927,499,30710.253468
-14.443518,499,30722.22438
-13.963758,499,30735.060163
-14.717303,499,30747.528183
-13.812633,499,30761.865699
-13.472214,499,30773.178348
-14.464702,499,30784.633225
-14.503708,499,30797.735765
-14.914883,499,30808.916024
-14.857002,499,30821.023415
-14.567436,499,30832.70457
-14.690558,499,30844.300973
-14.042506,499,30857.406849
-14.822364,499,30869.560269
-15.211314,499,30880.821071
-15.738773,499,30893.166349
-14.972594,499,30904.010499
-14.865235,499,30916.679278
-14.86166,499,30925.563694
-15.070809,499,30935.553807
-14.840757,499,30944.26945
-15.033638,499,30955.497614
-14.763135,499,30971.841426
-16.036695,499,30984.824277
-14.611442,499,30996.99448
-15.08551,499,31008.146172
-14.72997,499,31019.488097
-14.601697,499,31031.856352
-15.066282,499,31044.626622
-14.28989,499,31057.617869
-14.10826,499,31070.656897
-14.775576,499,31082.599065
-15.550423,499,31096.362326
-15.227978,499,31107.460824
-14.154053,499,31114.368394
-14.769017,499,31122.440908
-15.738254,499,31134.528069
-14.676866,499,31146.794999
-14.272935,499,31159.470752
-15.061406,499,31171.211506
-14.545866,499,31182.923088
-14.677408,499,31193.728666
-13.560258,499,31202.646371
-14.132617,499,31210.439928
-15.010126,499,31220.520759
-15.655355,499,31228.693145
-14.262633,499,31240.132063
-14.3054,499,31254.10129
-14.606397,499,31266.538599
-14.606686,499,31280.338502
-14.738078,499,31294.468364
-15.174881,499,31311.437608
-15.085355,499,31325.24759
-14.451601,499,31337.350529
-14.647888,499,31350.28397
-15.472719,499,31360.508363
-14.582725,499,31373.380391
-14.944943,499,31386.968545
-14.83195,499,31401.407466
-15.278931,499,31414.679563
-14.652909,499,31426.011858
-13.774414,499,31441.009213
-15.549255,499,31455.709932
-13.93015,499,31466.151706
-14.960736,499,31477.033526
-13.767046,499,31484.928924
-15.172852,499,31494.162472
-15.214443,499,31503.532695
-14.166536,499,31513.08776
-15.301328,499,31522.585077
-14.823095,499,31533.023282
-14.222716,499,31544.9105
-15.550639,499,31557.226435
-14.986432,499,31568.509238
-14.796892,499,31580.084152
-14.292666,499,31592.005629
-14.857619,499,31603.327327
-15.422522,499,31615.397688
-14.992012,499,31627.553453
-14.054006,499,31638.375085
-14.533802,499,31650.943588
-15.298052,499,31661.357166
-14.85301,499,31673.719236
-15.153473,499,31684.673016
-16.348789,499,31694.088531
-15.226618,499,31707.18479
-14.298917,499,31719.092916
-14.88608,499,31733.901226
-14.27236,499,31745.500268
-15.085149,499,31756.709062
-14.115327,499,31765.573853
-15.097091,499,31772.979178
-14.654248,499,31784.331321
-14.754732,499,31795.061521
-14.299784,499,31804.242604
-13.74103,499,31813.2771
-14.48711,499,31825.536538
-13.762121,499,31840.857712
-14.764489,499,31854.074562
-14.714912,499,31866.68404
-14.696534,499,31878.37138
-14.883436,499,31891.114585
-14.846188,499,31906.419422
-14.092541,499,31919.732581
-14.987024,499,31932.216032
-14.826911,499,31942.84418
-15.855152,499,31953.359193
-15.170477,499,31964.894603
-15.666743,499,31972.407434
-14.498221,499,31983.480237
-14.404667,499,31992.30791
-13.585501,499,32002.806098
-14.690942,499,32016.115393
-14.68275,499,32027.354842
-14.919319,499,32039.74966
-14.794101,499,32050.567125
-14.175133,499,32063.530515
-14.290682,499,32075.576492
-14.344188,499,32083.238282
-14.831544,499,32094.581302
-14.825618,499,32101.823869
-14.772013,499,32112.195624
-14.840799,499,32125.455184
-13.632288,499,32137.411326
-14.273349,499,32150.286771
-13.655187,499,32161.419135
-14.92536,499,32172.577919
-15.08289,499,32184.004199
-15.290133,499,32196.435105
-13.953967,499,32210.115717
-15.485888,499,32226.587997
-13.69324,499,32234.678108
-15.324901,499,32246.947339
-15.521657,499,32257.246475
-15.398576,499,32264.527684
-14.651816,499,32276.681926
-14.279669,499,32288.876402
-15.621295,499,32301.082775
-15.317461,499,32311.777472
-14.693756,499,32323.475306
-14.729363,499,32335.037869
-15.382632,499,32346.61287
-14.915661,499,32357.857264
-15.068537,499,32367.563112
-15.688364,499,32377.657554
-14.387118,499,32384.151759
-15.11129,499,32391.40185
-15.204208,499,32407.314416
-14.59836,499,32418.812811
-13.995023,499,32431.02793
-14.708844,499,32443.054178
-15.804438,499,32455.800748
-14.896413,499,32471.052777
-15.175407,499,32484.923034
-13.88295,499,32495.216275
-15.740134,499,32507.204424
-14.36664,499,32518.070287
-14.507591,499,32530.665804
-15.30907,499,32541.139358
-15.234981,499,32550.189006
-14.259158,499,32560.035801
-13.778344,499,32570.26223
-14.402299,499,32583.214847
-14.821146,499,32594.136706
-15.313533,499,32605.527505
-14.748165,499,32616.775296
-14.500043,499,32628.359235
-14.66252,499,32642.527157
-14.795984,499,32656.934683
-14.805265,499,32671.326826
-14.911058,499,32683.873957
-15.000571,499,32695.258231
-14.513878,499,32708.192447
-15.065386,499,32719.693081
-14.74127,499,32732.199288
-15.083203,499,32743.969432
-14.979438,499,32755.909926
-14.431416,499,32767.334189
-15.765345,499,32779.615211
-14.589788,499,32792.840537
-13.839198,499,32805.133592
-15.365349,499,32816.603671
-14.741212,499,32830.824638
-14.949201,499,32840.14125
-14.872448,499,32853.94695
-14.940866,499,32867.359466
-15.604496,499,32878.785801
-14.000817,499,32891.522219
-15.775363,499,32903.288085
-14.490081,499,32915.240673
-16.013052,499,32922.882889
-15.056377,499,32931.848835
-15.218753,499,32942.208102
-15.201836,499,32953.314978
-14.786942,499,32963.573058
-14.767175,499,32974.498028
-15.461509,499,32989.702738
-15.043105,499,33005.6119
-15.407241,499,33017.220095
-14.523923,499,33032.109324
-15.048088,499,33045.348993
-15.008131,499,33056.246666
-14.792204,499,33069.25907
-16.22828,499,33080.387596
-16.002161,499,33092.256444
-14.449996,499,33103.766737
-14.498967,499,33115.001869
-14.144837,499,33125.020048
-14.899505,499,33132.476306
-14.155333,499,33141.6724
-15.063092,499,33153.178494
-15.130626,499,33166.717033
-15.230202,499,33179.582762
-14.159293,499,33190.649859
-14.388898,499,33205.772576
-14.760138,499,33219.553849
-14.625961,499,33234.226288
-14.657116,499,33247.676452
-14.175739,499,33259.215723
-15.047421,499,33272.591952
-15.068885,499,33284.1171
-15.041075,499,33294.509972
-14.255473,499,33307.860705
-14.345276,499,33318.642997
-15.206193,499,33329.751058
-15.642229,499,33339.548351
-15.477994,499,33349.132704
-15.695325,499,33362.984252
-15.023534,499,33374.98966
-15.441727,499,33387.827156
-13.788139,499,33398.747506
-14.995387,499,33409.680871
-14.403242,499,33418.733823
-14.619675,499,33426.667412
-14.940021,499,33433.73133
-14.613723,499,33446.066416
-13.764508,499,33457.625958
-15.521316,499,33470.438134
-15.423563,499,33481.493996
-14.934875,499,33492.217567
-14.375611,499,33503.449523
-14.953434,499,33515.620307
-13.981666,499,33527.756512
-14.352705,499,33538.376182
-13.905509,499,33545.89355
-15.079844,499,33558.923223
-14.848729,499,33571.78102
-15.404132,499,33589.597651
-14.961326,499,33600.711938
-14.705635,499,33612.32673
-14.94697,499,33623.736226
-14.592059,499,33635.296132
-16.102104,499,33648.194988
-15.776473,499,33660.852948
-15.210367,499,33671.83813
-15.192743,499,33680.870603
-15.160448,499,33691.930003
-15.299522,499,33703.595364
-14.88572,499,33715.611325
-15.64688,499,33725.702551
-15.385357,499,33737.03464
-15.744083,499,33749.348456
-15.827401,499,33763.679327
-14.741046,499,33776.630808
-15.514595,499,33787.969656
-15.05244,499,33797.759437
-14.732654,499,33807.010387
-14.696991,499,33818.660313
-14.617504,499,33833.370077
-15.184178,499,33844.535557
-15.546705,499,33855.695317
-15.949907,499,33866.401351
-15.074603,499,33878.861908
-14.370116,499,33891.15683
-15.017604,499,33902.854877
-15.241196,499,33916.022724
-14.50016,499,33926.047256
-15.017468,499,33938.23652
-15.572042,499,33951.951429
-14.451559,499,33963.560987
-14.395737,499,33977.168639
-14.990868,499,33986.736852
-15.021739,499,33998.626057
-15.265864,499,34013.362556
-14.716146,499,34025.60376
-15.401878,499,34037.296944
-15.074321,499,34047.722224
-14.980844,499,34058.05474
-14.874594,499,34068.624089
-14.856392,499,34077.514072
-14.865793,499,34086.911439
-14.529602,499,34093.65397
-15.580829,499,34102.434973
-14.785455,499,34112.973185
-14.994933,499,34122.573772
-15.879451,499,34135.03232
-14.669215,499,34145.760489
-16.212982,499,34161.484854
-15.830821,499,34174.156225
-14.483687,499,34185.296062
-14.850905,499,34195.378312
-14.854186,499,34206.203685
-15.152863,499,34220.047872
-15.374368,499,34231.832518
-14.55562,499,34244.496089
-15.438783,499,34255.397361
-14.864034,499,34266.149857
-15.967993,499,34277.784044
-14.822567,499,34286.149042
-15.040293,499,34299.581161
-14.870955,499,34313.873276
-14.834459,499,34325.906794
-14.788594,499,34338.54566
-15.557993,499,34349.120994
-15.670676,499,34361.312128
-15.633348,499,34370.287269
-15.889836,499,34376.981822
-15.064474,499,34389.574162
-14.825731,499,34398.935726
-15.133335,499,34408.627095
-15.859692,499,34421.100165
-14.783495,499,34431.203322
-16.176606,499,34445.554259
-16.011208,499,34456.460003
-16.243289,499,34467.689637
-14.851733,499,34479.232451
-14.647641,499,34490.913892
-14.753594,499,34503.717029
-14.306291,499,34515.546304
-15.239394,499,34527.812003
-15.354194,499,34539.183722
-15.227593,499,34549.924085
-15.254015,499,34562.478233
-15.100226,499,34573.388761
-14.960387,499,34583.930983
-15.147558,499,34593.386906
-14.553626,499,34606.990691
-15.766776,499,34621.6639
-14.789016,499,34633.07267
-16.140461,499,34647.764891
-16.406325,499,34656.622754
-15.439954,499,34663.234842
-14.920086,499,34675.876846
-15.482626,499,34685.90561
-16.313643,499,34695.933832
-16.130299,499,34707.45257
-16.350654,499,34721.993446
-15.668632,499,34738.765354
-15.929166,499,34752.881996
-14.552398,499,34767.696381
-14.243836,499,34779.547901
-15.077431,499,34787.823586
-15.399081,499,34801.229823
-16.271881,499,34813.42442
-15.450287,499,34823.954012
-14.743744,499,34834.831505
-15.985762,499,34847.865491
-15.754006,499,34861.131196
-16.584888,499,34875.136744
-14.689005,499,34887.309344
-14.815436,499,34898.89396
-14.394234,499,34910.264285
-14.769811,499,34924.318575
-14.173079,499,34936.855056
-15.297946,499,34948.477729
-15.568531,499,34959.309211
-15.589698,499,34969.554822
-16.447551,499,34978.286459
-15.123961,499,34987.189574
-14.76078,499,34996.319989
-15.355301,499,35009.80376
-15.817993,499,35023.619678
-16.994645,499,35038.104993
-15.803745,499,35050.29343
-16.525719,499,35062.564235
-15.676693,499,35075.639174
-15.691482,499,35088.687149
-16.808793,499,35100.99374
-15.532691,499,35112.746581
-17.029571,499,35123.343482
-15.585453,499,35133.865873
-16.798193,499,35147.052864
-15.398843,499,35157.595266
-16.334584,499,35171.484874
-14.928899,499,35184.581102
-14.933721,499,35197.049525
-15.714754,499,35210.382213
-14.842515,499,35226.000046
-14.74502,499,35237.452531
-15.371144,499,35252.09089
-15.739411,499,35266.477387
-16.090223,499,35280.698596
-14.91609,499,35295.296849
-15.919744,499,35308.343819
-16.113183,499,35320.529885
-15.614763,499,35332.064666
-16.01974,499,35344.263782
-15.989459,499,35356.642422
-16.090256,499,35369.343679
-15.066272,499,35380.251654
-15.160688,499,35394.582793
-15.887402,499,35406.573856
-15.118695,499,35417.857564
