#{"t_start": 1685497388.5750358, "env_id": "quantumEnvMeasureFilter-v0"}
r,l,t
-2516.123256,499,101.219635
-1567.509386,499,202.120023
-2140.593121,499,304.855865
-2229.412862,499,408.360921
-2015.219868,499,508.475219
-1748.082972,499,853.87042
-1729.606802,499,957.079258
-2650.394567,499,1061.890378
-1895.942267,499,1164.131825
-2315.23211,499,1269.344916
-1955.204414,499,1618.49772
-3191.358567,499,1723.706128
-1909.808263,499,1828.098647
-2549.40336,499,1930.436895
-2605.752177,499,2033.852953
-2251.948922,499,2381.48986
-3222.257873,499,2487.124414
-1382.134349,499,2590.780183
-2246.968181,499,2693.339633
-2753.031714,499,2798.431724
-2362.829588,499,3146.031285
-2075.234676,499,3251.435966
-1377.009486,499,3356.020154
-2164.653853,499,3460.236004
-2539.930445,499,3566.286253
-2080.408017,499,3912.923138
-2495.693593,499,4016.209787
-1702.668715,499,4120.431852
-2214.440414,499,4225.927449
-3059.872397,499,4332.40119
-3714.587962,499,4678.756722
-3341.808788,499,4782.405275
-2120.214961,499,4885.811721
-1740.282655,499,4990.221526
-1906.276673,499,5096.93323
-1951.828724,499,5439.52958
-2126.543425,499,5542.182871
-2675.8992,499,5645.956955
-2364.557808,499,5751.46826
-1948.460911,499,5859.274854
-2634.674319,499,6205.155488
-2244.251617,499,6308.057244
-4453.168039,499,6412.301785
-1493.354237,499,6518.683436
-2357.762086,499,6627.2388
-2749.61913,499,6970.199521
-1650.429822,499,7072.59395
-1859.565184,499,7176.721514
-2353.49926,499,7282.764765
-3148.777918,499,7390.444969
-2296.357165,499,7735.691656
-2160.271375,499,7838.621289
-2418.073686,499,7943.17664
-1661.773199,499,8049.712694
-1947.181613,499,8156.600963
-3156.288928,499,8498.941916
-3297.752129,499,8600.328892
-2361.34374,499,8704.846937
-1887.991798,499,8810.748043
-2104.172476,499,8918.186764
-1787.739366,499,9264.001727
-1925.446532,499,9365.939126
-1988.426474,499,9472.881828
-2356.049619,499,9577.638438
-2345.607809,499,9684.471931
-2979.645273,499,10026.726242
-3627.024471,499,10129.683936
-1701.274467,499,10237.072146
-2637.850282,499,10343.233187
-3285.747787,499,10451.189598
-1909.450719,499,10791.127797
-1817.222001,499,10894.613328
-2545.537389,499,11002.304391
-2974.947138,499,11109.724865
-2170.89801,499,11218.04736
-2236.545898,499,11558.153553
-2160.514549,499,11662.057725
-1489.91078,499,11769.442644
-2291.80007,499,11878.593395
-2962.364587,499,11986.069622
-2500.905604,499,12325.759544
-1922.918152,499,12430.194947
-2358.946859,499,12537.925217
-1956.298852,499,12645.799612
-2954.362914,499,12755.085383
-2733.844147,499,13091.907432
-1582.990558,499,13196.553471
-2837.425188,499,13302.047455
-2215.373019,499,13411.376552
-3217.96576,499,13521.735056
-2850.908358,499,13857.971466
-2360.465658,499,13964.534677
-2220.420728,499,14070.766186
-3271.487353,499,14180.6892
-1661.957298,499,14292.236224
-1917.426973,499,14627.150828
-2236.22228,499,14732.142349
-3479.813775,499,14838.009552
-2656.712291,499,14946.674324
-1876.820953,499,15058.117584
-2516.311512,499,15395.630808
-2094.126234,499,15500.914303
-1944.283125,499,15608.059349
-3483.581041,499,15716.2866
-2704.413234,499,15828.12145
-1311.879225,499,16164.120601
-2907.669012,499,16268.766191
-1853.228012,499,16374.485907
-1961.717299,499,16483.983084
-2450.945895,499,16596.557727
-1831.364385,499,16932.508613
-2617.982404,499,17038.523303
-1729.572141,499,17145.877619
-2622.004449,499,17257.338322
-2497.419098,499,17370.836282
-1730.948127,499,17706.885958
-2051.847123,499,17814.276596
-2796.002663,499,17923.131072
-1690.905285,499,18036.394105
-1923.256401,499,18147.061241
-2477.473845,499,18486.04325
-3063.767251,499,18589.651874
-1926.073382,499,18698.822943
-2647.259481,499,18810.765853
-2816.612919,499,18919.910926
-1838.538961,499,19254.269809
-1516.403292,499,19358.759865
-3228.466508,499,19471.696462
-2992.331751,499,19584.216064
-2083.164016,499,19692.421052
-2352.032279,499,20026.796626
-2092.982945,499,20127.888649
-2604.500759,499,20239.300223
-2646.131735,499,20351.456372
-2370.638442,499,20460.575704
-3076.950515,499,20794.890023
-1934.515227,499,20900.56186
-2616.650298,499,21013.561265
-2657.288958,499,21127.495698
-1865.873846,499,21235.957439
-2185.858126,499,21569.403546
-2831.644963,499,21677.860885
-1483.884585,499,21790.386256
-2045.254828,499,21902.268721
-2934.474215,499,22010.822253
-2599.115175,499,22340.977082
-3609.756787,499,22451.059238
-2638.123939,499,22563.185494
-1960.419878,499,22675.224956
-1988.764979,499,22783.024411
-2201.308921,499,23116.640121
-3036.8966,499,23229.090142
-2976.504146,499,23341.794492
-1172.657788,499,23452.401478
-2498.091316,499,23559.619904
-1781.908651,499,23892.143309
-2411.413633,499,24004.562738
-1955.411108,499,24115.687003
-1850.929461,499,24225.944057
-3407.201922,499,24333.403982
-1856.005311,499,24665.649657
-3824.191246,499,24778.404208
-2036.587916,499,24890.84829
-2077.57465,499,24998.200264
-1830.91718,499,25105.06379
-2813.81078,499,25441.373071
-1689.959775,499,25554.191337
-2071.031944,499,25665.088986
-2109.292986,499,25773.840089
-2881.249138,499,25879.194965
-1508.455698,499,26219.21325
-2844.693125,499,26331.454419
-2015.453697,499,26441.217659
-2371.308306,499,26548.062974
-1852.875436,499,26653.067019
-3032.439775,499,26993.043736
-2749.760659,499,27104.618911
-1563.303626,499,27213.415485
-2364.962613,499,27319.194473
-1808.873427,499,27422.659762
-2522.088161,499,27768.964151
-1919.474668,499,27879.641858
-2069.69418,499,27987.971544
-2625.296002,499,28093.060488
-1888.698557,499,28197.338816
-3390.24792,499,28544.004742
-2164.926413,499,28653.20448
-1983.145073,499,28759.012895
-2472.536121,499,28863.646269
-2244.747552,499,28968.026174
-1898.593906,499,29316.79229
-2729.163889,499,29424.760239
-2442.57171,499,29531.592704
-2391.431724,499,29634.832684
-1909.464124,499,29738.941447
-2944.919499,499,30089.762419
-1895.311966,499,30195.997978
-2227.261605,499,30301.323193
-2163.95989,499,30404.519299
-2723.967196,499,30512.17125
-3607.616836,499,30866.570706
-1842.453352,499,30972.365279
-3058.786337,499,31076.59283
-2245.326972,499,31181.925439
-2572.778178,499,31290.873345
-1968.377959,499,31641.807871
-1921.697127,499,31747.447113
-2732.456682,499,31850.680568
-1967.766587,499,31957.441416
-3169.166918,499,32064.843362
-2462.927664,499,32412.130718
-2034.228921,499,32515.789188
-3124.971556,499,32619.397525
-1662.64481,499,32728.42863
-1825.96659,499,32836.158437
-2106.516809,499,33183.726386
-2877.12796,499,33288.211829
-2233.086211,499,33394.428072
-1987.661891,499,33503.641424
-2345.854295,499,33611.801235
-2018.372816,499,33958.85711
-2201.06787,499,34062.14015
-2601.333733,499,34170.083861
-3823.253311,499,34281.313696
-2350.361251,499,34390.628419
-1954.330309,499,34734.414828
-1767.890291,499,34840.865644
-1743.646672,499,34950.114438
-1867.697292,499,35061.461563
-2111.843802,499,35172.545715
-2420.747307,499,35512.165095
-4666.930323,499,35620.397287
-2347.45681,499,35730.751805
-3171.200419,499,35840.02188
-1393.206229,499,35949.597898
-2211.231184,499,36286.196585
-3514.838718,499,36396.673715
-1976.948338,499,36508.632845
-1738.477744,499,36616.317312
-2255.188847,499,36724.285476
-3616.448564,499,37062.828116
-2285.814038,499,37175.973481
-2859.946197,499,37286.206208
-2328.512284,499,37393.449807
-1500.685308,499,37501.083653
-1779.102075,499,37836.430727
-2896.277434,499,37949.037615
-2966.685823,499,38059.825625
-2085.444387,499,38168.344506
-2200.793795,499,38276.025253
-1654.52532,499,38613.515249
-2395.167832,499,38725.961569
-2586.032598,499,38836.722564
-1646.190883,499,38946.028849
-2789.31852,499,39053.208681
-1466.303808,499,39390.509692
-3394.264535,499,39499.58023
-2770.978311,499,39611.611835
-2180.494631,499,39721.173181
-2397.817426,499,39828.0224
-3127.971407,499,40168.209404
-1889.455105,499,40276.22996
-2213.744901,499,40388.713737
-3191.512615,499,40499.014107
-3098.233813,499,40605.231463
-1951.248057,499,40942.844546
-1841.800996,499,41049.791069
-2284.610634,499,41162.375749
-1647.964676,499,41273.940382
-1994.105266,499,41381.053919
-3775.176516,499,41717.872614
-2581.168309,499,41823.818835
-1335.405275,499,41935.280994
-2428.04478,499,42047.824589
-2014.791999,499,42157.238901
-2042.659464,499,42491.235311
-2667.946661,499,42596.939569
-1587.951709,499,42706.533468
-3408.107222,499,42817.5274
-1811.097184,499,42928.989295
-2696.953765,499,43263.895424
-2558.316955,499,43370.284707
-1815.07768,499,43479.330929
-2026.241074,499,43591.84931
-3327.911271,499,43704.68722
-1805.68341,499,44033.589776
-1701.469671,499,44139.884499
-2341.38038,499,44245.889868
-3000.431073,499,44356.534959
-2195.219149,499,44469.996061
-2334.780613,499,44798.857169
-2048.032393,499,44905.889824
-2003.35042,499,45013.394246
-2678.179334,499,45124.539308
-3256.465694,499,45237.769391
-3082.512881,499,45568.617032
-2052.022713,499,45676.460495
-2500.870511,499,45784.087946
-2111.395972,499,45894.717602
-1915.320217,499,46004.869937
-2368.451079,499,46339.580214
-2000.519144,499,46449.297302
-2767.047505,499,46558.859424
-1880.613774,499,46670.030603
-2698.034125,499,46777.685877
-3153.186336,499,47113.493736
-1666.673176,499,47223.302583
-2496.704911,499,47335.447954
-2760.077359,499,47446.518713
-1531.15836,499,47550.922356
-2407.501761,499,47886.729355
-2415.675846,499,47994.668577
-3026.642202,499,48104.935314
-2956.447404,499,48211.131196
-2552.281005,499,48313.812791
-2071.389198,499,48652.321806
-2001.644492,499,48762.29374
-1944.508991,499,48871.825011
-2911.598576,499,48976.619666
-3475.736324,499,49077.441387
-1101.782448,499,49420.141548
-3426.743532,499,49532.322616
-1754.203631,499,49640.045335
-2211.741871,499,49745.007917
-2026.228233,499,49846.120881
-2147.687173,499,50184.961851
-3693.826569,499,50298.929307
-1813.283337,499,50405.106444
-3077.530865,499,50508.57327
-2192.132782,499,50608.874348
-2128.850366,499,50949.372295
-2304.862106,499,51064.440431
-2952.608968,499,51171.619098
-1841.431424,499,51276.229509
-2054.557263,499,51377.779315
-2124.769002,499,51722.198428
-3115.887489,499,51835.467049
-2490.066375,499,51944.525282
-2776.777636,499,52049.183121
-1640.809498,499,52151.287345
-1988.549415,499,52499.199286
-1782.939784,499,52611.43517
-3206.090047,499,52721.763186
-3058.228485,499,52827.550582
-1497.533435,499,52930.081353
-2104.716183,499,53276.425673
-1884.569391,499,53385.069762
-2441.47134,499,53495.140075
-1679.093497,499,53602.156918
-2066.987152,499,53702.740779
-2553.188846,499,54047.82142
-1978.725182,499,54151.520176
-3015.253037,499,54260.242995
-2169.890399,499,54365.954536
-2001.754503,499,54468.306845
-2466.661268,499,54812.71016
-3008.944999,499,54913.697842
-1707.514918,499,55019.881263
-2978.975174,499,55125.305218
-2703.077457,499,55230.517148
-2468.032686,499,55572.533051
-2761.157909,499,55674.393148
-2255.555922,499,55779.656379
-1541.01446,499,55885.807976
-2165.567125,499,55994.563647
-2410.379373,499,56334.113227
-3067.139157,499,56436.316943
-2685.933516,499,56538.97676
-2697.705952,499,56645.752496
-1856.648521,499,56757.906791
-2299.121571,499,57098.686735
-3076.000317,499,57201.388497
-2016.718865,499,57304.03347
-2002.829031,499,57407.393612
-2952.104107,499,57519.638957
-2022.318869,499,57859.302318
-2813.022906,499,57961.613306
-2537.609728,499,58065.582559
-2070.443941,499,58171.508265
-2804.856121,499,58284.445126
-1648.362108,499,58628.063132
-1798.882087,499,58730.976953
-1949.652885,499,58834.819063
-3220.001635,499,58940.918127
-2308.112434,499,59052.048624
-2275.442163,499,59395.625085
-2603.697087,499,59496.762643
-1746.243628,499,59601.157316
-1745.246088,499,59710.770331
-2834.652119,499,59822.290387
-2842.951983,499,60166.425011
-2126.808418,499,60267.233541
-1736.277682,499,60371.789687
-1801.631172,499,60481.791557
-1551.207739,499,60593.06249
-2404.564746,499,60936.741511
-1960.065752,499,61036.934943
-2393.147304,499,61142.278008
-3084.62559,499,61251.086555
-2271.230087,499,61362.604388
-3667.499557,499,61708.025727
-1836.28371,499,61809.716276
-2396.47991,499,61914.691723
-3330.071402,499,62025.285258
-1496.472603,499,62136.113939
-1813.179237,499,62476.72335
-2344.148824,499,62579.577576
-2936.293635,499,62684.306054
-2092.094053,499,62795.727314
-2296.315352,499,62905.78645
-2268.71175,499,63242.575226
-1522.407577,499,63347.924033
-1871.871265,499,63454.735018
-2905.711055,499,63565.509151
-3095.073771,499,63674.606878
-2365.524957,499,64008.006356
-2568.949503,499,64116.332823
-2584.959446,499,64225.541915
-2202.380865,499,64333.704343
-2634.299543,499,64440.747059
-1576.945913,499,64772.44046
-2574.10775,499,64882.103364
-1524.031698,499,64992.337582
-2800.259055,499,65099.827431
-2703.934606,499,65206.056573
-1848.900509,499,65535.91718
-2595.641168,499,65643.621396
-3143.668587,499,65755.233564
-1655.244776,499,65863.170515
-2097.50358,499,65966.864525
-2455.641043,499,66297.228636
-3110.919791,499,66404.550097
-2476.292358,499,66518.747468
-1789.258982,499,66629.188982
-2254.528728,499,66732.806734
-2140.663709,499,67063.742226
-2103.515627,499,67170.900582
-3553.129124,499,67285.097764
-2811.958329,499,67395.416967
-2133.262416,499,67500.118293
-2374.29447,499,67833.384122
-2363.0725,499,67940.557988
-2725.700676,499,68054.509628
-2597.235806,499,68165.805875
-1608.321902,499,68270.273967
-3214.919019,499,68602.951653
-2016.941864,499,68708.357358
-3421.486405,499,68818.994961
-3071.857519,499,68929.919765
-2000.574428,499,69034.714798
-1890.099124,499,69366.715971
-3840.77833,499,69471.152594
-1733.479681,499,69581.028589
-1751.820309,499,69690.106063
-2254.501884,499,69798.451716
-3316.386317,499,70132.782728
-2217.383493,499,70238.748434
-2504.435348,499,70346.077423
-2222.126286,499,70452.804214
-1541.225835,499,70561.897745
-2051.86372,499,70900.063743
-3569.582063,499,71007.763269
-2787.466733,499,71114.903532
-1900.361864,499,71221.195849
-2474.513383,499,71329.276766
-1626.792914,499,71665.541037
-2268.96481,499,71774.021966
-2251.420668,499,71879.853484
-2343.437622,499,71983.733713
-2806.10792,499,72091.099747
-1762.500853,499,72430.358233
-2594.984696,499,72539.267005
-2674.555624,499,72645.941912
-1477.606302,499,72749.280667
-2726.939468,499,72855.999358
-2561.664702,499,73199.72234
-1404.835858,499,73308.609636
-1586.171506,499,73414.110539
-2308.891794,499,73518.517302
-2709.633526,499,73623.516046
-2717.717787,499,73970.871079
-2771.234856,499,74079.009584
-1919.653868,499,74184.553482
-1957.054025,499,74290.499467
-2474.147413,499,74396.063735
-3133.589229,499,74744.453467
-2997.958474,499,74851.647659
-1595.944005,499,74956.883655
-2321.258443,499,75061.687692
-1844.636963,499,75165.67929
-1922.655794,499,75516.766484
-1943.986062,499,75625.722913
-1732.952742,499,75732.161335
-3292.57939,499,75836.283674
-1834.402382,499,75939.066122
-2852.151871,499,76288.740636
-2046.767,499,76394.959392
-1941.879871,499,76500.898903
-1772.67267,499,76606.305948
-2908.209153,499,76708.918703
-1661.622361,499,76814.689275
-2498.716303,499,77166.355925
-1976.023261,499,77272.736367
-2755.352108,499,77380.769195
-2027.739158,499,77485.62585
-2916.459003,499,77592.747154
-1514.523994,499,77944.071419
-2094.674277,499,78053.385124
-2153.051871,499,78160.445319
-3857.784898,499,78265.199513
-3249.494202,499,78373.280514
-1858.807358,499,78721.07419
-2459.618705,499,78828.93784
-1721.291801,499,78932.798154
-2414.617493,499,79036.833255
-1697.955521,499,79144.489657
-2545.968863,499,79491.007375
-2601.412639,499,79594.669817
-2031.533604,499,79699.209975
-3324.361534,499,79803.750912
-2294.420293,499,79914.578804
-1923.518399,499,80258.056245
-2120.809158,499,80362.914977
-2540.833518,499,80466.494529
-1695.835462,499,80571.959035
-2156.355625,499,80682.273628
-2364.371733,499,81022.090453
-2473.758085,499,81128.97914
-1982.211302,499,81232.045839
-2139.008629,499,81337.375787
-1688.154382,499,81448.325562
-2640.12718,499,81786.830144
-2352.249781,499,81893.559592
-2588.948591,499,81997.83679
-3129.352166,499,82105.161204
-1921.370497,499,82215.354188
-1779.72306,499,82551.067184
-2001.231775,499,82655.930075
-2401.403374,499,82762.107451
-1840.730411,499,82870.745192
-1934.989723,499,82983.025178
-3080.340887,499,83315.334439
-2197.765916,499,83419.975128
-2789.105448,499,83527.750093
-2446.559043,499,83639.872878
-2063.003743,499,83750.191096
-2873.314655,499,84081.663441
-1668.4391,499,84187.388426
-2484.524418,499,84293.19372
-1923.973326,499,84405.121307
-2884.91821,499,84515.453095
-2252.133316,499,84848.026629
-2140.487903,499,84951.476176
-2197.102845,499,85058.659182
-1924.5418,499,85172.58117
-2595.31856,499,85282.591399
-2531.227868,499,85613.361202
-2738.008938,499,85717.639086
-2188.834838,499,85827.472078
-1940.296582,499,85941.539959
-1896.135995,499,86052.737875
-1691.219297,499,86382.047161
-2568.983638,499,86487.222437
-2519.893858,499,86598.358162
-2473.341275,499,86708.839112
-2768.750982,499,86818.626891
-2378.926379,499,87139.322691
-3509.567224,499,87241.734402
-1765.301009,499,87349.140331
-3254.024676,499,87455.952396
-3179.844855,499,87561.61537
-1696.006414,499,87882.160809
-1731.097779,499,87983.849253
-2152.377233,499,88091.779833
-3411.901848,499,88197.669421
-2202.132374,499,88302.013841
-2200.719832,499,88624.412433
-2345.662738,499,88728.505949
-2340.067338,499,88836.009519
-2606.353546,499,88939.845748
-2577.558428,499,89045.616071
-3027.094564,499,89370.016533
-2674.051704,499,89476.046487
-2499.439701,499,89582.32752
-1891.513444,499,89684.847622
-2079.126246,499,89789.034931
-2847.948216,499,90116.334583
-1269.483005,499,90222.24531
-2660.959936,499,90326.199717
-1459.451379,499,90428.441571
-2770.244231,499,90532.201583
-2703.792969,499,90863.089024
-1674.91463,499,90966.251137
-2378.813165,499,91069.658917
-4126.367128,499,91171.240711
-1706.360368,499,91274.929279
-2485.743746,499,91607.418697
-2487.111917,499,91709.731002
-3278.099788,499,91810.486304
-2328.672579,499,91911.640196
-1771.855019,499,92017.334913
-2580.619956,499,92353.266911
-1627.993683,499,92456.577394
-1869.635798,499,92554.967492
-3404.558707,499,92656.35765
-3388.364993,499,92759.14931
-1539.355403,499,93094.509451
-2494.430577,499,93198.739544
-1999.595384,499,93298.485975
-2533.420347,499,93399.89685
-2755.719102,499,93501.085552
-1655.029086,499,93836.941468
-2690.21885,499,93941.728588
-1849.851104,499,94043.638119
-3147.333735,499,94143.588696
-3423.429396,499,94245.162635
-1623.733053,499,94576.249803
-2048.734582,499,94681.259252
-3558.582163,499,94784.181055
-1764.695889,499,94883.55367
-1743.160718,499,94986.138852
-2110.422808,499,95315.985
-3177.137453,499,95421.949761
-2294.30465,499,95527.35822
-2807.699399,499,95628.614715
-2129.414021,499,95729.608134
-1539.017341,499,96057.082498
-2737.825452,499,96163.564548
-3212.567889,499,96270.511465
-2774.338396,499,96372.011161
-1375.953566,499,96472.249317
-2510.615413,499,96797.463317
-1747.374899,499,96902.843122
-2127.580904,499,97010.492997
-2136.487711,499,97115.176415
-1832.79535,499,97216.067417
-2653.001066,499,97539.238042
-1708.167511,499,97644.895922
-2780.11002,499,97753.054533
-3451.050391,499,97858.989305
-1463.43432,499,97962.156211
-2532.214078,499,98284.309519
-2713.239775,499,98389.728487
-1692.236028,499,98498.45493
-1649.486972,499,98605.832721
-2223.006202,499,98707.955158
-3274.136717,499,99031.088551
-2664.802592,499,99135.923577
-2477.305445,499,99244.194852
-2142.159137,499,99349.24567
-2027.324962,499,99450.711051
-1820.61927,499,99777.066999
-2841.789047,499,99881.577803
-3100.930647,499,99988.843178
-1164.205074,499,100092.874043
-2365.284018,499,100195.623284
-1949.65056,499,100523.406538
-1915.012338,499,100628.442815
-2071.853114,499,100733.351964
-1856.64545,499,100836.493499
-3344.402435,499,100942.129208
-2035.154889,499,101273.409761
-3185.93178,499,101378.063364
-2409.626136,499,101481.619238
-1786.126838,499,101583.773847
-1863.041671,499,101687.415635
-2800.201327,499,102020.811221
-2162.781393,499,102125.082963
-2295.43331,499,102227.238446
-1943.917074,499,102328.121305
-2682.101092,499,102431.554414
-2760.394187,499,102769.74263
-2663.042737,499,102873.061535
-1467.79091,499,102974.530517
-2578.990754,499,103075.042306
-2001.20588,499,103177.133509
-3569.641926,499,103519.367101
-3026.05277,499,103621.56639
-1641.360595,499,103721.625287
-2584.772543,499,103822.784349
-1946.208431,499,103927.916717
-2513.434771,499,104273.87599
-2214.902013,499,104374.664175
-2762.448775,499,104474.227982
-3324.404816,499,104577.614902
-2042.741668,499,104680.969151
-3528.518602,499,105027.31436
-2079.463243,499,105126.99585
-2204.327849,499,105227.661211
-2049.340486,499,105331.039242
-2407.239511,499,105434.826894
-1581.183109,499,105778.613474
-2450.200339,499,105877.918672
-2427.999945,499,105978.970884
-2625.749718,499,106082.168843
-1983.018348,499,106187.166005
-2690.149364,499,106529.210492
-1619.744376,499,106628.821476
-2291.261274,499,106730.947373
-2167.77194,499,106835.801403
-2465.333553,499,106943.361289
-3155.538756,499,107280.933475
-1644.649562,499,107381.779819
-1940.555023,499,107484.666725
-2007.570517,499,107589.207558
-2318.222102,499,107695.361071
-2379.74557,499,108025.71855
-2661.793799,499,108127.250866
-2905.003423,499,108230.557014
-1789.216131,499,108335.60042
-3410.37618,499,108440.517738
-2710.268028,499,108767.114164
-2059.84256,499,108870.695283
-2830.014737,499,108975.332613
-1840.607016,499,109083.021329
-1978.928014,499,109188.88915
-2104.440603,499,109490.764784
-2971.412006,499,109589.193224
-2126.859536,499,109690.993926
-2185.342544,499,109793.597148
-2590.610076,499,109896.981591
-1563.546074,499,110197.450504
-2532.036167,499,110295.775922
-2748.743867,499,110400.062
-2860.911375,499,110502.481632
-2708.910801,499,110602.90526
-1873.887889,499,110905.563764
-2230.905008,499,111004.731327
-1981.791401,499,111108.54502
-2376.640327,499,111213.108516
-1846.162297,499,111314.657153
-2457.965041,499,111615.130075
-2638.468108,499,111712.402377
-1997.996451,499,111815.278227
-3956.897013,499,111919.407731
-1625.613764,499,112021.704839
-2044.521815,499,112324.922888
-3043.754322,499,112422.804882
-2309.788568,499,112523.592799
-1871.139941,499,112627.034743
-2422.828173,499,112732.897439
-3077.175386,499,113039.452114
-2366.152645,499,113137.731404
-2221.732561,499,113237.349265
-2238.26711,499,113337.993336
-2160.983866,499,113441.419955
-2115.563038,499,113751.435098
-2577.207016,499,113850.822462
-3420.12027,499,113948.527081
-2505.773906,499,114046.870121
-2161.696889,499,114149.877063
-1862.528166,499,114464.167948
-2143.849048,499,114565.045917
-2722.118129,499,114661.901563
-2422.247891,499,114759.562014
-3383.943084,499,114860.662479
-1747.32138,499,115178.258373
-2574.575399,499,115278.870253
-2816.003176,499,115375.28119
-2023.598888,499,115472.413689
-2442.452704,499,115573.746305
-3340.495329,499,115896.194758
-2377.311104,499,115996.381549
-2130.783827,499,116093.222295
-2322.156309,499,116190.891645
-2755.473294,499,116289.125583
-2232.714356,499,116613.244333
-2056.242955,499,116713.892461
-3294.059624,499,116810.916961
-1728.924406,499,116909.036652
-1681.733915,499,117007.899391
-3338.897985,499,117331.119928
-2722.337812,499,117430.751106
-1332.797982,499,117527.553796
-2384.11062,499,117624.657207
-2228.083766,499,117722.511105
-2296.285424,499,118042.323614
-2426.692515,499,118143.177869
-1842.537397,499,118241.108723
-2864.927864,499,118339.114565
-2133.655608,499,118440.026097
-2895.362536,499,118756.419983
-3422.00651,499,118857.020689
-1803.123419,499,118956.907376
-1960.765969,499,119055.136645
-2951.944558,499,119152.055188
-2690.955947,499,119466.305778
-2432.040825,499,119566.262203
-2137.699805,499,119667.255301
-2971.024875,499,119764.603914
-1928.807853,499,119862.188952
-2634.403301,499,120177.103071
-1846.025438,499,120276.89325
-1776.039623,499,120378.679013
-2783.917868,499,120479.445263
-3263.331771,499,120578.935048
-2788.468379,499,120890.381912
-1703.976633,499,120987.808022
-2366.84147,499,121090.143867
-1790.290344,499,121190.988984
-2467.250846,499,121295.464251
-2556.072243,499,121608.013137
-1684.889041,499,121703.308857
-2655.126097,499,121803.446374
-1966.141767,499,121903.894737
-3525.362535,499,122007.998802
-2601.652096,499,122321.734426
-1396.599929,499,122416.154823
-3106.950664,499,122515.980146
-2509.051705,499,122618.655788
-1768.731443,499,122724.563733
-1844.050034,499,123040.05751
-3271.603901,499,123132.857426
-3083.56792,499,123229.844629
-2515.531652,499,123331.785582
-3073.710749,499,123438.523073
-1819.168107,499,123754.402958
-2089.518612,499,123847.281592
-1599.460078,499,123942.896995
-2849.64408,499,124044.664716
-2945.621572,499,124153.2588
-1038.485023,499,124471.908387
-2834.145142,499,124566.697117
-1960.546716,499,124663.077766
-2485.556839,499,124764.308624
-2160.106778,499,124869.454122
-1723.751594,499,125190.428096
-3187.68983,499,125286.713082
-1988.516246,499,125383.124407
-3150.877831,499,125482.374499
-2062.040661,499,125586.768032
-2429.809849,499,125906.157815
-2620.643466,499,126002.995581
-2800.796355,499,126100.20844
-1859.615691,499,126197.860943
-2597.433782,499,126300.143282
-2063.776357,499,126619.585137
-2988.881697,499,126717.977843
-2064.56661,499,126815.411108
-2524.607441,499,126911.521771
-1450.813652,499,127013.660161
-2189.441992,499,127334.515315
-2144.15057,499,127434.232901
-3924.487492,499,127534.059876
-2747.833561,499,127630.910965
-1891.947638,499,127729.689509
-2126.833968,499,128050.237458
-1722.154252,499,128150.936398
-2388.785011,499,128251.0589
-2271.831554,499,128347.75702
-1964.115272,499,128446.636313
-2744.771947,499,128767.400507
-2287.977404,499,128870.363126
-3240.718939,499,128970.268909
-1980.42546,499,129068.474119
-2065.363826,499,129167.577412
-2103.502841,499,129482.899371
-2184.773855,499,129586.186659
-2022.611179,499,129686.184679
-2694.914968,499,129783.712594
-2527.823534,499,129886.131185
-2416.28895,499,130200.188237
-1925.200357,499,130303.733991
-2455.806442,499,130402.120948
-1562.937283,499,130500.550472
-2127.190894,499,130601.931443
-2327.353053,499,130913.37369
-2416.175288,499,131016.510426
-3013.20574,499,131114.154592
-1792.861883,499,131215.109844
-2090.352274,499,131316.174674
-1887.58208,499,131624.998676
-2299.431265,499,131728.089147
-1735.183818,499,131826.454151
-2222.734013,499,131926.988755
-2819.329051,499,132029.508885
-1788.862472,499,132337.074952
-3207.944763,499,132439.531331
-2305.507693,499,132537.183075
-2742.174943,499,132637.961771
-2453.680693,499,132743.755527
-2070.14438,499,133054.968771
-2106.060651,499,133154.685069
-2143.233248,499,133251.762037
-2777.40566,499,133352.830178
-2209.968151,499,133456.632692
-2433.641077,499,133769.240007
-2405.584203,499,133866.331668
-1425.326593,499,133964.243559
-1829.349924,499,134066.772138
-2517.129234,499,134170.108242
-3199.644642,499,134486.774735
-2474.173695,499,134581.774508
-2180.719368,499,134679.443866
-1998.406675,499,134782.107066
-2584.113844,499,134883.553703
-2688.348898,499,135202.729889
-2092.640679,499,135297.132375
-2236.187744,499,135393.961553
-2961.691031,499,135497.738804
-1965.760861,499,135603.156645
-3792.728559,499,135923.612587
-1523.733108,499,136016.020811
-2092.476317,499,136112.465147
-3156.212085,499,136215.483626
-2015.800752,499,136318.165039
-1800.625666,499,136638.89168
-2205.381618,499,136732.262194
-2809.788781,499,136828.310456
-1992.040802,499,136931.895941
-2037.519357,499,137035.008431
-2463.796717,499,137354.617182
-1968.537,499,137448.838149
-2009.310084,499,137544.791462
-2561.736198,499,137645.921563
-3158.634363,499,137750.250887
-2443.031398,499,138068.855388
-2776.926222,499,138164.252147
-2014.696059,499,138261.061507
-2005.401126,499,138361.655566
-2674.303512,499,138467.944264
-2139.761538,499,138784.496027
-2741.614449,499,138882.029537
-2072.527521,499,138979.715063
-2518.352189,499,139080.431719
-2766.770619,499,139184.089767
-1584.319971,499,139497.516214
-2358.04334,499,139596.041173
-3243.804737,499,139694.878619
-1892.179115,499,139794.855344
-2061.682605,499,139896.626613
-3016.478335,499,140209.531425
-2899.554925,499,140307.385214
-2933.670453,499,140408.597259
-2123.311076,499,140510.314854
-2356.166625,499,140610.302618
-1599.183587,499,140920.074642
-1727.402066,499,141018.742258
-2982.145639,499,141121.05333
-2442.045765,499,141223.528245
-1285.673136,499,141324.247103
-2449.368643,499,141632.859688
-1965.429314,499,141731.666499
-2206.138275,499,141834.154061
-2683.619428,499,141938.401823
-1606.950716,499,142039.0566
-3130.274622,499,142346.128055
-2088.884344,499,142444.636056
-2669.631215,499,142546.942596
-3253.661535,499,142651.73679
-1265.033482,499,142752.191405
-1966.738172,499,143060.123109
-3008.911489,499,143159.30094
-2021.29018,499,143261.629468
-1702.067586,499,143365.245113
-2085.47499,499,143464.127063
-3666.11016,499,143772.030423
-2556.27207,499,143871.591278
-2176.60696,499,143973.911974
-2138.742911,499,144076.105695
-1689.130416,499,144178.260991
-1994.279341,499,144486.817356
-3310.562939,499,144587.368357
-2679.469548,499,144689.346091
-1289.896064,499,144790.619714
-2301.156541,499,144890.880644
-2368.429287,499,145199.523082
-1917.770301,499,145300.897095
-2402.881206,499,145402.360603
-1754.477008,499,145504.193232
-2821.580339,499,145604.503788
-2064.565828,499,145915.165128
-3503.439294,499,146015.59335
-2414.103563,499,146118.102926
-1526.304934,499,146219.726492
-2355.239347,499,146318.842606
-2644.651503,499,146631.208535
-2067.865191,499,146730.670647
-2039.029125,499,146831.221854
-2343.699176,499,146931.634903
-2940.363019,499,147031.666641
-2277.048544,499,147346.267868
-2673.198068,499,147445.697824
-2332.734241,499,147546.086382
-1780.894883,499,147645.40711
-1661.151529,499,147744.527132
-2784.057074,499,148061.90696
-2655.916178,499,148160.63091
-1161.249525,499,148260.350698
-2760.563302,499,148359.650032
-2159.912625,499,148459.337116
-2216.569301,499,148775.801462
-1937.391784,499,148874.475159
-2507.543115,499,148974.030552
-3107.034234,499,149072.695087
-1798.524734,499,149172.189533
-2861.723614,499,149489.29188
-2388.450517,499,149587.930928
-1727.213889,499,149686.416542
-1824.662657,499,149785.395226
-2628.481483,499,149888.480445
-1745.899427,499,149988.962148
-2458.111518,499,150304.269017
-2373.192981,499,150402.760698
-3181.464439,499,150500.745402
-1973.191772,499,150600.381446
-2451.766268,499,150701.418789
-1418.591645,499,151014.71513
-2048.300024,499,151112.771415
-2231.582681,499,151210.968096
-3380.161549,499,151311.582185
-2916.472593,499,151412.503722
-1982.650417,499,151728.209079
-1940.349682,499,151826.603579
-1738.254293,499,151924.934998
-2306.701981,499,152026.258699
-1758.608151,499,152125.839202
-2099.653297,499,152439.891119
-3653.770481,499,152538.303811
-2416.496318,499,152638.095749
-3162.695692,499,152741.305197
-2031.074571,499,152839.896456
-2076.941587,499,153152.449626
-1969.359434,499,153251.009274
-2206.185503,499,153351.656315
-1892.786928,499,153452.620986
-2093.071906,499,153551.374488
-2097.266039,499,153861.069101
-3055.375072,499,153961.455138
-1700.682506,499,154062.438158
-2451.826486,499,154164.50146
-1507.133334,499,154263.30538
-2200.678563,499,154570.389993
-2186.466497,499,154672.118853
-2321.978995,499,154774.882704
-2790.179594,499,154875.9414
-1739.649737,499,154973.785981
-2311.644601,499,155280.149652
-2160.983932,499,155382.768175
-2228.09127,499,155486.550541
-1752.349083,499,155590.488956
-2305.532655,499,155687.871506
-2860.942912,499,155992.302644
-1824.00825,499,156094.739805
-2864.262664,499,156199.654528
-2528.148527,499,156301.750089
-2023.422422,499,156398.874542
-2685.685978,499,156698.461961
-2566.815015,499,156800.528198
-2105.535876,499,156906.501743
-2917.978057,499,157008.815228
-2636.199124,499,157106.752995
-2704.88554,499,157405.934245
-2070.146557,499,157507.869488
-2240.218556,499,157612.311995
-1433.816547,499,157715.708109
-2015.156232,499,157814.594433
-2633.875934,499,158114.313127
-2626.235078,499,158215.7434
-2403.481365,499,158318.541013
-1700.518209,499,158423.611228
-2256.500823,499,158523.936868
-1983.616458,499,158821.543129
-2350.348963,499,158922.395967
-1896.316429,499,159024.528081
-2692.889148,499,159126.905169
-2577.104729,499,159228.943394
-2141.496869,499,159530.430195
-3290.88778,499,159631.200162
-1443.352417,499,159730.382572
-2079.466695,499,159830.802188
-3006.296659,499,159933.375297
-1770.102907,499,160238.648714
-2193.289916,499,160339.509074
-2108.669293,499,160439.852884
-2981.925988,499,160540.146584
-2381.308719,499,160641.958544
-2193.745958,499,160953.244277
-2752.937092,499,161052.992002
-1808.893141,499,161152.240563
-1972.526732,499,161254.55697
-2642.315204,499,161355.340957
-3247.225695,499,161671.553477
-2134.74172,499,161769.187817
-2255.789071,499,161868.678944
-2917.506693,499,161969.185483
-2036.453898,499,162067.496719
-2450.668478,499,162386.134268
-2199.462563,499,162482.810844
-2524.633499,499,162580.745324
-3115.371483,499,162681.535074
-2533.317612,499,162780.53032
-2789.481616,499,163101.072363
-1867.727918,499,163197.297283
-2793.59618,499,163294.437843
-3066.614114,499,163394.50858
-1778.207309,499,163494.341262
-1807.829409,499,163816.439327
-2450.687704,499,163912.926011
-3225.59567,499,164008.779968
-2714.638708,499,164110.664829
-1696.521306,499,164211.385444
-2629.288625,499,164533.921707
-1588.435341,499,164632.15897
-1772.739076,499,164727.998353
-3041.282519,499,164827.135259
-2363.563411,499,164927.00974
-2152.293153,499,165249.019706
-2312.331859,499,165346.385483
-2238.724832,499,165443.374706
-2178.286576,499,165540.856139
-2345.639002,499,165640.75839
-1555.285911,499,165960.825159
-2705.292434,499,166060.452237
-2012.784054,499,166160.095622
-2821.258302,499,166256.587184
-3058.932884,499,166355.178713
-1606.915415,499,166671.73064
-2398.332856,499,166771.600764
-3570.043829,499,166871.541392
-2064.929908,499,166973.44042
-1813.951977,499,167071.161063
-2059.357007,499,167384.12617
-3732.636634,499,167483.853783
-1866.990855,499,167585.505078
-2346.478738,499,167685.820242
-2111.247908,499,167782.478795
-1607.584768,499,168091.6693
-2240.178521,499,168189.569982
-3082.329925,499,168294.048442
-3334.936657,499,168399.024473
-1267.286112,499,168497.037496
-3121.495313,499,168803.086469
-1614.549293,499,168899.505779
-1930.074898,499,169004.430918
-2804.658604,499,169111.268342
-1911.429168,499,169209.82568
-2707.316922,499,169512.015704
-2246.537944,499,169607.949635
-3254.862058,499,169711.765095
-2566.743095,499,169823.030469
-1550.127495,499,169924.3701
-2107.136547,499,170224.133863
-2867.351719,499,170320.818621
-2136.091565,499,170422.851195
-1858.859129,499,170530.294845
-2426.301077,499,170634.691042
-2622.321218,499,170934.643812
-2074.048999,499,171030.204339
-2355.041474,499,171132.713086
-3525.256106,499,171238.619459
-2772.568686,499,171343.8204
-1705.043675,499,171644.737562
-2718.333472,499,171741.011478
-2818.048676,499,171844.917176
-1224.713993,499,171947.711714
-2458.079237,499,172053.178768
-1698.301614,499,172357.398546
-2181.875991,499,172453.205725
-2287.092673,499,172555.989112
-2146.209535,499,172662.800102
-3158.499635,499,172767.422997
-1842.331702,499,173075.615046
-2891.455777,499,173171.511238
-2427.366566,499,173272.640521
-1991.846062,499,173375.5866
-1856.631201,499,173478.298327
-2784.65972,499,173790.3602
-2115.80038,499,173886.728012
-2436.806229,499,173985.631937
-1982.084445,499,174089.470546
-3223.642373,499,174191.002221
-1979.779156,499,174508.128065
-3060.805592,499,174604.486094
-1521.611105,499,174702.8856
-2014.727942,499,174804.15206
-1750.885282,499,174906.360235
-3317.91142,499,175224.694415
-2748.07287,499,175321.255271
-1611.70931,499,175420.376865
-2158.175279,499,175523.633324
-1911.492746,499,175625.713234
-2316.352144,499,175944.623002
-2559.594725,499,176042.531454
-2243.767342,499,176141.569831
-3522.62656,499,176242.183702
-1781.195368,499,176343.621819
-3280.77131,499,176662.174244
-2229.296941,499,176763.361903
-2163.615809,499,176863.590036
-1921.093057,499,176965.652602
-2623.806436,499,177065.323112
-1870.672064,499,177382.394185
-2598.700894,499,177484.035969
-2555.036642,499,177585.983064
-2937.155883,499,177688.07112
-1597.845101,499,177786.163826
-2242.449631,499,178101.104626
-1550.981339,499,178203.551689
-2321.424124,499,178307.988445
-1923.517058,499,178411.341932
-3111.49081,499,178509.155535
-3587.222408,499,178822.083976
-2505.590483,499,178925.246817
-1916.618027,499,179032.31329
-1874.052467,499,179131.300649
-2714.656807,499,179228.536153
-2066.62648,499,179538.281398
-3147.630155,499,179642.857204
-2746.603952,499,179751.296159
-1672.863503,499,179851.116688
-3625.063429,499,179949.853203
-2188.971998,499,180256.950169
-1936.775369,499,180360.784102
-2423.130946,499,180467.551145
-2726.528425,499,180568.122746
-1968.254615,499,180665.744157
-2136.82722,499,180969.726995
-2471.295232,499,181071.747272
-2231.490041,499,181179.287438
-1925.815653,499,181282.827039
-2189.584184,499,181381.465835
-1749.762155,499,181685.839082
-2244.809388,499,181787.727967
-2505.612835,499,181893.749521
-3255.290813,499,181995.925018
-2561.053301,499,182096.707181
-1931.491749,499,182401.656784
-2399.50712,499,182502.816882
-1816.370682,499,182605.460101
-2210.952105,499,182707.694892
-2525.887637,499,182809.028899
-2469.733133,499,183116.690876
-2522.062481,499,183217.373791
-2121.760313,499,183318.928183
-3163.413645,499,183421.033386
-1464.173679,499,183521.68932
-2178.642835,499,183833.137122
-2825.071585,499,183934.260856
-1747.908343,499,184035.407849
-2854.096163,499,184138.6473
-2143.728668,499,184239.495924
-3105.798164,499,184551.929483
-2256.414379,499,184652.161389
-2041.225067,499,184751.056522
-2174.558735,499,184849.902263
-1969.942012,499,184950.671066
-1867.55391,499,185268.21168
-2453.83601,499,185369.303595
-3545.943597,499,185467.702132
-2302.453916,499,185564.908719
-2072.052978,499,185664.52711
-2062.34341,499,185984.95201
-1808.126521,499,186088.261865
-2106.831691,499,186186.908293
-1557.774562,499,186283.919649
-2413.310117,499,186382.018472
-2932.145262,499,186704.077658
-2322.067337,499,186806.778244
-2831.336798,499,186905.231809
-1582.994368,499,187003.065249
-2398.39184,499,187100.429027
-3392.241756,499,187426.251236
-1499.575873,499,187528.868977
-2435.035487,499,187627.425142
-2718.394341,499,187722.178615
-2660.360402,499,187818.614384
-2537.400541,499,188145.05526
-1764.916325,499,188247.43034
-2435.172619,499,188343.8929
-1442.339724,499,188438.978137
-1739.042914,499,188535.369338
-2783.090417,499,188860.577215
-2339.890193,499,188963.227839
-1709.845898,499,189060.552583
-2862.311632,499,189156.634105
-1756.258545,499,189253.598562
-2163.083995,499,189577.36552
-2582.756095,499,189679.49947
-2269.668967,499,189778.309162
-3203.83647,499,189877.120544
-1879.015629,499,189974.096436
-2617.184199,499,190292.548191
-2894.01471,499,190394.92918
-2059.112286,499,190493.382559
-2037.722739,499,190592.715464
-3187.880035,499,190690.928276
-1713.062623,499,191007.341591
-2617.833003,499,191108.016428
-2478.662091,499,191207.75765
-3193.027642,499,191309.171582
-2533.615564,499,191407.961399
-2575.922108,499,191722.365674
-1902.516087,499,191821.977384
-1702.481401,499,191922.266087
-2454.437248,499,192023.656747
-3195.696661,499,192123.379533
-2827.188471,499,192435.675798
-1551.638757,499,192533.707103
-2637.958041,499,192634.976445
-2179.554393,499,192739.86368
-1845.409118,499,192841.421806
-3339.9144,499,193152.944056
-2163.310228,499,193249.016853
-2812.802768,499,193348.223025
-2607.408596,499,193451.809158
-2895.261131,499,193555.479591
-2480.587631,499,193868.049675
-1598.565921,499,193962.86755
-2044.291321,499,194062.448646
-2722.402652,499,194166.855593
-1713.255705,499,194271.291735
-1705.932898,499,194584.995022
-3733.755602,499,194680.137035
-2678.770012,499,194779.063575
-2262.419853,499,194881.975368
-2407.245206,499,194986.140051
-2490.927201,499,195302.719085
-1977.890478,499,195397.880785
-2255.944455,499,195495.627508
-2722.016887,499,195598.772086
-3087.812305,499,195702.576568
-1245.215874,499,196020.939614
-2644.168694,499,196117.591449
-1851.66922,499,196215.516932
-2402.454567,499,196316.167498
-3453.098795,499,196417.327599
-1769.268635,499,196739.519824
-3076.710103,499,196837.583248
-1576.190433,499,196936.145382
-3038.938799,499,197035.648871
-2099.625078,499,197133.83292
-2024.792302,499,197458.92896
-1703.234143,499,197556.492557
-2890.083547,499,197656.749088
-1783.90905,499,197754.838551
-2210.098444,499,197849.961555
-1846.1514,499,198177.171948
-2902.458023,499,198277.117266
-1897.980517,499,198377.370094
-2883.453276,499,198476.189922
-1727.54131,499,198570.172925
-2003.119922,499,198897.721011
-2455.352889,499,198998.830336
-3363.9705,499,199100.001356
-2740.177484,499,199195.218914
-1502.027831,499,199288.099113
-1944.472875,499,199612.219994
-1881.129116,499,199717.349179
-2331.69113,499,199819.112569
-2139.178543,499,199914.102417
-2067.89278,499,200007.880441
-3059.925296,499,200329.720831
-2309.431322,499,200436.52652
-3494.054018,499,200539.651115
-2099.987561,499,200633.150291
-2258.39719,499,200726.831055
-1954.925341,499,201043.535744
-2845.166244,499,201152.366793
-1692.655559,499,201256.721364
-1985.887896,499,201354.277236
-2357.519601,499,201448.483637
-2836.527998,499,201765.553231
-1728.603506,499,201874.071264
-2839.217383,499,201977.807053
-1969.611639,499,202074.229221
-2159.84263,499,202168.9932
-1897.435398,499,202483.327533
-3161.123584,499,202589.433259
-3238.227669,499,202691.032236
-2081.051993,499,202791.27127
-2105.724578,499,202886.979649
-1722.416069,499,203198.893653
-3109.559977,499,203303.34171
-1930.951538,499,203405.081279
-2721.189426,499,203507.392346
-2782.240691,499,203605.625628
-2052.605049,499,203917.525481
-3100.137382,499,204019.67238
-2822.246251,499,204118.715029
-2373.273974,499,204223.975541
-2500.326798,499,204325.469957
-2110.615683,499,204634.477205
-2210.052736,499,204734.708951
-2087.141876,499,204832.202189
-2568.435123,499,204934.623912
-2491.268344,499,205038.24062
-2220.508799,499,205348.067327
-2592.158084,499,205447.025965
-1986.429023,499,205544.882934
-1956.034376,499,205645.070277
-2537.970296,499,205749.270116
-2879.112634,499,206061.840481
-2353.664124,499,206161.317831
-1797.85458,499,206259.381948
-2155.51531,499,206358.360097
-2580.144753,499,206462.499545
-2227.238233,499,206777.656087
-2255.29463,499,206875.040029
-2064.19926,499,206973.255101
-2311.499572,499,207075.774017
-2051.496432,499,207177.539082
-3005.503154,499,207498.488238
-2312.442733,499,207593.629692
-2560.563951,499,207692.228843
-2814.628638,499,207791.09038
-1916.906944,499,207889.659988
-2360.634728,499,208213.898568
-2115.078575,499,208308.181402
-3158.357512,499,208408.015652
-2665.470606,499,208507.503939
-2191.917632,499,208605.777883
-2182.289938,499,208932.554979
-2625.67069,499,209026.601052
-2268.035888,499,209125.462811
-2659.784201,499,209226.768534
-3066.214867,499,209325.035115
-2581.968099,499,209654.159507
-1998.644645,499,209748.554513
-1989.134275,499,209845.579397
-2352.963139,499,209949.509652
-2689.974972,499,210048.792542
-2624.609171,499,210375.674629
-2872.441788,499,210474.162963
-2461.997648,499,210570.155081
-2545.906591,499,210670.157248
-2766.884857,499,210769.632821
-1696.605291,499,211092.613487
-2166.303966,499,211192.126382
-3895.362761,499,211288.983953
-2024.743646,499,211387.809
-2135.93671,499,211486.571974
-2609.703432,499,211806.215744
-2812.091624,499,211909.175031
-2593.494959,499,212008.263777
-2102.487113,499,212105.352178
-2186.487138,499,212204.658614
-1651.735877,499,212523.106357
-1817.81487,499,212627.561305
-2656.117989,499,212727.293375
-2911.886347,499,212825.787631
-1859.104025,499,212923.498189
-2393.674879,499,213238.499719
-1690.080716,499,213343.983751
-1925.038104,499,213446.10074
-2432.372449,499,213541.884073
-1721.279676,499,213638.058766
-2644.655375,499,213952.870917
-2116.609992,499,214058.359802
-2487.232656,499,214162.400785
-2981.736599,499,214259.833342
-1491.06607,499,214355.170679
-2192.389747,499,214667.965636
-2972.886142,499,214773.698767
-1607.790894,499,214877.634773
-1881.761642,499,214977.346825
-2161.344024,499,215073.903934
-2993.526755,499,215389.053256
-2175.825972,499,215490.158684
-2126.013274,499,215592.485185
-2351.280111,499,215695.163714
-1484.599628,499,215791.186479
-1761.242052,499,216107.129483
-2993.061142,499,216205.859058
-2833.431431,499,216308.473759
-1652.325854,499,216410.163906
-2539.274679,499,216505.888248
-2746.641626,499,216826.902785
-2511.143613,499,216924.135672
-2405.835894,499,217027.863747
-2370.549176,499,217132.624754
-3166.91244,499,217231.657245
-2130.76822,499,217555.063024
-3064.409208,499,217651.24443
-2749.559549,499,217748.468251
-1535.277613,499,217850.141324
-2412.777911,499,217947.212981
-3462.138561,499,218263.103395
-1680.969233,499,218354.873612
-1844.449847,499,218448.64889
-2434.835177,499,218550.497717
-2716.124623,499,218647.639138
-2037.67803,499,218965.434896
-2336.695141,499,219057.674868
-2195.570013,499,219150.477282
-1867.913082,499,219248.438979
-1886.421007,499,219346.765336
-2547.511268,499,219665.26596
-3034.055289,499,219758.2139
-1124.165338,499,219849.478585
-3195.362613,499,219945.547441
-2006.593857,499,220043.866822
-2228.433323,499,220354.550949
-2998.075457,499,220445.822003
-1750.261766,499,220534.190275
-3155.871608,499,220627.916983
-2346.165545,499,220724.878107
-2548.898953,499,221027.716391
-2862.591187,499,221117.853856
-1653.597161,499,221207.385814
-1674.575255,499,221302.144673
-2778.253764,499,221396.399695
-1706.994953,499,221492.127882
-1630.39064,499,221788.109025
-1920.902549,499,221877.987645
-2727.585084,499,221971.766928
-2082.845377,499,222064.414554
-2656.798174,499,222161.018886
-1685.21127,499,222445.223005
-2256.183211,499,222533.049908
-2038.587698,499,222624.049541
-3143.334397,499,222712.718983
-3115.68127,499,222805.664844
-1494.49411,499,223088.710716
-2050.376015,499,223177.73234
-1695.212181,499,223267.003874
-2868.385569,499,223356.330981
-1978.510861,499,223449.001733
-2142.277609,499,223730.348573
-3181.402053,499,223819.123864
-2138.009777,499,223909.188993
-3049.738314,499,224000.335245
-2306.019309,499,224094.168671
-1927.423199,499,224374.974145
-1792.903336,499,224462.963879
-2293.764539,499,224548.698752
-2371.238127,499,224639.731401
-2074.293374,499,224733.450148
-2403.545352,499,225014.503672
-3350.637296,499,225101.763758
-1544.927469,499,225191.129418
-3466.829016,499,225282.807764
-2340.127256,499,225377.045495
-1946.501953,499,225659.527819
-2014.72052,499,225747.110701
-2936.322222,499,225838.203257
-2815.242768,499,225930.752202
-1672.456136,499,226024.615296
-1943.830314,499,226302.626297
-1661.902603,499,226390.310102
-3113.84009,499,226485.00626
-1682.980925,499,226577.414862
-2438.259731,499,226672.433539
-2649.310859,499,226946.561675
-1791.882059,499,227034.674362
-2849.486738,499,227126.079838
-2200.27765,499,227218.735001
-1905.256729,499,227313.236927
-2333.096346,499,227585.354814
-1874.222119,499,227674.07789
-1884.86339,499,227766.500452
-2130.854373,499,227860.855377
-2746.752079,499,227955.339685
-2840.209545,499,228224.73851
-1862.729851,499,228313.594345
-2064.141261,499,228408.914323
-1489.051463,499,228503.386932
-2005.272678,499,228596.37989
-2552.273678,499,228865.02652
-2478.819169,499,228957.577278
-3043.490508,499,229054.91358
-2621.72147,499,229148.29635
-1902.62028,499,229239.375444
-1823.711766,499,229509.667773
-2373.798579,499,229603.527225
-2375.612155,499,229697.849975
-2439.733746,499,229790.133257
-2357.611976,499,229878.916792
-1921.977909,499,230153.193341
-2957.652631,499,230247.80205
-1473.579155,499,230340.626247
-2077.752291,499,230431.317058
-2871.800487,499,230519.205786
-1810.63901,499,230796.701049
-2010.199734,499,230889.010403
-2080.555226,499,230980.878046
-3148.680291,499,231071.444279
-2252.383596,499,231159.521028
-2388.119518,499,231442.70431
-3110.512795,499,231532.903149
-1988.515572,499,231627.702079
-1745.891877,499,231717.966023
-2399.815172,499,231804.709235
-3025.294242,499,232088.599593
-2194.440293,499,232178.757731
-2226.703559,499,232271.244405
-2012.751428,499,232359.1116
-1874.795765,499,232447.729429
-2304.54624,499,232731.56714
-1826.273288,499,232821.086809
-2517.550597,499,232912.430406
-2781.727683,499,232999.021446
-2318.352818,499,233088.110326
-3098.728324,499,233369.38195
-1712.315997,499,233460.555656
-2511.468721,499,233550.202374
-3528.104212,499,233635.445845
-1618.336373,499,233726.827863
-1795.951551,499,234004.627123
-2261.908132,499,234096.136709
-3259.642817,499,234188.060433
-2304.51632,499,234275.411655
-2343.031364,499,234366.261553
-2689.966784,499,234641.075788
-2287.023276,499,234732.022856
-1897.129004,499,234820.346556
-3153.388359,499,234910.501991
-2865.131836,499,235002.114844
-1851.0639,499,235274.091189
-2265.162437,499,235365.785024
-2068.147263,499,235454.840307
-2053.094478,499,235545.78374
-2751.458335,499,235636.347068
-1417.863623,499,235904.907958
-2900.138543,499,235996.817771
-1724.956559,499,236087.406444
-2492.355373,499,236178.472852
-2701.920021,499,236268.378301
-1577.135268,499,236537.288175
-2613.626507,499,236630.464184
-3263.685588,499,236722.645073
-1685.612106,499,236811.881345
-1705.127491,499,236901.816797
-2240.923917,499,237170.921762
-3052.466193,499,237265.627298
-1835.546076,499,237355.299673
-2101.500001,499,237443.627335
-3181.399248,499,237534.78907
-1714.467561,499,237804.177806
-2446.681835,499,237898.701386
-3418.120796,499,237986.758875
-3424.027635,499,238075.30951
-1277.536063,499,238166.24559
-2392.511042,499,238435.948299
-2196.236904,499,238529.628018
-1924.050696,499,238615.968118
-2446.771188,499,238706.308782
-1944.162346,499,238797.294446
-3020.937353,499,239067.831294
-2028.987732,499,239159.901935
-2804.914212,499,239247.784304
-2455.378031,499,239339.819176
-1539.066108,499,239432.314699
-2304.273011,499,239708.382958
-3319.320146,499,239797.885907
-1531.035726,499,239883.643524
-1953.278647,499,239975.722621
-2807.459918,499,240065.48101
-3094.745083,499,240345.942762
-2113.98178,499,240434.479065
-2304.856209,499,240522.290739
-2062.691067,499,240616.263214
-1837.464946,499,240707.516924
-1464.734286,499,240994.939744
-3792.050243,499,241082.228577
-3410.195605,499,241172.506377
-1898.902117,499,241266.346561
-2341.254078,499,241356.693035
-1854.718828,499,241642.457601
-2084.650308,499,241729.167414
-3180.038132,499,241824.255724
-2087.858217,499,241917.603868
-3153.258992,499,242008.698673
-2187.694131,499,242288.327687
-3027.058865,499,242375.444839
-2540.699782,499,242468.737835
-1971.097304,499,242562.959684
-2755.074905,499,242655.274794
-3110.124173,499,242929.734834
-1685.148155,499,243017.973664
-1632.65296,499,243111.214718
-1791.693896,499,243207.425892
-3552.518827,499,243299.399034
-1804.373348,499,243570.829266
-2872.41189,499,243660.244796
-1467.150034,499,243755.989185
-2276.138476,499,243851.948362
-1890.204419,499,243941.022466
-3340.645697,499,244213.432079
-2937.890015,499,244303.749145
-1261.849667,499,244404.835251
-2344.654164,499,244498.12407
-1751.190362,499,244585.594332
-2174.364408,499,244854.848538
-1811.412369,499,244946.899133
-2095.02404,499,245045.149244
-3231.532421,499,245135.761136
-2319.4354,499,245225.202761
-2929.976176,499,245495.232389
-1912.513333,499,245590.180861
-2026.25768,499,245685.784386
-1805.459197,499,245775.690037
-2253.014258,499,245864.615554
-2409.489071,499,246136.299961
-2152.097308,499,246230.394527
-2588.37673,499,246323.506098
-2983.900986,499,246413.120577
-1886.536813,499,246503.023466
-3444.439258,499,246775.243338
-1755.572324,499,246867.592022
-2176.330569,499,246962.515184
-1852.495931,499,247052.448864
-2929.617207,499,247145.056317
-2796.068509,499,247448.211695
-1654.237269,499,247547.255196
-2172.889129,499,247655.568279
-1609.942295,499,247766.164174
-2376.829872,499,247874.132189
-1806.211326,499,248242.550933
-2267.744111,499,248364.281215
-2624.842226,499,248482.18121
-2171.133947,499,248595.624325
-2911.462545,499,248704.454966
-2395.831279,499,249071.73171
-2775.651206,499,249190.507075
-3013.134997,499,249308.794689
-2832.706949,499,249424.48008
-1823.48249,499,249533.966138
-2297.069241,499,249900.825446
-2831.771272,499,250014.85858
-2382.786659,499,250136.57941
-1778.068557,499,250255.618681
-2006.763486,499,250368.551263
-1821.140086,499,250740.60065
-2115.309447,499,250856.567014
-2531.989989,499,250976.589197
-2599.204523,499,251096.732508
-3495.084713,499,251212.725861
-2041.086884,499,251584.893142
-1959.753163,499,251698.420018
-1800.159514,499,251815.216171
-2229.843233,499,251936.901398
-2582.767847,499,252053.661178
-2859.146456,499,252429.074263
-2316.218625,499,252541.023246
-2039.324442,499,252655.511728
-3132.907681,499,252776.634085
-1775.024424,499,252895.749394
-2043.92128,499,253275.683794
-2769.846425,499,253386.991155
-1645.443114,499,253503.260392
-2123.305326,499,253620.108669
-2109.173016,499,253736.871048
-2946.999466,499,254119.962207
-2297.925514,499,254228.786357
-2727.429652,499,254339.134441
-2135.373316,499,254453.38954
-1784.049961,499,254572.512834
-1878.472208,499,254957.609356
-2361.113302,499,255067.567766
-3206.222937,499,255177.087073
-2087.310021,499,255289.597262
-1985.766353,499,255406.779995
-2047.52487,499,255795.557088
-1870.206365,499,255905.05042
-2155.955689,499,256013.89628
-1789.897411,499,256126.142987
-2436.25211,499,256241.905702
-2437.395885,499,256635.809135
-2219.512514,499,256747.508375
-2603.720535,499,256858.471066
-1448.972747,499,256969.241706
-2248.310112,499,257083.829391
-3704.387808,499,257478.950407
-1611.673932,499,257590.535096
-1952.924035,499,257700.664076
-2326.308973,499,257810.593345
-2978.104626,499,257924.880985
-2638.796699,499,258317.72923
-1932.307341,499,258430.689147
-2244.490466,499,258540.864972
-1762.542786,499,258652.236784
-1993.499643,499,258765.086775
-3139.736176,499,259158.310788
-2587.966952,499,259271.835454
-2899.900236,499,259383.779695
-2376.009449,499,259494.5536
-1760.186362,499,259606.358269
-2259.291925,499,259996.630418
-2618.987787,499,260111.248174
-1611.377755,499,260226.695013
-3262.783155,499,260337.680759
-1555.075124,499,260448.094025
-2682.392962,499,260836.029207
-3040.161152,499,260950.407832
-1740.025748,499,261065.900745
-2757.329258,499,261177.579102
-3500.652059,499,261287.703571
-1583.843962,499,261672.977419
-2071.51049,499,261787.199131
-2379.04384,499,261904.080794
-3131.019092,499,262018.33729
-2768.276435,499,262129.011303
-2110.873233,499,262508.640239
-3896.352855,499,262622.864001
-1851.874225,499,262740.461812
-1795.819459,499,262856.280043
-3178.923694,499,262967.699425
-2784.562508,499,263342.005978
-1475.347206,499,263457.826328
-2579.362159,499,263579.381117
-2053.06241,499,263696.453474
-2373.306118,499,263808.530212
-2145.907289,499,264178.447916
-1818.0059,499,264295.13413
-3375.743362,499,264412.783586
-1648.743168,499,264531.230589
-2637.512109,499,264647.600343
-2733.343186,499,265011.788648
-1440.142956,499,265128.048789
-2104.331669,499,265245.702621
-3259.66175,499,265362.684325
-1532.003949,499,265481.017196
-1795.609352,499,265844.734149
-2699.699123,499,265961.337272
-2924.004826,499,266078.088619
-2206.105461,499,266195.477485
-2596.675341,499,266315.209013
-1885.342542,499,266676.374955
-2096.408128,499,266791.721256
-1725.714881,499,266911.581816
-3483.450217,499,267028.176187
-3007.740355,499,267147.868304
-2130.351287,499,267513.050566
-2498.804019,499,267628.354295
-1830.062412,499,267744.644308
-2120.117157,499,267859.883118
-2624.728846,499,267978.86689
-1914.967243,499,268348.281239
-3043.424726,499,268461.816662
-2531.903575,499,268576.785595
-2430.298646,499,268692.95699
-2194.370947,499,268810.79307
-1922.960672,499,269182.290621
-2475.330716,499,269294.687028
-3067.264439,499,269408.996475
-1594.609105,499,269525.556869
-1636.474169,499,269644.102321
-1909.621712,499,270018.735461
-2903.940542,499,270131.695904
-1905.595842,499,270246.845936
-2681.555555,499,270364.382007
-2397.610548,499,270482.625953
-2127.40315,499,270857.622489
-1979.438523,499,270972.573765
-2959.019067,499,271084.210931
-2687.176699,499,271201.181018
-1183.916981,499,271320.178289
-2382.272513,499,271697.529496
-1520.151734,499,271812.762175
-2271.83446,499,271923.565504
-2277.829376,499,272040.2167
-2512.277698,499,272158.977332
-3495.474699,499,272537.323915
-2223.954361,499,272651.372616
-2867.263969,499,272763.599007
-2137.540029,499,272879.483248
-1868.238052,499,272998.099246
-1981.593332,499,273375.802881
-2547.31218,499,273490.185588
-1879.54072,499,273606.060556
-2149.695635,499,273722.374353
-2150.791826,499,273840.206168
-3444.322741,499,274216.998717
-1621.12278,499,274331.991638
-3492.891972,499,274446.060499
-1707.324779,499,274561.50327
-2330.661506,499,274677.443059
-1733.574484,499,275055.575081
-3077.647417,499,275169.654899
-3062.542922,499,275284.686769
-1767.221726,499,275400.069329
-3121.805949,499,275514.415607
-2154.71188,499,275893.581716
-2438.88619,499,276007.512087
-2664.354027,499,276122.975075
-2276.322724,499,276237.562384
-2699.098856,499,276350.91733
-2057.025727,499,276730.744599
-3135.170097,499,276844.498361
-2024.96808,499,276963.651725
-2181.599562,499,277079.042069
-2685.78291,499,277193.435376
-2224.069656,499,277572.691733
-2006.036758,499,277686.889325
-2287.162268,499,277804.53011
-2406.196111,499,277921.444603
-2793.157381,499,278035.242499
-1833.037643,499,278414.238679
-2369.324633,499,278528.906875
-1577.127896,499,278646.872533
-3373.995592,499,278764.760759
-2352.14152,499,278878.514763
-2564.292869,499,279253.757621
-2693.454995,499,279370.566398
-2175.044998,499,279489.672811
-2375.102941,499,279605.603298
-1642.795411,499,279720.133269
-2139.095242,499,280094.331263
-2313.247975,499,280211.078923
-2336.0395,499,280331.949876
-2980.833363,499,280448.968707
-1950.927498,499,280563.963985
-3387.868811,499,280938.862614
-1407.108334,499,281056.841668
-2563.839426,499,281175.746318
-3102.699287,499,281291.776936
-1563.819229,499,281406.764299
-2175.74629,499,281780.403672
-2280.363969,499,281897.354171
-2868.672712,499,282017.002494
-2113.037643,499,282132.007092
-2116.238051,499,282247.115357
-2449.367184,499,282621.686291
-1992.872906,499,282738.158221
-1775.129842,499,282857.998471
-2403.575247,499,282973.286585
-3855.705921,499,283090.006808
-2199.670979,499,283463.379047
-2099.21543,499,283580.638236
-1797.757987,499,283703.164193
-2569.556162,499,283818.577252
-2013.146428,499,283934.942252
-2084.196152,499,284308.141485
-2489.716165,499,284424.81906
-2303.932923,499,284541.714787
-2560.739673,499,284658.890024
-2558.902306,499,284774.596659
-1461.141713,499,285146.37338
-2060.220703,499,285264.268951
-3745.372056,499,285380.693154
-1800.299576,499,285498.53775
-1747.148617,499,285613.807997
-2211.148859,499,285991.873677
-3013.488416,499,286108.58835
-2710.20844,499,286225.84203
-2178.9291,499,286343.248994
-2141.499353,499,286457.755796
-1774.865263,499,286830.893556
-1989.970927,499,286946.50268
-3110.18515,499,287064.961964
-2544.885198,499,287182.645125
-2048.822142,499,287297.078609
-2809.637664,499,287673.153273
-1697.460734,499,287789.387493
-2302.853833,499,287906.944335
-2544.695812,499,288022.957575
-1514.331268,499,288138.308897
-2672.028972,499,288514.262516
-1525.100896,499,288628.824318
-2753.586004,499,288745.651771
-2548.266144,499,288861.702868
-2149.685369,499,288976.110379
-2202.33052,499,289352.256543
-3832.233761,499,289466.861197
-1869.600879,499,289584.480244
-2318.955243,499,289701.344607
-2885.4942,499,289815.254829
-3869.558147,499,290193.118962
-1929.521186,499,290306.914291
-1965.525242,499,290425.650439
-2712.60344,499,290542.005899
-1573.018698,499,290655.924133
-2129.686936,499,291036.615088
-3664.900798,499,291151.40273
-2716.938933,499,291268.373648
-1417.042754,499,291385.297576
-2983.900993,499,291496.92404
-1912.761396,499,291879.90905
-1851.111954,499,291995.561698
-2318.809354,499,292111.340303
-2582.410693,499,292226.920664
-2741.352361,499,292340.112373
-1986.643433,499,292723.903649
-2838.238458,499,292838.613237
-2393.869375,499,292954.429262
-2562.026055,499,293068.456238
-2191.494426,499,293182.821092
-3030.142393,499,293565.630878
-1965.178101,499,293681.691088
-2124.892451,499,293800.458463
-2389.122912,499,293913.042053
-3514.326595,499,294027.459432
-1988.669521,499,294412.418493
-2640.559087,499,294530.334327
-2895.372656,499,294645.759981
-1930.962685,499,294758.203795
-1535.861636,499,294872.681245
-3319.142877,499,295258.220876
-2740.981675,499,295374.880834
-1730.278356,499,295487.079845
-2370.022315,499,295597.81621
-2066.057533,499,295712.817178
-2142.908045,499,296099.578506
-2439.926852,499,296217.433691
-2141.596964,499,296330.154469
-2977.198643,499,296441.190318
-2035.917673,499,296555.614537
-2456.63654,499,296945.890612
-2825.623187,499,297064.286166
-1482.712577,499,297179.324758
-2199.746203,499,297290.1446
-3001.075412,499,297403.324882
-1568.263765,499,297520.919026
-1669.048611,499,297908.416171
-2725.079579,499,298020.912156
-2648.859127,499,298132.761307
-2825.574491,499,298246.234039
-3007.938697,499,298364.412424
-1996.705039,499,298754.972737
-2192.663371,499,298867.97473
-2295.962088,499,298979.389167
-3103.810906,499,299092.226314
-2637.84277,499,299208.416833
-1185.228118,499,299598.955105
-2119.122725,499,299713.025256
-1844.706663,499,299824.507807
-2015.032603,499,299935.936657
-2125.496701,499,300051.632095
-1966.94298,499,300441.003852
-4070.242457,499,300558.317472
-1849.485759,499,300671.659035
-3148.969305,499,300784.01225
-2290.327998,499,300899.317064
-2130.21933,499,301289.432118
-1777.043173,499,301404.31737
-3871.170762,499,301517.335147
-1868.941855,499,301627.871068
-2643.495577,499,301740.239097
-2189.900871,499,302129.774594
-2833.100973,499,302244.907216
-1465.571234,499,302358.70685
-3027.210543,499,302470.586937
-1922.261412,499,302582.588363
-2079.301288,499,302971.193169
-1904.802762,499,303085.455152
-2930.120311,499,303198.763074
-2832.416456,499,303311.030941
-1738.665515,499,303423.085335
-2750.334502,499,303811.636276
-1825.692285,499,303930.205664
-2692.147273,499,304043.390907
-1702.825186,499,304155.418616
-2559.206971,499,304268.678199
-2877.359399,499,304656.437424
-1915.617302,499,304770.438968
-3665.459934,499,304883.961258
-2149.991827,499,304995.898819
-1897.576526,499,305111.860873
-2371.535767,499,305497.80638
-2311.010743,499,305613.959851
-1936.069325,499,305726.73796
-2111.6379,499,305839.366311
-2415.354814,499,305955.547933
-2471.868173,499,306341.794872
-1965.464237,499,306458.556419
-2758.298569,499,306571.457228
-1474.981932,499,306684.952959
-2397.184091,499,306802.586615
-2271.948572,499,307183.615449
-2811.599751,499,307301.911741
-2670.156055,499,307415.666692
-1793.717017,499,307529.707662
-1860.04376,499,307644.918936
-2634.407017,499,308028.772455
-2143.767549,499,308144.488293
-2033.666056,499,308257.956329
-2800.16606,499,308371.986634
-2924.076495,499,308486.451095
-2413.337793,499,308871.277066
-3204.806623,499,308986.820569
-1430.172633,499,309101.923741
-2069.973071,499,309216.633779
-2927.422049,499,309332.090759
-2240.10275,499,309712.736681
-1904.573942,499,309827.168129
-2281.80354,499,309941.373064
-2757.055989,499,310054.923086
-2269.425286,499,310169.910824
-1962.727995,499,310553.077249
-2300.347322,499,310671.338489
-1906.120619,499,310786.927088
-1823.542441,499,310900.541914
-2648.33746,499,311014.242151
-2900.50927,499,311397.480562
-2189.521848,499,311513.516526
-2064.323452,499,311630.135111
-1823.093211,499,311743.77649
-1739.246905,499,311857.108666
-1868.335013,499,312243.015727
-2243.672529,499,312360.194174
-2224.075269,499,312475.931403
-3803.587786,499,312589.776635
-2175.223971,499,312704.149235
-3226.264878,499,313087.13515
-1811.794237,499,313204.445052
-2083.742472,499,313319.777637
-3695.387,499,313434.77269
-1660.982608,499,313548.67869
-2106.036523,499,313932.433286
-2757.174597,499,314051.257174
-3167.663849,499,314166.439702
-2241.709718,499,314281.130295
-2649.909684,499,314395.274671
-2155.558881,499,314779.392889
-1776.989169,499,314897.025279
-2223.575636,499,315011.746554
-2555.695433,499,315124.580925
-3067.985701,499,315240.948027
-1950.346883,499,315623.33289
-2269.572288,499,315741.994867
-1635.428726,499,315856.557315
-2571.887043,499,315970.539766
-2601.821692,499,316086.235466
-1313.046588,499,316467.257498
-3033.031102,499,316589.109607
-1461.853119,499,316703.17925
-2870.679848,499,316817.423301
-2803.424654,499,316932.449178
-2718.912964,499,317313.457463
-2128.152695,499,317436.50966
-3332.369973,499,317550.033319
-1706.972046,499,317665.581863
-2541.285373,499,317780.31879
-2221.366303,499,318160.880979
-3007.305537,499,318279.123754
-2018.123465,499,318392.520403
-1902.204346,499,318509.002074
-2610.725464,499,318624.107653
-1551.549756,499,319002.519663
-2378.2636,499,319120.022007
-3090.266469,499,319233.50307
-2570.073397,499,319349.159342
-1135.038496,499,319464.714148
-2567.371672,499,319842.680315
-1779.556642,499,319960.843465
-1719.549793,499,320074.021439
-2306.411419,499,320189.661248
-1665.874142,499,320305.315094
-2768.033979,499,320683.527088
-1678.173909,499,320802.652751
-2664.498595,499,320916.491468
-2307.984115,499,321033.479273
-2107.879911,499,321147.590623
-1990.493241,499,321525.845801
-3427.351422,499,321641.461915
-1818.818962,499,321757.166731
-1673.394316,499,321874.453167
-2274.723826,499,321989.407418
-3047.230587,499,322371.214908
-2063.056595,499,322486.139891
-2342.983345,499,322600.542386
-2058.516479,499,322716.226157
-1856.95146,499,322830.553343
-1883.338681,499,323211.676242
-3184.48824,499,323326.190304
-3248.617036,499,323440.595083
-1816.889422,499,323556.186678
-2533.805907,499,323670.376891
-1758.996661,499,324053.072538
-1978.168082,499,324170.538725
-2293.853417,499,324285.511456
-2207.315789,499,324400.515811
-2837.192807,499,324514.134881
-2084.661093,499,324899.457306
-2478.642991,499,325015.037328
-2818.685702,499,325129.975443
-1942.985899,499,325245.095883
-2055.11345,499,325358.326775
-3024.005429,499,325743.306789
-2136.994437,499,325860.058196
-1791.480917,499,325975.549617
-2641.257221,499,326088.791023
-2565.796785,499,326202.127952
-3498.621175,499,326586.967804
-2505.750018,499,326703.480543
-1789.835329,499,326819.268326
-2164.563203,499,326933.858191
-2376.864823,499,327047.906048
-3054.140865,499,327430.824301
-3615.109919,499,327551.399569
-1276.710488,499,327668.024311
-2791.446719,499,327780.194429
-1786.110741,499,327894.152402
-2230.441842,499,328277.184458
-2018.932014,499,328395.543233
-1968.490948,499,328512.531335
-3299.576744,499,328625.446039
-1891.548719,499,328740.052895
-3254.696584,499,329122.514529
-2149.5079,499,329242.321033
-1790.558787,499,329359.263039
-1893.871631,499,329470.147293
-3652.745013,499,329583.696952
-1978.257247,499,329964.227625
-2214.229379,499,330085.746349
-2225.817775,499,330203.734202
-3556.555627,499,330314.942553
-1922.143289,499,330428.282564
-2753.312537,499,330808.170503
-1619.696064,499,330930.429343
-1968.505353,499,331048.204113
-1903.292678,499,331160.09441
-2835.923719,499,331273.478374
-2948.907487,499,331651.818
-1554.774438,499,331772.945291
-2260.549022,499,331891.489338
-1864.673734,499,332004.594909
-2719.876331,499,332116.97086
-1914.534542,499,332492.325823
-2445.234265,499,332612.435125
-2558.11877,499,332732.329712
-1798.922252,499,332847.207426
-3297.966071,499,332960.661155
-2063.852093,499,333333.103094
-2282.716362,499,333452.468504
-2465.807508,499,333571.788129
-3032.202478,499,333687.598929
-1781.574785,499,333801.892543
-2521.306698,499,334173.157388
-2393.104825,499,334295.777128
-2522.414583,499,334415.05922
-1779.486728,499,334533.85488
-2722.145108,499,334647.645431
-1577.864439,499,335015.650175
-2747.149146,499,335134.090234
-2167.071616,499,335253.235759
-2583.216421,499,335373.126481
-2772.739049,499,335488.38183
-2371.631897,499,335856.114337
-2084.002693,499,335974.78532
-2632.457848,499,336092.699821
-3352.317993,499,336213.519603
-2816.275865,499,336328.469327
-1864.287221,499,336691.847066
-3080.145384,499,336810.632571
-1762.991243,499,336928.463881
-2839.487247,499,337048.793727
-2221.408012,499,337164.631534
-1934.209598,499,337526.608951
-3098.992539,499,337647.972377
-1537.743708,499,337769.509085
-2170.909621,499,337889.527425
-2261.558146,499,338005.329087
-3054.021573,499,338368.817299
-2331.503706,499,338485.737476
-1953.93148,499,338608.074322
-2161.501781,499,338728.279793
-2142.20033,499,338843.410018
-1714.107558,499,339208.614851
-2671.799852,499,339323.193767
-2890.496033,499,339444.44373
-2132.802709,499,339565.874984
-1795.984689,499,339680.643076
-1823.394201,499,340047.575686
-1544.417588,499,340160.500888
-2347.732241,499,340282.889471
-2297.743627,499,340404.203183
-3074.389483,499,340519.260999
-2889.915121,499,340886.972016
-2255.592057,499,341001.154532
-3752.621034,499,341121.362972
-1629.436822,499,341244.041059
-2209.660413,499,341358.479057
-3945.357612,499,341726.930838
-1722.007989,499,341838.63213
-1751.61227,499,341957.585245
-2663.284175,499,342078.948406
-2726.091163,499,342196.16525
-2091.034697,499,342566.52706
-2222.425523,499,342677.755615
-2383.413081,499,342795.120718
-1770.755099,499,342917.241021
-1954.900685,499,343036.001062
-2493.965126,499,343409.173587
-2754.966811,499,343521.597633
-2741.11536,499,343636.003842
-2685.642839,499,343756.055418
-1915.814265,499,343875.374578
-2195.026965,499,344250.654293
-2999.741114,499,344367.871411
-1401.349511,499,344480.723604
-2564.133218,499,344598.926151
-1919.624927,499,344719.07143
-2680.789832,499,345094.709846
-3115.837475,499,345211.957433
-1898.993918,499,345322.918964
-2194.056756,499,345437.620756
-3522.963772,499,345555.788524
-1580.62501,499,345932.464397
-2434.32047,499,346051.565147
-2534.276237,499,346163.584388
-2969.729888,499,346275.662086
-2294.383978,499,346393.427568
-1861.763671,499,346772.375001
-2992.025583,499,346892.837672
-1777.255908,499,347006.175411
-1869.375732,499,347116.92367
-3258.626486,499,347232.288402
-2575.060992,499,347611.731378
-1560.09453,499,347733.751983
-2476.505225,499,347849.544154
-2056.457782,499,347960.694169
-2341.791886,499,348075.339148
-2198.482077,499,348459.325333
-1969.987082,499,348577.104924
-2774.165999,499,348692.956799
-2066.365544,499,348803.255723
-2463.150639,499,348917.1297
-2390.697214,499,349301.648161
-1633.768186,499,349420.538958
-2048.422995,499,349536.612684
-3600.769922,499,349648.455214
-2227.288263,499,349760.938268
-1732.918688,499,350144.803564
-2220.54879,499,350262.486531
-2879.802741,499,350376.935208
-2348.451699,499,350490.148372
-2750.819598,499,350601.9975
-2111.208861,499,350985.467904
-1582.313911,499,351106.884787
-2776.929536,499,351222.810136
-3018.131322,499,351337.145514
-2774.074129,499,351450.427858
-1681.232267,499,351831.459088
-3144.515869,499,351948.277724
-1713.783231,499,352062.181444
-2066.672504,499,352177.259114
-2242.864531,499,352290.798082
-2041.526694,499,352666.641968
-2895.684453,499,352784.654265
-1912.085105,499,352900.862756
-2260.213865,499,353014.826135
-3156.52963,499,353129.264106
-1583.024477,499,353502.899819
-2904.890752,499,353620.527655
-3009.003908,499,353734.891743
-1416.73316,499,353850.146749
-1870.235821,499,353965.907036
-2119.605515,499,354340.183673
-2801.633768,499,354461.62219
-2847.333741,499,354577.001725
-2439.947813,499,354691.0633
-1834.708981,499,354805.194713
-1875.607792,499,355179.505327
-1802.322566,499,355296.153973
-2721.775069,499,355412.207071
-3101.240827,499,355526.999154
-1408.333431,499,355641.196204
-2527.71903,499,356017.173066
-1581.390249,499,356134.104847
-2069.570928,499,356252.048599
-2542.485918,499,356366.769309
-1906.469504,499,356481.568213
-4043.315579,499,356857.785764
-2002.844785,499,356973.168632
-2959.648896,499,357090.419373
-1889.719589,499,357204.653413
-1764.955654,499,357319.998412
-1761.600858,499,357700.635165
-3230.576276,499,357817.698157
-1663.763874,499,357934.334061
-1952.174944,499,358048.461058
-2128.888353,499,358163.233409
-2797.645974,499,358546.767776
-1770.968538,499,358660.536756
-2616.055311,499,358775.42363
-1596.555993,499,358888.454054
-2039.427025,499,359001.779821
-1833.439735,499,359389.739088
-3033.253661,499,359502.380327
-3365.236426,499,359616.436965
-1615.116457,499,359728.709945
-2066.210146,499,359842.202881
-1713.966921,499,360231.039478
-3579.860063,499,360344.829196
-2060.864521,499,360457.669861
-2234.417171,499,360570.882728
-2677.291307,499,360684.795889
-1887.027807,499,361077.991804
-3492.536542,499,361194.711229
-2050.294492,499,361306.72094
-1909.387883,499,361418.749841
-2398.673745,499,361534.711087
-3045.485325,499,361926.839447
-1759.69145,499,362040.541692
-2049.245666,499,362151.300352
-2797.861346,499,362264.946902
-2481.485109,499,362380.119244
-1863.512659,499,362774.77363
-2333.882758,499,362888.022868
-1391.44243,499,362998.216972
-2990.493149,499,363110.091057
-2086.592713,499,363225.851211
-2725.727701,499,363618.835517
-3071.444783,499,363733.280048
-1851.142766,499,363844.54347
-1821.18102,499,363957.17664
-1831.104042,499,364072.9836
-2490.467785,499,364463.410668
-2112.203153,499,364581.755715
-2795.087753,499,364694.202792
-2723.717107,499,364805.613192
-1966.129856,499,364921.184697
-3172.828308,499,365295.92709
-2476.941323,499,365409.2446
-2207.167322,499,365517.66898
-3068.551243,499,365628.153157
-2009.903799,499,365740.457672
-1898.380477,499,366110.083413
-2127.966256,499,366223.921443
-2719.439261,499,366334.527018
-2347.560612,499,366446.169729
-1945.104563,499,366557.640823
-2526.752768,499,366924.930645
-1701.728476,499,367039.458047
-1706.095279,499,367151.589084
-2535.630437,499,367263.294243
-2692.219721,499,367373.574542
-2259.934536,499,367737.845909
-2510.448562,499,367856.097051
-2035.603408,499,367970.772703
-1629.809714,499,368083.402995
-2204.306853,499,368193.72862
-2017.085728,499,368553.672029
-2181.135933,499,368667.242315
-2889.560429,499,368782.411062
-1965.025834,499,368896.78308
-3183.884469,499,369007.061217
-1918.722602,499,369368.165645
-2043.889315,499,369481.183316
-3364.202252,499,369596.871022
-1474.256368,499,369711.813473
-2104.965222,499,369822.193094
-2494.647724,499,370181.286539
-2681.689491,499,370292.023913
-2284.973308,499,370409.171038
-2195.213718,499,370523.776689
-2238.823089,499,370635.51477
-2686.652746,499,370991.979957
-2670.621657,499,371105.91483
-2479.286554,499,371221.626831
-3122.719435,499,371337.236504
-2097.212109,499,371450.636717
-2495.650824,499,371807.886988
-2073.118526,499,371920.933544
-2067.634798,499,372035.444098
-2549.591614,499,372151.024677
-1390.7344,499,372264.381666
-2390.464085,499,372621.198727
-2186.063964,499,372736.316711
-2566.137277,499,372849.443346
-2774.741181,499,372963.719529
-2238.206609,499,373077.431636
-2218.686249,499,373432.21416
-3517.416594,499,373548.402592
-1754.193877,499,373662.900521
-2548.566418,499,373774.262147
-2665.805798,499,373885.884874
-2799.662059,499,374243.777065
-1904.666836,499,374363.731852
-1763.419458,499,374479.307126
-2316.875269,499,374589.695517
-1616.539628,499,374700.484945
-1985.137988,499,375060.785568
-3042.259434,499,375176.658617
-2642.797876,499,375293.640685
-1872.964062,499,375403.364829
-2977.471597,499,375512.650461
-1951.970429,499,375872.845329
-1952.53834,499,375987.897934
-2439.076948,499,376106.267626
-2023.157077,499,376217.638577
-2859.778008,499,376325.190066
-1828.876495,499,376689.449239
-2976.571265,499,376804.230875
-3414.735707,499,376922.356771
-1465.610661,499,377033.707289
-2180.59179,499,377138.865863
-3221.211502,499,377507.531751
-1670.949996,499,377626.396941
-1971.801001,499,377744.216573
-2049.036548,499,377857.891448
-3178.337066,499,377960.980811
-1911.580488,499,378327.717174
-2118.015275,499,378445.040754
-2247.47297,499,378560.610962
-1732.396487,499,378672.131728
-2188.409542,499,378776.940577
-3346.607781,499,379141.058005
-3297.38777,499,379258.721619
-1391.938542,499,379374.342374
-2335.679163,499,379485.900803
-1545.201015,499,379591.884006
-2008.927725,499,379952.001051
-2278.329919,499,380071.26339
-2006.235392,499,380188.300922
-2926.738682,499,380299.905303
-1597.642836,499,380406.868615
-3038.655253,499,380511.972275
-2761.498198,499,380884.32775
-1497.609108,499,381001.081132
-2227.899391,499,381112.407044
-3188.850665,499,381221.54619
-1650.685902,499,381328.493611
-2054.278243,499,381694.024805
-2659.29542,499,381811.46611
-2686.543545,499,381923.093808
-2644.761919,499,382032.309153
-2447.023215,499,382140.116297
-2670.201166,499,382497.686109
-2127.222746,499,382617.25506
-1686.450617,499,382728.018012
-2798.222601,499,382837.859004
-3411.684318,499,382947.446954
-1601.392084,499,383303.48151
-2340.31556,499,383422.161657
-2213.703352,499,383535.226249
-2211.367145,499,383647.376758
-2005.266296,499,383758.938128
-1834.989023,499,384115.358939
-3304.270213,499,384234.164329
-1966.826252,499,384347.956145
-2974.522462,499,384458.684337
-2221.118307,499,384572.070834
-1672.239419,499,384922.790006
-1816.406562,499,385040.121108
-2954.889876,499,385154.560876
-2466.4396,499,385267.409866
-1865.927742,499,385380.634172
-2306.530684,499,385731.687889
-2814.698362,499,385847.530058
-2012.886196,499,385961.814297
-2862.259848,499,386076.773971
-1560.293988,499,386189.485401
-1965.321025,499,386542.866541
-2038.847439,499,386656.829218
-3539.620689,499,386772.14947
-2869.750012,499,386887.615987
-1904.626071,499,387001.514541
-2078.732976,499,387359.785859
-2241.482336,499,387472.093303
-2643.583582,499,387586.835393
-1912.25072,499,387702.254988
-2059.946569,499,387815.583375
-3250.554963,499,388171.504515
-1780.260647,499,388283.683299
-3575.791001,499,388397.086173
-2039.694958,499,388512.740634
-2777.055442,499,388626.822066
-2141.593948,499,388985.010839
-2551.412168,499,389096.714022
-1703.354677,499,389209.292892
-2050.762356,499,389324.946093
-2318.931315,499,389438.900621
-2376.61757,499,389801.143523
-1772.524939,499,389913.734661
-3147.293116,499,390025.67105
-1859.365581,499,390139.947196
-2254.250513,499,390254.089291
-2056.803008,499,390620.013322
-2508.051926,499,390733.590514
-3061.326001,499,390846.75046
-1896.838883,499,390959.258968
-1882.253399,499,391072.424577
-2396.574091,499,391434.36397
-2568.29211,499,391547.891021
-2077.894578,499,391661.542686
-2655.238112,499,391772.758936
-3507.097111,499,391885.619504
-1810.145392,499,392247.007934
-3113.960795,499,392361.640916
-2536.087347,499,392475.878543
-2074.030928,499,392587.450091
-2537.839395,499,392698.790787
-1506.287004,499,393058.085128
-1987.441234,499,393176.487754
-2102.05403,499,393290.727942
-2618.271035,499,393401.075296
-2749.49117,499,393512.860267
-1989.326899,499,393872.31791
-3307.111722,499,393990.225199
-1707.557402,499,394104.549016
-1850.766433,499,394213.94791
-2729.832019,499,394324.027019
-2640.145227,499,394682.132734
-2244.81134,499,394800.849629
-2053.15136,499,394917.758189
-1704.961521,499,395027.842744
-2350.901831,499,395137.842712
-2467.10085,499,395490.646752
-2206.141259,499,395609.371102
-2221.199277,499,395727.378086
-2642.56767,499,395839.158514
-2031.040403,499,395949.089696
-3859.820038,499,396304.174635
-1535.888052,499,396420.330984
-2078.777041,499,396539.017216
-3312.864468,499,396652.030205
-2951.283652,499,396763.231547
-1734.879478,499,397120.133887
-2518.630585,499,397236.870906
-2800.252422,499,397355.025024
-2191.649178,499,397469.529792
-2305.531334,499,397581.51862
-2774.719546,499,397933.12088
-3056.578178,499,398047.267275
-2181.133347,499,398163.233958
-2412.650269,499,398278.476378
-3013.301496,499,398392.205121
-2650.564527,499,398744.396529
-2339.438046,499,398858.072335
-2447.726395,499,398972.697632
-2114.770328,499,399089.474881
-2414.067006,499,399203.525504
-1737.28776,499,399558.125209
-2295.200485,499,399671.025133
-2214.043914,499,399784.461246
-2705.52861,499,399901.182272
-3216.756533,499,400017.253236
-1746.679491,499,400375.294988
-1984.990529,499,400487.195086
-3455.787277,499,400601.230217
-1574.286401,499,400715.812203
-1993.61582,499,400831.637311
-2250.141504,499,401187.696916
-2694.562157,499,401299.491822
-1908.786482,499,401412.570328
-1841.340362,499,401525.739368
-3043.759974,499,401642.109725
-2144.80691,499,402001.089432
-1762.026088,499,402111.634054
-3213.406194,499,402224.078
-2624.208993,499,402338.003728
-1376.728802,499,402454.335439
-2305.12265,499,402817.819982
-2355.010952,499,402927.876435
-2190.870217,499,403041.177327
-2579.27236,499,403156.334779
-1646.12097,499,403270.522555
-3051.592028,499,403637.318562
-1831.991473,499,403747.089812
-2826.509648,499,403860.327617
-3438.367316,499,403974.945318
-1819.898918,499,404088.310723
-1966.399923,499,404454.525589
-3078.062177,499,404564.175074
-2408.481785,499,404678.612392
-2755.862172,499,404793.618939
-2184.710043,499,404906.750875
-3524.433149,499,405273.436088
-2093.529932,499,405381.413444
-3448.478088,499,405496.591835
-1832.743734,499,405612.517597
-1837.886357,499,405724.228677
-2288.203046,499,406088.813358
-3197.595134,499,406198.041494
-3175.094838,499,406313.331121
-1959.105482,499,406431.392844
-2431.850513,499,406542.960656
-1990.472759,499,406907.897442
-2276.291272,499,407017.911505
-2882.608147,499,407133.600811
-1833.098174,499,407252.113974
-2990.13868,499,407364.84107
-1684.631683,499,407723.186514
-3025.111892,499,407834.42529
-3009.391802,499,407949.226837
-1422.984417,499,408069.173204
-2393.063572,499,408182.610137
-3050.130733,499,408538.044672
-1431.443919,499,408648.390468
-1503.388771,499,408764.969159
-2343.554238,499,408883.960006
-2861.247347,499,408999.785994
-2282.969449,499,409351.829567
-2402.772538,499,409463.629267
-2548.877695,499,409581.301762
-1768.483601,499,409700.206474
-1865.51375,499,409816.874907
-2690.866373,499,410167.022277
-2822.72245,499,410279.860819
-1099.178425,499,410396.753927
-3015.063784,499,410516.542098
-2191.603351,499,410632.537095
-1887.107905,499,410979.369759
-2224.211605,499,411091.064401
-1863.95447,499,411209.062272
-3177.253197,499,411328.037048
-1737.561763,499,411443.943064
-2933.885021,499,411791.064867
-1991.005993,499,411902.296839
-1606.380542,499,412019.705911
-1771.570633,499,412139.325045
-2931.284144,499,412256.072199
-1947.537169,499,412596.952482
-1935.816774,499,412706.816717
-2136.357424,499,412821.827073
-2843.75613,499,412938.553359
-2936.545872,499,413053.082221
-2532.854785,499,413395.238302
-1589.747781,499,413505.695146
-2376.380095,499,413620.025417
-1869.225656,499,413736.857012
-3839.891702,499,413850.582587
-2904.390966,499,414194.251735
-1523.809641,499,414302.909945
-2289.568411,499,414415.462642
-1687.059582,499,414533.012996
-2349.277922,499,414646.077795
-1842.044165,499,414989.203822
-2588.163519,499,415096.989533
-2900.919614,499,415208.379311
-1739.488686,499,415323.900024
-3320.901876,499,415436.501439
-1974.979394,499,415784.121924
-2088.049974,499,415891.5708
-2080.920904,499,416001.920348
-2350.613275,499,416115.287724
-2419.647236,499,416228.24171
-2050.135982,499,416581.71735
-2100.656997,499,416689.984625
-2459.536058,499,416799.460176
-1711.6647,499,416912.376836
-3081.724883,499,417026.722222
-1574.250903,499,417381.211043
-2246.502335,499,417490.144686
-2027.213774,499,417597.197349
-2334.845825,499,417707.259024
-2845.643183,499,417821.44695
-2033.6694,499,418176.342077
-1847.889845,499,418285.89508
-1817.175042,499,418392.505314
-2437.673166,499,418501.191047
-2001.639508,499,418615.81424
-2841.756245,499,418978.561009
-2898.504352,499,419088.695798
-1721.846386,499,419195.36855
-2937.128695,499,419301.799218
-2434.587903,499,419415.675901
-1891.893783,499,419785.31276
-2729.799303,499,419894.745405
-2684.488042,499,419999.167521
-2085.743671,499,420103.992548
-2760.567049,499,420216.700858
-2565.153332,499,420582.904738
-2688.226524,499,420692.977028
-3103.221168,499,420796.16862
-3154.777892,499,420901.201113
-1906.653009,499,421011.498562
-1894.855289,499,421384.241126
-2457.365566,499,421494.279982
-2737.904985,499,421598.220037
-2781.96058,499,421704.158104
-2021.300098,499,421814.504261
-1980.049832,499,422188.410291
-1596.906716,499,422297.199419
-2977.66384,499,422400.778563
-1880.675921,499,422505.540292
-2040.294152,499,422615.706143
-2687.445569,499,422995.407592
-2170.432739,499,423102.642257
-4472.286076,499,423206.330745
-1821.893465,499,423311.653922
-2363.304724,499,423420.726511
-3371.954645,499,423799.935469
-1835.002129,499,423906.15413
-2120.75896,499,424011.430645
-2416.27833,499,424117.348495
-2807.743578,499,424227.687232
-2979.025097,499,424604.76809
-2059.790151,499,424711.163852
-2528.56819,499,424816.028725
-2213.303687,499,424922.524279
-2124.131174,499,425032.072797
-2615.39961,499,425405.889187
-3033.859905,499,425512.5671
-2974.118172,499,425617.551108
-2244.392252,499,425725.010737
-1824.37105,499,425834.319805
-1900.35644,499,426208.264496
-2220.03882,499,426316.443565
-1691.532467,499,426423.377125
-3561.116487,499,426531.443348
-2099.468707,499,426640.185609
-2655.676897,499,427009.011073
-2996.208047,499,427119.816405
-1609.644906,499,427226.957376
-2473.93788,499,427335.125837
-3342.795015,499,427443.809369
-1917.683845,499,427808.38174
-1965.749055,499,427919.924551
-2763.786311,499,428028.815647
-2557.238376,499,428137.830343
-2771.614845,499,428246.619713
-1926.580805,499,428607.879243
-2440.679469,499,428720.697334
-1603.045973,499,428831.585424
-1941.023032,499,428939.015727
-2963.939656,499,429047.465547
-2468.276726,499,429407.197105
-1269.191081,499,429520.361155
-2286.321354,499,429632.855351
-2007.871102,499,429740.664128
-2192.662413,499,429847.836784
-2417.296402,499,430190.711
-2148.751689,499,430301.689859
-2630.799625,499,430413.737361
-1554.081091,499,430518.829886
-2889.447021,499,430623.481948
-3979.918594,499,430954.94219
-1396.51622,499,431064.068411
-1967.172542,499,431174.401139
-3092.84825,499,431276.724495
-2204.286176,499,431376.7227
-1802.117108,499,431693.221407
-2278.977038,499,431800.059558
-2818.754271,499,431906.675288
-1820.483608,499,432005.560776
-2323.431338,499,432102.918131
-1965.185357,499,432421.838545
-2334.26975,499,432528.5357
-2290.703323,499,432636.148574
-3512.686591,499,432736.08574
-3031.036674,499,432833.356017
-1374.926487,499,433148.299296
-3062.713679,499,433252.717565
-1812.629809,499,433358.753316
-2478.94012,499,433459.372644
-2269.457705,499,433556.801427
-2047.25177,499,433874.4712
-2578.350608,499,433977.259712
-2029.847856,499,434081.124857
-3085.553043,499,434181.556581
-2462.875894,499,434279.758578
-1422.408268,499,434597.773716
-2303.917626,499,434700.243089
-2741.191043,499,434803.705582
-1347.669863,499,434905.605676
-2146.149188,499,435004.287475
-2264.392623,499,435325.856978
-2664.817415,499,435426.78537
-2232.847662,499,435528.604586
-2431.47252,499,435631.521096
-1979.028158,499,435732.440068
-1956.949371,499,436052.441962
-1593.059174,499,436153.805936
-2666.977901,499,436254.649249
-2797.628115,499,436357.505374
-1475.991854,499,436460.179594
-2704.096152,499,436781.17583
-1746.324642,499,436881.455832
-2248.831345,499,436980.877735
-1963.482357,499,437083.067009
-1967.75167,499,437187.022289
-3070.013391,499,437506.583573
-1639.007115,499,437607.129279
-2712.411575,499,437705.79612
-1934.354391,499,437808.765023
-1643.569088,499,437912.754796
-2073.104231,499,438235.859739
-2850.605646,499,438336.52919
-1806.423008,499,438434.713876
-1869.110244,499,438535.325598
-1929.824869,499,438639.200438
-3460.085868,499,438961.571964
-2182.59316,499,439063.265363
-2531.78522,499,439161.921022
-2194.573344,499,439261.738828
-1994.934292,499,439365.189105
-1719.913929,499,439688.948475
-3948.174489,499,439789.035147
-2706.721832,499,439886.874398
-1529.235797,499,439985.546705
-2026.789357,499,440088.633192
-1554.974215,499,440414.951311
-2325.640491,499,440514.427289
-2259.250156,499,440611.98408
-2622.192558,499,440710.462493
-2726.862359,499,440810.620933
-1917.971332,499,441127.857594
-3223.675876,499,441224.272905
-1942.371439,499,441317.357257
-2648.906858,499,441413.015587
-1944.371757,499,441511.019232
-2824.766793,499,441804.513274
-1920.962649,499,441898.326524
-2177.840052,499,441990.621639
-2018.338545,499,442082.322123
-3153.873051,499,442174.651599
-1692.091924,499,442465.871596
-2299.350142,499,442556.486525
-1578.283373,499,442648.629898
-2775.226079,499,442739.906273
-1913.686917,499,442830.439726
-2785.293245,499,443124.869931
-2729.359004,499,443214.375054
-1623.584101,499,443307.015192
-1937.855354,499,443397.59632
-1775.360535,499,443487.086608
-2267.542724,499,443786.236041
-1805.230004,499,443873.862782
-2863.181299,499,443962.810529
-2800.591755,499,444048.4468
-1817.389763,499,444134.459885
-2929.994751,499,444407.443782
-3162.384464,499,444491.779379
-2845.336011,499,444576.510236
-2662.706195,499,444660.99258
-2233.962953,499,444745.459932
-2551.17437,499,445019.330393
-2542.179522,499,445104.329403
-2545.235749,499,445188.250485
-2320.343238,499,445273.073773
-2079.219964,499,445358.155108
-2317.960778,499,445631.464626
-1563.629186,499,445714.573151
-1853.757225,499,445798.669921
-2625.185078,499,445883.545568
-2676.838241,499,445968.648001
-2437.765071,499,446244.159211
-1744.165754,499,446327.811072
-1697.503682,499,446411.184709
-1782.695305,499,446496.548692
-2749.266998,499,446581.830601
-1920.790006,499,446851.539158
-2840.204312,499,446934.297982
-2556.899304,499,447019.385794
-2267.351191,499,447104.215305
-3572.74298,499,447188.485249
-1620.189175,499,447454.234869
-1841.730885,499,447538.589016
-3054.983109,499,447624.601727
-2451.862214,499,447710.41109
-2858.242731,499,447795.594153
-2133.84209,499,448056.683245
-3131.779294,499,448142.396353
-2078.276944,499,448227.515794
-2227.254417,499,448314.71705
-2176.633714,499,448399.721572
-1960.468696,499,448658.310245
-2036.677236,499,448736.272098
-2295.348755,499,448814.65151
-3044.578384,499,448894.194003
-2256.164363,499,448971.484851
-2112.607726,499,449184.612899
-2438.538615,499,449261.591061
-1920.161073,499,449336.903885
-2137.127811,499,449412.772817
-1623.097992,499,449486.926203
-2482.926424,499,449684.037448
-2611.605425,499,449751.715528
-2549.437893,499,449822.338946
-2786.625684,499,449894.894857
-1550.520652,499,449966.536013
-2039.066841,499,450151.766317
-3317.212997,499,450215.488188
-1537.411943,499,450283.834935
-1889.684221,499,450355.622484
-2405.813116,499,450427.331061
-2593.214292,499,450632.44805
-3300.359117,499,450697.262256
-1951.025934,499,450763.504829
-2899.309166,499,450833.72941
-2124.376745,499,450904.161495
-2097.647837,499,451117.143044
-3126.683438,499,451183.400865
-2618.990156,499,451250.51308
-2071.882627,499,451318.915234
-2744.859994,499,451389.062546
-2745.595457,499,451603.940899
-2106.278151,499,451667.295293
-2291.767044,499,451728.614969
-1690.497351,499,451790.039096
-2709.719322,499,451853.333541
-1532.389095,499,452036.198689
-2507.944079,499,452102.349432
-3472.451847,499,452164.930137
-1726.836016,499,452228.450095
-2200.922702,499,452290.169503
-4322.45073,499,452467.784634
-1829.329471,499,452534.097959
-1870.227311,499,452600.240603
-2205.040178,499,452664.61721
-3114.846796,499,452725.585944
-2150.134734,499,452885.373675
-2052.645444,499,452948.412093
-2377.287266,499,453015.224183
-2152.073702,499,453079.65917
-2038.757031,499,453138.862885
-3047.227127,499,453275.42678
-3465.790131,499,453336.437115
-1405.897423,499,453399.491345
-2323.899384,499,453464.696331
-1955.319735,499,453528.117865
-1778.513917,499,453657.346605
-2455.430702,499,453719.969074
-2044.491789,499,453782.419809
-3044.337603,499,453843.408394
-1934.428899,499,453907.285773
-3823.149125,499,453973.988752
-3369.234195,499,454111.269597
-1521.692744,499,454174.90988
-2136.277842,499,454235.513647
-2763.261249,499,454294.364662
-1548.244148,499,454358.136502
