#{"t_start": 1685893349.0245626, "env_id": "quantumEnvMeasureFilter-v0"}
r,l,t
-572.885511,499,28.394299
-584.13077,499,56.052475
-534.743664,499,84.47565
-579.150456,499,111.184098
-556.793935,499,136.962125
-600.416096,499,164.89911
-514.369153,499,191.317031
-553.136385,499,218.278158
-553.02457,499,245.204073
-509.212652,499,271.699458
-663.64409,499,299.345775
-597.262226,499,325.995972
-473.644327,499,355.09345
-534.876295,499,382.060904
-590.357198,499,409.014938
-525.437273,499,435.960458
-552.363049,499,462.35433
-525.970468,499,488.618311
-485.68675,499,514.775031
-440.205063,499,540.809176
-549.49916,499,568.729073
-601.400149,499,595.794139
-635.506366,499,622.341165
-528.251823,499,650.303488
-504.86364,499,677.418312
-484.691403,499,706.712945
-544.291191,499,732.838269
-540.40919,499,758.388503
-533.069899,499,784.690037
-517.76895,499,811.16676
-547.289011,499,839.19605
-626.672138,499,867.571666
-512.003029,499,894.758691
-507.269273,499,922.013055
-510.583232,499,949.41003
-630.171147,499,976.815171
-552.562495,499,1003.081558
-541.013085,499,1029.789467
-541.979591,499,1056.686827
-415.271941,499,1084.237482
-572.211726,499,1111.895411
-522.244428,499,1138.854966
-645.209938,499,1164.608666
-591.133684,499,1191.115411
-483.657239,499,1217.892998
-475.923236,499,1245.646145
-506.534599,499,1270.915623
-572.777577,499,1298.256724
-584.475785,499,1325.579891
-512.953582,499,1351.925883
-504.952831,499,1382.046936
-631.651985,499,1408.957485
-563.236453,499,1436.5893
-489.831958,499,1463.617252
-572.309581,499,1491.685997
-572.03066,499,1521.628013
-510.974052,499,1551.307963
-552.913596,499,1579.859846
-527.749716,499,1607.287174
-484.971792,499,1634.478128
-411.933204,499,1665.661926
-528.721148,499,1694.122942
-524.999089,499,1723.313693
-663.458448,499,1751.387217
-548.946717,499,1779.725506
-522.834627,499,1807.525041
-490.793058,499,1836.014903
-520.635935,499,1864.497983
-529.748725,499,1891.735013
-545.766494,499,1919.57304
-504.834737,499,1948.259763
-571.875994,499,1975.748051
-588.07893,499,2003.044695
-520.989702,499,2030.053186
-479.816425,499,2058.237015
-507.372142,499,2086.519015
-562.762671,499,2114.628696
-573.395881,499,2141.233215
-515.925121,499,2168.330741
-545.231026,499,2195.346404
-406.597674,499,2223.480746
-532.773653,499,2251.125777
-493.106031,499,2278.470806
-637.275828,499,2307.14533
-609.914427,499,2335.240465
-505.093486,499,2363.35008
-505.227949,499,2390.269595
-486.833174,499,2417.372839
-610.72392,499,2444.893661
-625.109207,499,2473.136335
-465.974006,499,2500.63401
-539.439967,499,2528.644176
-627.739555,499,2556.730074
-567.946168,499,2584.283614
-485.125522,499,2612.789194
-534.042234,499,2641.373627
-573.775484,499,2670.144408
-546.270161,499,2698.205505
-528.481291,499,2725.01928
-572.091043,499,2752.666375
-463.186278,499,2782.760813
-440.026317,499,2810.14301
-511.944119,499,2836.794933
-552.455437,499,2863.554687
-625.473409,499,2891.322241
-557.340296,499,2919.333236
-550.051947,499,2947.074823
-498.754627,499,2974.009078
-508.474201,499,3001.950433
-591.095463,499,3028.425967
-533.711905,499,3056.386464
-484.012644,499,3082.282568
-561.496645,499,3109.290251
-648.782312,499,3137.474991
-492.804505,499,3163.653049
-539.268314,499,3192.585237
-506.821824,499,3219.324345
-556.324787,499,3246.401753
-549.380513,499,3272.814079
-515.331551,499,3300.739917
-494.782291,499,3328.903315
-435.753555,499,3355.984906
-467.949189,499,3382.098475
-521.38588,499,3408.294601
-692.853507,499,3435.831558
-575.526437,499,3464.175181
-505.304185,499,3491.872794
-523.874986,499,3517.822012
-456.802454,499,3544.906576
-561.410772,499,3571.884619
-575.28986,499,3600.192383
-472.521071,499,3627.001731
-591.880827,499,3654.549174
-584.516138,499,3681.684309
-567.204372,499,3709.399167
-525.337308,499,3736.988502
-527.580822,499,3764.041788
-537.641777,499,3790.320492
-510.642897,499,3818.280905
-549.407923,499,3846.227353
-550.574254,499,3873.260836
-469.507245,499,3899.544169
-436.368562,499,3924.8991
-530.050564,499,3952.391083
-540.237226,499,3979.201901
-642.956374,499,4007.534557
-579.359516,499,4033.219902
-492.190477,499,4061.221412
-477.991081,499,4088.747221
-520.987641,499,4116.125156
-568.811352,499,4145.701038
-551.593126,499,4173.274323
-502.693865,499,4200.167248
-528.563976,499,4226.612712
-651.622951,499,4255.048682
-555.719846,499,4282.678445
-491.376784,499,4308.758578
-519.539575,499,4335.620301
-581.247981,499,4363.922191
-507.286113,499,4391.886861
-534.792462,499,4420.655435
-513.708326,499,4447.930342
-500.89628,499,4475.450584
-464.137983,499,4502.8831
-518.705907,499,4528.866024
-641.505616,499,4557.102775
-635.837828,499,4585.84442
-479.597675,499,4613.310209
-525.700824,499,4640.589566
-462.897592,499,4667.770679
-534.970192,499,4696.939837
-588.693842,499,4726.178583
-494.543437,499,4752.80137
-582.661746,499,4778.648317
-567.628858,499,4806.897942
-561.071721,499,4836.110478
-527.95738,499,4863.764093
-518.542572,499,4892.929331
-572.347513,499,4921.193189
-492.178398,499,4949.519409
-552.61283,499,4977.609794
-533.603534,499,5006.069763
-466.992777,499,5034.480581
-407.441235,499,5062.471014
-536.601628,499,5090.188345
-531.429097,499,5120.252862
-627.304942,499,5150.395122
-592.106956,499,5176.952945
-484.12749,499,5204.013566
-472.58108,499,5231.741969
-528.123596,499,5258.950324
-541.967063,499,5288.420305
-589.625364,499,5314.91275
-551.231038,499,5342.272609
-554.370788,499,5370.163488
-643.851618,499,5397.959142
-529.252129,499,5425.31184
-468.67957,499,5452.492862
-524.477488,499,5479.471453
-568.355695,499,5508.532304
-487.683322,499,5538.712433
-612.860429,499,5566.569951
-517.091742,499,5593.802227
-494.924168,499,5620.716093
-454.11874,499,5647.147084
-562.949551,499,5675.431724
-638.932486,499,5703.716928
-607.937107,499,5730.644721
-525.08845,499,5758.160205
-522.065828,499,5785.118047
-447.318778,499,5812.870141
-595.830007,499,5839.624014
-551.965708,499,5867.478871
-503.125393,499,5896.093066
-585.425836,499,5923.671313
-587.74706,499,5951.271205
-609.798761,499,5978.998077
-528.858417,499,6006.687633
-505.425885,499,6033.557456
-509.738155,499,6060.786775
-571.719177,499,6088.45974
-513.69942,499,6115.799254
-549.986318,499,6142.949413
-503.328337,499,6170.746628
-392.795435,499,6197.453869
-513.268985,499,6225.557801
-536.285492,499,6253.391665
-633.508034,499,6280.192524
-591.463327,499,6306.874335
-481.990396,499,6334.298633
-455.20777,499,6361.541172
-535.425087,499,6389.354721
-520.018908,499,6415.460879
-571.725142,499,6441.938856
-502.419275,499,6468.704684
-530.920937,499,6497.107129
-645.421171,499,6523.823869
-542.016295,499,6551.082485
-456.657881,499,6579.58493
-515.112617,499,6606.829304
-598.413405,499,6635.845257
-511.913376,499,6664.191396
-552.772658,499,6691.07364
-542.606949,499,6719.473009
-501.951885,499,6746.16183
-396.645873,499,6773.326988
-544.784455,499,6801.29758
-565.935447,499,6829.419368
-647.661725,499,6856.268075
-517.661125,499,6883.294493
-523.735486,499,6914.830025
-473.786228,499,6942.39439
-514.128888,499,6969.80082
-582.117137,499,6995.992458
-493.204952,499,7022.507757
-542.967507,499,7051.154398
-549.611531,499,7078.162868
-632.755404,499,7105.77862
-505.714102,499,7133.411885
-521.949663,499,7160.270411
-476.914422,499,7188.449258
-603.610683,499,7216.257141
-499.802438,499,7245.150082
-563.472504,499,7272.915904
-526.370661,499,7300.597247
-397.063145,499,7328.368084
-573.350486,499,7355.135327
-537.698545,499,7382.272397
-613.473932,499,7411.698962
-593.620211,499,7438.28693
-492.560825,499,7467.132599
-489.36827,499,7493.918332
-544.848308,499,7523.247704
-530.397727,499,7552.927333
-564.31685,499,7579.802471
-497.862768,499,7609.720152
-506.505737,499,7639.475522
-642.021196,499,7668.24504
-630.819263,499,7697.383021
-481.452165,499,7725.948338
-529.586836,499,7753.188179
-586.106225,499,7779.790131
-516.293239,499,7806.952275
-582.450032,499,7834.654638
-530.698753,499,7862.101327
-499.329599,499,7891.665827
-433.347861,499,7918.540893
-536.707059,499,7945.594111
-580.292168,499,7973.092913
-640.42877,499,8001.632044
-523.883594,499,8029.460583
-498.858888,499,8057.429783
-501.080609,499,8083.927648
-501.295048,499,8112.407301
-521.963801,499,8140.119617
-535.245227,499,8169.308091
-487.599536,499,8196.727383
-560.01371,499,8223.325647
-620.462871,499,8250.539318
-513.124593,499,8278.698165
-532.878431,499,8312.052176
-506.708941,499,8339.094658
-574.927127,499,8366.52073
-517.299935,499,8393.890314
-521.288214,499,8421.166866
-519.74518,499,8449.6813
-414.916121,499,8477.702049
-530.731555,499,8505.014916
-507.842843,499,8531.828677
-640.129207,499,8559.959279
-580.349252,499,8588.404219
-489.18407,499,8614.764333
-479.999375,499,8642.678602
-489.474323,499,8669.931696
-551.784225,499,8697.014377
-580.873405,499,8727.04825
-479.131389,499,8755.950719
-530.455099,499,8783.860974
-646.522972,499,8810.703829
-561.546825,499,8837.870478
-483.01761,499,8865.862066
-535.632513,499,8892.542071
-559.997278,499,8920.193424
-500.789239,499,8947.144898
-529.096731,499,8973.99934
-521.108278,499,9002.529082
-484.522635,499,9031.355995
-403.941517,499,9058.372655
-524.241693,499,9085.071058
-554.905182,499,9112.195878
-643.469944,499,9140.814394
-537.277014,499,9168.613447
-521.391692,499,9196.666735
-521.577118,499,9225.602984
-503.828526,499,9253.79036
-537.28018,499,9282.485081
-537.959626,499,9310.631865
-513.209477,499,9338.091847
-565.4795,499,9365.469836
-617.37993,499,9392.161982
-521.337739,499,9420.362325
-523.265554,499,9448.523048
-515.457121,499,9476.0072
-564.149075,499,9502.278765
-541.013349,499,9530.324859
-544.073662,499,9558.795534
-517.65756,499,9585.120068
-422.685814,499,9612.904035
-477.920456,499,9641.801478
-521.018881,499,9669.758146
-629.473364,499,9700.001807
-591.6008,499,9727.466372
-527.731855,499,9754.369522
-513.200132,499,9781.913387
-444.667985,499,9810.303031
-571.109823,499,9839.569672
-601.032178,499,9867.280193
-504.352107,499,9895.218024
-530.176256,499,9923.359507
-627.65939,499,9951.918324
-591.507124,499,9980.344517
-485.604009,499,10007.181353
-554.270899,499,10034.483972
-568.306388,499,10062.346627
-498.196256,499,10090.969684
-556.723222,499,10120.162616
-550.117818,499,10147.494418
-434.844058,499,10174.523893
-443.616241,499,10201.1742
-507.33841,499,10227.429673
-556.727635,499,10255.199322
-616.661275,499,10283.653893
-561.711969,499,10310.280452
-527.169868,499,10337.635705
-504.712841,499,10365.678702
-490.559089,499,10392.954417
-604.204287,499,10419.691019
-523.614683,499,10446.719522
-501.624364,499,10474.421288
-546.964413,499,10502.218699
-641.51985,499,10531.964746
-520.200869,499,10560.373162
-497.92901,499,10588.541482
-517.094215,499,10615.983535
-591.89557,499,10644.017059
-537.891104,499,10672.307834
-566.495399,499,10699.847003
-495.508544,499,10727.558059
-493.731126,499,10754.128884
-487.723155,499,10782.032793
-520.625089,499,10810.380745
-651.526818,499,10837.035983
-580.764487,499,10864.087257
-493.191799,499,10891.438192
-517.486843,499,10918.867429
-469.03469,499,10947.448602
-589.09034,499,10975.323365
-544.600814,499,11003.599949
-510.348345,499,11030.540871
-564.980125,499,11057.900911
-592.775818,499,11087.927057
-555.310492,499,11115.642202
-497.662758,499,11143.062006
-515.913106,499,11171.760171
-554.581337,499,11198.49347
-490.710891,499,11227.329047
-538.665556,499,11256.153647
-551.243744,499,11283.767073
-453.971746,499,11311.100515
-446.006992,499,11337.638351
-524.761795,499,11366.624247
-557.05044,499,11394.198781
-650.893477,499,11421.84381
-577.757648,499,11447.804715
-484.450678,499,11474.875209
-452.407242,499,11503.212429
-542.006871,499,11530.124695
-621.56579,499,11557.551016
-555.718763,499,11583.568349
-514.409339,499,11613.162355
-531.18484,499,11641.746971
-650.707895,499,11669.005269
-508.14528,499,11696.427
-534.118483,499,11724.699063
-518.479451,499,11751.732033
-574.23178,499,11779.929627
-498.449224,499,11806.750227
-583.540724,499,11833.914974
-501.551893,499,11859.785069
-485.141504,499,11887.139008
-447.172102,499,11916.003745
-529.716062,499,11942.077221
-632.293531,499,11969.974223
-606.125133,499,11997.787955
-504.065099,499,12025.287013
-548.133093,499,12054.088069
-456.273071,499,12081.296969
-533.555778,499,12108.672082
-564.158154,499,12136.555552
-510.981206,499,12164.802454
-589.783457,499,12193.159381
-526.708208,499,12219.280579
-599.879187,499,12247.610585
-516.147055,499,12273.988881
-531.847796,499,12301.423486
-537.86274,499,12328.3728
-530.266307,499,12356.214145
-541.266372,499,12383.586353
-525.762164,499,12411.161346
-514.96634,499,12439.303907
-392.547925,499,12471.289324
-552.880601,499,12499.778783
-521.454869,499,12527.601909
-609.486067,499,12555.669595
-565.498146,499,12583.354514
-511.743148,499,12611.302293
-470.356436,499,12637.862552
-519.388059,499,12665.183054
-526.699959,499,12692.688927
-573.528987,499,12719.909737
-508.106419,499,12748.06121
-512.074828,499,12774.836521
-641.283632,499,12802.008599
-571.838038,499,12829.36855
-474.67408,499,12855.557462
-499.835467,499,12883.537721
-571.37267,499,12910.764472
-490.341915,499,12937.717647
-575.046265,499,12965.517605
-501.618444,499,12993.249511
-480.439822,499,13021.188406
-426.552225,499,13048.769365
-536.341439,499,13075.138741
-567.754567,499,13103.288361
-655.872351,499,13133.428329
-536.387122,499,13161.629432
-522.616978,499,13190.659002
-466.39572,499,13218.497289
-565.881815,499,13246.313452
-537.198374,499,13273.27802
-497.770627,499,13301.662176
-585.214422,499,13328.716718
-526.796666,499,13356.077354
-664.143226,499,13385.884839
-526.697884,499,13415.525715
-497.182465,499,13444.174677
-496.33465,499,13472.585097
-598.028199,499,13500.299891
-526.232814,499,13526.997638
-515.597538,499,13554.915442
-532.798432,499,13583.000819
-403.249615,499,13611.631713
-543.619526,499,13639.573243
-530.97955,499,13667.094371
-648.00746,499,13695.803205
-572.391331,499,13724.221401
-471.475024,499,13751.255887
-460.901835,499,13778.725831
-558.448075,499,13806.984549
-523.269437,499,13834.455164
-550.509436,499,13864.963734
-512.217638,499,13893.533206
-494.405257,499,13919.52333
-640.098645,499,13946.244322
-588.720958,499,13973.027019
-482.86658,499,14000.732697
-548.510332,499,14028.76382
-553.33245,499,14055.718735
-507.766314,499,14084.455616
-566.582877,499,14111.075256
-518.525209,499,14138.205259
-486.296311,499,14165.273786
-388.59917,499,14194.112922
-553.182088,499,14220.95225
-631.606659,499,14248.551289
-621.828117,499,14275.030553
-494.847349,499,14304.038837
-536.544253,499,14331.791596
-454.046829,499,14359.164471
-527.304954,499,14385.971875
-563.361333,499,14413.505521
-510.750157,499,14442.340087
-540.883898,499,14470.173681
-549.805399,499,14499.044864
-625.082107,499,14527.649582
-527.030413,499,14554.587038
-481.026139,499,14581.872366
-516.555542,499,14609.299445
-632.945376,499,14638.2366
-509.720492,499,14666.376892
-518.144353,499,14693.414789
-515.529881,499,14722.615865
-411.225337,499,14750.516228
-547.062679,499,14779.065398
-533.759852,499,14807.095409
-615.087265,499,14836.012087
-598.010777,499,14865.490913
-491.1978,499,14891.49705
-482.958473,499,14919.570428
-510.762144,499,14947.295268
-543.924595,499,14976.582668
-584.441387,499,15005.942372
-507.197563,499,15034.448334
-511.757904,499,15060.752721
-656.682199,499,15088.205071
-561.453229,499,15116.672536
-450.57282,499,15144.923701
-547.051111,499,15172.122334
-586.939051,499,15200.406407
-464.988435,499,15228.688328
-547.679469,499,15258.966696
-530.44909,499,15286.861052
-466.630821,499,15314.39029
-415.608954,499,15340.772314
-547.337846,499,15369.136889
-546.209258,499,15395.308802
-651.94864,499,15422.420708
-535.223601,499,15450.429811
-514.287533,499,15478.755034
-486.366407,499,15506.510905
-534.527139,499,15533.921476
-536.645975,499,15561.833558
-520.304135,499,15589.109868
-499.171863,499,15615.350658
-582.666983,499,15642.548212
-596.737557,499,15669.790845
-515.278253,499,15698.516278
-521.378929,499,15725.743993
-510.140638,499,15754.361167
-584.764066,499,15782.4594
-532.378298,499,15810.469123
-496.541605,499,15840.000566
-564.131535,499,15866.698306
-402.641297,499,15893.622819
-515.032262,499,15921.425164
-531.204253,499,15947.78159
-640.9268,499,15975.810219
-591.540673,499,16002.538379
-527.122265,499,16032.002765
-494.846604,499,16058.307874
-502.952486,499,16086.105914
-566.658914,499,16113.211587
-583.314081,499,16140.14407
-487.054848,499,16166.921246
-523.776454,499,16193.014037
-629.497712,499,16220.289634
-550.191483,499,16249.038785
-506.653774,499,16275.187694
-562.646821,499,16302.673581
-585.695223,499,16329.902853
-520.017627,499,16357.739434
-536.788096,499,16384.402458
-541.755591,499,16410.326766
-456.997322,499,16436.666229
-456.83114,499,16464.134578
-519.283358,499,16491.415182
-573.174522,499,16518.650943
-609.138297,499,16546.539797
-522.183169,499,16573.341455
-551.72701,499,16599.60598
-523.260388,499,16628.005796
-513.781523,499,16657.037969
-527.693107,499,16683.101764
-571.85013,499,16709.153877
-492.976339,499,16736.582134
-567.944975,499,16762.776546
-623.94684,499,16790.059148
-480.736449,499,16817.819741
-543.173336,499,16844.209589
-515.199703,499,16871.771829
-550.486486,499,16899.341948
-556.645917,499,16925.691445
-503.05256,499,16953.217319
-509.644236,499,16980.674995
-456.821245,499,17006.867868
-491.22944,499,17033.523282
-512.688898,499,17060.580222
-648.123724,499,17087.741543
-592.323149,499,17114.956289
-499.435508,499,17142.063923
-509.560025,499,17168.261845
-467.446897,499,17196.47358
-565.312148,499,17224.357089
-594.83045,499,17251.398518
-477.531116,499,17278.806067
-553.186446,499,17306.323581
-617.136569,499,17333.719569
-563.906371,499,17361.422529
-517.904926,499,17387.014587
-534.596724,499,17414.767597
-551.58395,499,17442.687044
-479.250807,499,17472.365001
-551.12657,499,17499.061955
-553.040086,499,17526.5347
-459.026698,499,17554.677395
-468.109256,499,17582.122826
-510.211916,499,17611.937011
-547.235582,499,17638.609058
-612.746971,499,17664.404288
-562.220139,499,17692.461994
-524.592419,499,17720.416146
-513.606248,499,17748.417305
-506.772381,499,17774.788671
-608.761354,499,17801.408286
-534.777008,499,17829.301737
-491.384252,499,17856.88518
-557.595458,499,17884.329826
-655.172544,499,17911.014521
-510.712032,499,17937.802439
-488.273827,499,17965.523705
-514.547213,499,17995.511367
-565.196858,499,18025.17894
-530.430811,499,18053.604385
-531.032225,499,18082.975608
-482.69666,499,18109.873006
-503.753701,499,18135.870501
-464.116761,499,18163.35648
-542.850402,499,18190.351534
-634.572685,499,18216.342369
-593.605139,499,18242.697777
-495.983535,499,18269.22164
-528.550305,499,18297.415642
-461.744526,499,18324.393404
-551.753039,499,18351.874442
-604.402038,499,18378.936479
-520.692231,499,18405.947889
-610.384705,499,18434.107741
-580.12849,499,18460.522959
-552.650964,499,18488.197885
-516.188392,499,18514.653502
-505.414568,499,18542.506397
-568.800805,499,18572.281342
-487.903225,499,18599.792322
-585.123736,499,18626.780577
-549.717699,499,18653.509963
-450.387102,499,18680.151093
-409.020216,499,18707.348591
-524.935346,499,18733.948969
-562.5807,499,18760.315035
-618.896986,499,18787.051201
-596.059607,499,18813.860818
-503.995649,499,18841.69433
-466.291005,499,18868.241259
-521.849388,499,18894.711872
-567.10684,499,18921.700406
-576.303199,499,18948.082997
-535.459452,499,18975.983149
-526.814728,499,19002.319566
-631.699694,499,19028.564481
-540.376476,499,19055.180778
-496.431136,499,19081.595639
-496.903634,499,19109.104013
-573.055795,499,19135.844309
-493.791939,499,19162.106438
-577.056394,499,19188.842767
-488.095289,499,19215.772563
-475.361071,499,19243.142648
-439.5166,499,19270.34133
-532.922325,499,19296.839585
-607.344015,499,19323.960715
-626.583029,499,19353.19063
-493.445266,499,19380.551449
-530.689544,499,19406.899564
-447.271517,499,19433.74886
-565.507259,499,19460.156507
-596.373457,499,19486.795659
-503.55662,499,19513.969774
-572.6516,499,19540.55688
-527.483092,499,19566.681065
-585.31221,499,19593.43694
-503.306352,499,19619.908315
-494.40033,499,19647.458225
-508.82336,499,19673.801583
-521.482954,499,19700.52037
-540.903074,499,19727.03831
-594.776225,499,19753.555088
-518.690335,499,19780.83876
-396.297552,499,19807.589146
-525.168821,499,19834.364718
-529.593144,499,19861.011643
-643.128979,499,19887.255611
-569.99004,499,19914.464592
-474.671177,499,19940.81728
-512.569504,499,19967.478521
-542.889172,499,19993.997172
-537.913413,499,20020.843534
-571.957398,499,20048.477129
-505.712436,499,20075.305814
-523.14635,499,20101.496594
-656.083084,499,20127.870438
-565.03656,499,20153.871169
-477.334855,499,20180.776362
-508.698985,499,20207.237064
-569.768549,499,20233.171101
-498.079417,499,20259.193377
-569.299867,499,20286.050849
-509.488106,499,20313.429148
-490.594074,499,20339.564018
-424.947084,499,20366.112428
-584.230753,499,20392.424819
-580.184051,499,20418.956815
-629.962238,499,20446.047885
-505.535378,499,20472.042552
-535.301364,499,20498.164052
-434.73791,499,20524.471069
-583.041745,499,20550.616638
-525.237327,499,20578.470188
-502.769382,499,20604.533787
-573.015906,499,20632.448115
-552.897803,499,20659.037704
-625.018503,499,20688.049034
-508.642542,499,20716.898056
-507.123942,499,20743.152539
-484.66435,499,20769.466421
-602.33811,499,20796.203918
-529.99812,499,20822.577223
-517.978597,499,20849.685286
-530.866964,499,20876.32132
-404.591123,499,20903.113654
-497.246086,499,20929.625714
-574.669158,499,20955.693187
-628.045412,499,20983.191067
-606.189883,499,21009.677488
-489.802139,499,21035.875049
-499.107508,499,21062.103591
-535.287049,499,21088.259396
-535.314309,499,21115.616969
-547.197319,499,21141.910945
-510.158293,499,21168.521993
-490.541475,499,21195.337438
-635.243883,499,21221.489889
-581.147657,499,21248.75306
-451.217585,499,21275.275222
-490.962865,499,21301.721388
-586.623583,499,21327.980531
-510.657975,499,21354.844196
-537.383936,499,21381.96868
-535.501718,499,21408.127226
-464.670933,499,21434.32649
-419.38246,499,21460.431709
-537.004847,499,21486.81821
-575.411818,499,21513.892623
-607.332777,499,21540.154208
-571.532906,499,21566.111457
-521.715542,499,21592.297868
-487.015423,499,21618.924335
-514.012789,499,21646.522781
-534.830539,499,21672.68227
-511.681656,499,21698.843251
-539.433418,499,21725.19571
-583.276744,499,21751.466929
-622.259819,499,21778.70061
-547.734236,499,21804.961577
-493.871609,499,21831.086337
-513.71289,499,21857.479187
-584.332627,499,21884.94154
-524.141026,499,21912.002543
-527.499525,499,21938.635196
-513.344555,499,21965.086667
-418.702962,499,21991.08687
-536.690756,499,22019.774041
-541.795089,499,22047.662599
-619.339074,499,22074.138981
-595.011659,499,22100.573434
-491.427287,499,22127.19907
-498.931955,499,22153.842861
-500.875052,499,22181.618854
-551.686568,499,22208.813534
-577.376764,499,22234.935559
-496.930857,499,22261.321092
-518.74437,499,22287.659431
-654.139421,499,22315.081962
-570.964113,499,22341.301941
-491.206793,499,22367.501996
-536.352948,499,22394.439792
-576.720212,499,22421.106555
-483.503482,499,22448.270066
-545.125052,499,22474.657647
-520.931108,499,22500.881312
-469.161819,499,22527.098296
-410.829627,499,22554.266542
-542.469021,499,22581.910707
-558.130452,499,22608.589739
-665.714277,499,22634.996781
-529.405895,499,22662.247922
-480.909976,499,22688.591523
-530.047711,499,22715.880008
-541.747211,499,22742.501226
-557.457059,499,22769.189866
-549.815584,499,22795.963437
-471.958236,499,22822.135255
-567.263692,499,22849.351639
-619.877704,499,22876.340634
-519.784229,499,22902.579179
-512.654629,499,22928.827053
-522.353423,499,22955.834143
-558.574506,499,22982.83715
-578.897422,499,23009.555836
-507.246147,499,23036.09032
-564.087098,499,23062.357104
-444.050029,499,23088.791421
-505.904638,499,23116.238791
-524.852496,499,23142.622522
-622.344213,499,23169.248326
-585.287653,499,23195.721549
-525.010827,499,23222.077177
-488.868242,499,23249.520993
-483.307443,499,23275.620757
-558.515915,499,23302.46532
-636.191708,499,23329.020778
-469.000181,499,23357.990858
-533.633644,499,23386.233181
-635.731557,499,23412.819814
-573.17971,499,23439.080559
-472.795564,499,23465.1842
-542.968389,499,23492.31022
-564.273125,499,23519.492411
-480.42863,499,23546.530056
-532.857965,499,23573.080819
-549.199259,499,23599.307096
-459.534113,499,23625.786993
-427.666354,499,23653.364179
-519.329839,499,23680.149831
-527.569608,499,23706.94796
-632.947118,499,23734.353419
-556.722838,499,23760.576713
-535.75408,499,23788.332194
-482.328198,499,23815.13301
-526.212689,499,23841.894034
-559.931656,499,23868.636491
-530.958253,499,23895.267349
-500.152944,499,23922.618581
-551.810367,499,23949.467333
-643.978917,499,23976.30646
-521.513446,499,24002.647491
-503.912312,499,24028.961789
-498.048728,499,24056.24863
-561.112697,499,24082.573384
-531.358383,499,24109.070559
-516.027558,499,24135.923374
-502.265585,499,24162.341488
-473.616177,499,24189.359376
-485.987196,499,24215.741805
-540.093549,499,24241.735073
-666.6742,499,24268.514722
-568.06584,499,24294.830655
-492.602774,499,24322.314433
-508.254089,499,24348.567116
-439.853352,499,24374.805021
-556.553854,499,24401.188835
-604.929778,499,24427.930559
-490.731096,499,24455.990852
-570.248666,499,24482.662467
-587.762903,499,24509.011841
-574.54011,499,24535.612867
-496.191266,499,24562.727259
-508.936067,499,24590.418714
-543.728638,499,24617.002382
-480.932481,499,24643.013156
-555.954943,499,24669.110478
-570.061562,499,24697.939292
-455.432879,499,24725.183187
-435.951312,499,24751.364189
-538.788192,499,24778.261089
-519.175063,499,24804.861635
-624.985876,499,24831.581583
-613.974855,499,24859.096285
-493.658943,499,24885.433032
-459.733225,499,24911.852696
-488.115328,499,24938.210533
-577.020826,499,24964.588495
-583.500048,499,24992.016469
-479.867981,499,25018.388563
-531.064591,499,25045.389712
-644.413959,499,25072.139642
-500.915558,499,25098.983795
-486.966341,499,25126.834176
-495.603066,499,25153.389595
-585.655006,499,25179.975427
-521.644191,499,25206.24845
-528.960901,499,25232.669945
-483.595601,499,25260.074597
-525.593951,499,25286.273889
-458.737069,499,25312.471223
-520.626976,499,25338.900481
-658.679832,499,25365.099669
-592.161099,499,25392.568975
-479.032665,499,25419.474988
-548.245442,499,25446.714873
-478.772191,499,25473.316446
-540.129868,499,25499.951792
-581.06366,499,25527.094974
-514.905961,499,25553.48223
-576.145052,499,25580.298254
-560.132134,499,25606.356662
-575.752996,499,25632.762014
-507.431367,499,25660.188129
-504.74073,499,25686.313804
-566.548205,499,25712.687313
-487.915906,499,25739.219062
-575.18456,499,25766.620579
-551.246892,499,25794.832237
-497.223534,499,25821.167503
-400.294898,499,25847.029546
-560.75874,499,25872.909052
-544.945874,499,25899.343361
-608.580657,499,25926.491647
-603.636783,499,25952.987643
-497.836171,499,25979.386456
-451.880811,499,26005.72315
-512.129566,499,26035.234674
-572.919654,499,26063.081629
-575.703355,499,26089.468229
-505.004209,499,26116.352566
-530.643522,499,26142.811253
-637.096641,499,26170.442361
-541.797353,499,26197.966412
-469.706614,499,26224.52491
-513.254199,499,26251.62204
-585.258794,499,26277.985796
-496.137702,499,26304.584107
-611.225595,499,26331.63189
-496.387455,499,26358.733768
-494.805241,499,26384.903394
-429.730806,499,26411.325013
-530.472843,499,26438.33716
-610.118888,499,26466.31249
-601.317657,499,26492.481888
-483.876951,499,26519.035842
-558.507998,499,26545.456344
-438.305005,499,26572.469198
-574.329992,499,26599.970442
-538.423643,499,26626.372205
-483.399975,499,26652.894494
-566.279907,499,26679.194421
-566.713015,499,26705.587116
-614.333945,499,26732.952895
-509.68158,499,26759.263196
-520.417417,499,26786.012924
-505.689491,499,26812.601379
-573.429025,499,26838.92471
-530.394375,499,26866.694146
-550.613196,499,26893.450051
-521.184348,499,26920.005387
-389.549564,499,26946.557713
-518.894109,499,26973.075964
-504.515418,499,27000.604426
-657.815968,499,27026.857036
-588.02248,499,27053.370706
-518.393341,499,27080.284063
-462.682425,499,27107.21726
-528.131907,499,27135.180916
-519.152507,499,27161.356216
-571.342376,499,27188.068895
-512.737689,499,27214.607125
-505.86774,499,27241.241774
-637.448933,499,27268.363249
-562.88603,499,27294.515693
-459.747308,499,27321.010947
-510.337074,499,27347.955308
-570.901066,499,27377.12993
-505.298421,499,27404.029594
-547.804195,499,27431.175779
-509.382976,499,27457.496741
-481.527653,499,27484.251689
-401.067839,499,27510.732564
-536.084859,499,27537.22856
-570.536657,499,27564.700881
-631.695311,499,27591.234003
-488.851172,499,27617.693112
-521.857853,499,27644.158344
-454.56626,499,27670.490635
-526.911389,499,27698.039371
-544.622271,499,27725.050085
-526.126092,499,27751.850862
-540.157732,499,27778.455506
-552.107371,499,27805.298078
-613.596759,499,27832.57122
-494.842282,499,27859.523555
-487.151027,499,27886.320286
-480.690609,499,27912.747211
-606.639391,499,27938.846553
-495.89212,499,27966.58166
-533.692772,499,27992.809612
-522.966371,499,28019.60554
-394.321136,499,28046.383845
-523.564282,499,28072.561728
-527.366697,499,28099.710076
-634.944331,499,28126.29554
-582.250653,499,28152.968864
-479.417854,499,28179.24779
-509.86146,499,28205.446686
-503.75104,499,28232.483039
-563.658344,499,28258.958846
-579.185517,499,28285.217582
-502.718858,499,28311.667925
-530.577099,499,28337.870876
-653.829397,499,28364.964579
-586.284421,499,28391.261092
-449.207016,499,28417.421029
-530.40793,499,28443.676324
-599.844726,499,28469.793066
-481.112347,499,28497.561073
-549.45439,499,28524.152397
-521.607321,499,28550.34897
-493.860679,499,28576.859571
-414.238128,499,28603.29017
-546.333069,499,28630.625238
-582.569145,499,28657.587549
-641.617553,499,28684.314698
-542.710327,499,28713.505564
-493.743998,499,28739.944138
-507.273513,499,28767.251214
-518.412576,499,28793.924415
-542.69032,499,28820.417816
-518.495951,499,28847.573911
-501.537939,499,28873.70888
-573.020028,499,28901.262078
-600.562466,499,28927.585108
-550.857626,499,28953.8282
-507.21864,499,28980.038572
-511.457974,499,29006.170372
-587.079773,499,29033.328237
-523.222475,499,29059.439438
-511.734194,499,29085.980676
-523.539455,499,29112.581865
-411.56101,499,29138.756249
-549.53919,499,29166.119449
-537.255076,499,29192.319823
-623.799218,499,29218.680641
-605.136663,499,29245.185249
-494.018046,499,29271.261854
-479.991342,499,29298.565899
-477.755729,499,29324.746591
-553.914718,499,29350.918619
-586.439116,499,29376.922282
-472.872273,499,29403.403795
-546.709892,499,29430.695113
-641.163483,499,29457.190403
-546.487915,499,29484.25508
-495.863277,499,29510.692914
-556.936777,499,29537.623109
-557.038097,499,29565.185719
-499.448502,499,29591.988128
-531.121165,499,29618.317583
-530.918808,499,29644.661238
-457.682289,499,29671.089353
-421.147371,499,29698.293939
-535.079555,499,29724.461259
-537.450204,499,29750.638546
-664.974365,499,29776.742258
-555.609777,499,29804.115594
-524.737884,499,29831.205777
-523.385032,499,29857.254771
-504.382545,499,29883.630913
-590.95619,499,29909.912181
-531.653412,499,29936.086873
-489.818903,499,29963.330829
-562.532195,499,29989.52608
-601.580727,499,30016.252257
-518.777941,499,30046.004414
-485.548152,499,30073.068513
-541.149284,499,30100.656248
-567.80365,499,30127.061206
-540.959008,499,30154.320812
-533.126028,499,30181.15018
-520.703372,499,30208.74504
-461.501541,499,30236.908687
-494.691584,499,30264.340532
-533.82727,499,30290.670923
-624.289488,499,30317.426183
-578.656671,499,30343.936724
-499.666163,499,30371.766833
-492.934306,499,30398.09451
-445.701585,499,30424.637734
-558.616226,499,30450.988304
-587.714426,499,30477.323379
-477.532157,499,30505.776944
-560.197512,499,30532.387771
-616.275653,499,30559.051315
-564.871016,499,30585.770673
-494.155767,499,30612.200923
-550.196963,499,30639.568091
-549.604791,499,30666.11888
-475.412848,499,30692.476348
-537.238956,499,30718.77141
-554.313266,499,30745.298856
-465.918544,499,30773.453421
-442.440019,499,30800.208758
-516.68864,499,30826.571405
-537.503977,499,30853.10095
-610.624674,499,30879.798647
-532.352501,499,30908.345657
-509.116249,499,30934.656008
-485.568677,499,30960.757208
-501.349116,499,30987.344596
-590.750566,499,31014.649428
-525.596765,499,31042.452905
-469.470001,499,31069.463249
-546.014601,499,31096.891594
-664.530263,499,31123.264966
-486.93492,499,31150.156187
-502.467386,499,31177.485925
-516.921322,499,31204.16375
-591.582131,499,31230.658705
-523.935003,499,31257.341619
-550.376821,499,31284.323576
-490.740456,499,31312.807124
-472.955379,499,31340.139588
-484.263647,499,31366.595104
-534.844587,499,31395.542531
-656.260084,499,31423.303595
-591.948778,499,31450.749216
-484.326579,499,31477.441433
-521.688287,499,31504.419837
-469.058212,499,31530.761163
-559.992807,499,31557.347372
-567.223726,499,31585.170968
-503.755489,499,31611.695795
-582.549207,499,31638.575632
-588.476741,499,31665.156372
-574.731599,499,31691.978722
-489.510082,499,31719.690382
-517.688251,499,31746.036489
-561.562896,499,31772.519675
-507.344828,499,31799.017227
-542.158939,499,31825.868698
-563.893193,499,31853.929397
-485.673438,499,31880.514038
-416.849195,499,31907.207135
-518.113379,499,31934.491097
-558.61023,499,31960.902364
-598.954221,499,31988.52724
-589.077629,499,32015.059862
-515.738062,499,32041.560937
-448.216632,499,32068.510419
-548.914363,499,32094.994277
-579.80624,499,32122.663273
-557.616878,499,32150.10847
-487.863699,499,32176.698741
-525.108319,499,32202.99986
-637.770357,499,32229.4137
-565.006899,499,32256.911649
-498.113607,499,32283.273511
-484.996185,499,32310.872136
-608.027981,499,32337.669872
-481.600139,499,32364.282329
-565.819439,499,32392.207636
-504.710037,499,32419.136394
-492.574505,499,32446.168621
-459.417016,499,32472.740083
-544.807363,499,32499.172758
-613.673178,499,32526.733751
-606.002186,499,32553.692324
-477.222467,499,32580.255424
-530.843069,499,32606.766119
-450.537985,499,32632.852397
-540.040668,499,32661.062883
-553.541783,499,32687.215604
-502.732214,499,32714.616853
-583.865387,499,32744.467319
-534.588728,499,32771.55733
-592.361137,499,32799.025958
-493.706268,499,32825.486361
-511.661273,499,32851.997151
-548.288599,499,32878.430881
-512.931856,499,32906.217292
-577.1667,499,32933.795805
-537.771077,499,32960.585894
-501.05347,499,32987.519552
-409.939585,499,33014.535391
-532.965483,499,33041.03288
-526.898584,499,33068.505898
-620.174847,499,33094.946508
-557.244762,499,33122.126101
-500.035633,499,33149.271201
-474.949647,499,33175.953775
-545.715225,499,33204.048151
-530.490637,499,33231.083579
-590.476899,499,33258.090712
-482.711558,499,33284.955909
-509.933985,499,33311.483463
-637.888573,499,33338.847067
-541.55374,499,33365.305909
-492.471103,499,33391.740955
-505.207897,499,33418.957152
-566.208597,499,33445.741744
-508.218698,499,33473.620349
-580.687813,499,33501.746806
-500.223327,499,33528.917524
-483.605128,499,33555.903301
-430.062169,499,33583.177414
-534.304064,499,33611.470824
-596.467441,499,33638.091985
-613.920668,499,33664.637095
-523.541105,499,33691.398385
-529.161573,499,33718.47003
-450.141468,499,33746.627092
-589.228253,499,33773.458834
-544.903245,499,33800.569348
-500.947491,499,33828.255184
-544.43548,499,33854.611017
-518.634823,499,33883.459416
-661.036106,499,33911.025968
-497.832213,499,33938.834674
-519.395367,499,33964.817816
-487.822181,499,33991.5394
-564.331009,499,34018.897392
-515.334013,499,34045.54643
-532.786211,499,34072.09557
-530.043484,499,34101.284434
-414.520477,499,34128.249004
-526.143647,499,34155.9385
-560.709166,499,34182.828565
-632.272818,499,34209.489739
-552.108893,499,34236.182253
-485.429233,499,34262.868193
-463.65154,499,34291.218846
-553.530944,499,34317.785501
-541.602353,499,34344.504161
-559.037956,499,34371.250696
-486.652674,499,34398.737335
-505.455199,499,34426.458791
-635.585464,499,34452.960665
-574.781879,499,34480.364793
-463.55019,499,34507.034385
-530.714553,499,34533.483571
-552.440155,499,34560.924654
-488.221652,499,34587.36898
-549.087593,499,34614.10201
-518.070255,499,34640.522388
-483.394769,499,34667.382362
-396.798774,499,34695.063388
-563.749797,499,34721.876693
-572.21423,499,34748.582142
-645.137366,499,34775.570528
-494.41584,499,34802.774165
-519.932714,499,34830.693206
-453.935254,499,34857.79981
-538.651692,499,34884.356313
-576.7358,499,34910.858033
-508.370128,499,34938.242367
-535.094232,499,34965.802074
-530.541882,499,34992.402197
-615.969517,499,35019.093805
-517.03499,499,35045.827158
-509.573318,499,35072.663981
-513.709509,499,35099.997137
-598.944504,499,35127.014885
-524.281679,499,35153.53734
-522.417063,499,35180.211356
-533.906828,499,35206.581373
-423.262652,499,35234.290619
-520.314365,499,35261.122221
-529.950943,499,35288.063069
-613.929149,499,35314.616585
-593.534119,499,35341.138468
-472.068284,499,35368.826629
-473.900801,499,35395.216351
-493.645648,499,35422.648558
-542.533797,499,35451.857152
-576.453987,499,35478.567257
-494.382344,499,35506.308447
-499.372184,499,35532.971165
-644.823097,499,35559.42727
-549.397866,499,35586.198575
-468.611808,499,35612.42663
-551.156722,499,35640.357497
-577.198778,499,35666.7304
-465.358092,499,35693.323594
-577.928089,499,35719.911503
-520.542959,499,35746.893143
-469.019672,499,35775.483675
-422.896747,499,35801.909976
-537.466146,499,35828.892782
-546.621561,499,35855.633783
-625.534277,499,35882.573729
-585.845756,499,35910.063241
-490.74341,499,35936.749485
-503.121689,499,35963.162247
-597.953595,499,35990.022463
-529.178352,499,36016.82359
-576.42836,499,36044.374519
-504.532205,499,36070.863679
-564.030751,499,36097.489327
-583.622037,499,36124.046351
-557.46167,499,36150.97495
-491.238876,499,36179.174699
-502.9845,499,36205.772632
-581.469173,499,36232.863169
-530.196403,499,36259.200273
-494.111354,499,36285.932991
-542.932013,499,36313.21162
-422.598339,499,36340.465427
-515.90552,499,36367.120127
-508.124732,499,36393.541546
-614.267546,499,36420.413739
-553.165472,499,36448.541198
-491.987405,499,36474.897587
-491.531691,499,36501.674738
-466.546169,499,36528.477114
-555.595841,499,36555.084235
-617.769115,499,36582.64124
-473.702467,499,36609.60717
-516.582349,499,36636.15884
-674.81428,499,36662.753716
-552.105581,499,36689.751509
-479.596187,499,36717.294441
-539.638116,499,36744.099671
-568.988979,499,36771.024249
-471.035544,499,36800.36371
-562.525395,499,36827.338481
-539.218064,499,36855.064245
-490.470485,499,36881.448307
-426.580322,499,36907.949268
-517.601307,499,36935.325123
-567.062314,499,36962.469014
-602.898355,499,36990.771018
-533.63117,499,37017.613524
-549.726554,499,37044.859247
-487.370482,499,37072.232119
-541.232265,499,37099.046645
-547.492214,499,37128.192046
-539.901089,499,37155.089681
-479.161288,499,37181.981118
-558.61403,499,37209.771137
-621.47123,499,37236.373616
-500.341053,499,37263.763164
-544.416333,499,37290.107866
-527.227861,499,37317.072203
-576.098113,499,37343.496658
-534.394617,499,37370.406898
-527.709482,499,37397.929941
-526.276858,499,37425.017825
-444.910298,499,37451.75078
-497.538556,499,37478.360288
-514.781854,499,37504.985599
-631.956369,499,37532.31828
-570.676799,499,37558.872743
-532.991563,499,37585.601451
-510.147649,499,37611.885514
-435.229024,499,37638.493093
-555.58693,499,37666.31688
-591.839696,499,37692.695098
-483.154858,499,37719.185683
-579.279079,499,37746.008577
-585.968269,499,37772.80049
-579.916177,499,37800.661161
-528.703385,499,37828.318523
-536.415161,499,37854.883845
-564.888114,499,37881.529893
-468.659643,499,37907.976896
-541.365832,499,37935.93211
-540.673413,499,37962.475525
-462.559058,499,37989.659511
-439.617266,499,38015.946488
-537.30172,499,38042.278665
-541.281675,499,38069.652143
-601.397463,499,38095.983032
-575.828406,499,38122.168888
-496.633663,499,38151.406363
-479.237775,499,38177.847015
-481.90509,499,38205.406929
-595.913768,499,38231.990358
-550.616174,499,38258.879673
-465.273661,499,38285.428616
-563.646859,499,38312.882579
-651.076645,499,38340.260017
-505.982948,499,38366.827594
-475.885647,499,38393.348545
-502.930403,499,38419.792278
-582.580045,499,38447.044401
-514.819302,499,38475.159077
-533.768172,499,38502.057277
-467.422464,499,38529.186414
-487.08105,499,38555.864288
-479.82028,499,38582.152413
-499.652575,499,38610.223551
-620.118418,499,38636.545105
-599.092978,499,38662.960199
-483.870466,499,38689.665258
-519.233681,499,38716.144166
-465.315107,499,38743.68411
-544.866999,499,38770.356719
-584.81804,499,38796.720665
-530.739153,499,38823.856206
-575.120722,499,38850.952573
-552.586696,499,38878.184747
-571.505607,499,38905.482523
-501.303495,499,38931.667777
-503.054448,499,38957.852836
-558.482816,499,38984.733142
-497.448519,499,39012.128884
-593.428229,499,39039.064236
-547.578402,499,39065.914421
-488.823063,499,39092.252985
-399.774223,499,39119.379836
-526.6702,499,39147.089139
-533.092446,499,39173.767483
-622.031985,499,39200.589915
-572.519585,499,39227.062084
-478.952087,499,39253.899451
-455.832642,499,39281.409751
-525.432971,499,39308.504636
-572.116836,499,39334.943776
-581.961432,499,39361.366791
-472.146653,499,39388.62928
-515.303455,499,39416.591328
-631.217024,499,39443.528102
-539.626146,499,39470.608559
-480.223366,499,39499.453472
-502.867848,499,39527.45225
-583.336041,499,39554.931578
-474.171683,499,39582.123734
-598.780686,499,39609.10715
-476.820919,499,39636.45979
-515.066877,499,39664.192129
-434.708531,499,39692.03358
-518.127575,499,39718.669606
-590.082981,499,39745.421479
-618.506894,499,39772.092331
-491.163288,499,39799.696557
-526.228593,499,39827.296006
-438.123963,499,39853.995834
-571.789438,499,39881.063885
-549.012235,499,39907.944089
-507.647003,499,39934.604454
-599.50095,499,39961.865953
-523.674686,499,39989.30273
-581.395015,499,40015.701429
-521.071447,499,40042.639995
-490.55559,499,40069.820878
-553.701878,499,40097.239088
-551.767477,499,40124.15836
-544.1862,499,40150.755009
-597.398803,499,40177.411425
-493.349193,499,40204.197483
-420.989788,499,40231.667439
-533.700529,499,40257.849468
-520.088051,499,40284.806676
-653.189805,499,40311.188117
-597.989166,499,40337.653714
-486.285272,499,40365.867193
-482.019115,499,40392.399338
-529.392345,499,40419.181566
-536.002086,499,40445.924481
-573.973824,499,40472.438201
-501.48335,499,40500.252558
-526.499272,499,40527.050208
-645.979355,499,40554.248793
-557.014717,499,40580.619462
-492.741151,499,40607.253357
-516.9697,499,40634.615937
-567.856365,499,40661.206375
-487.565844,499,40688.097024
-587.639767,499,40714.872153
-488.460322,499,40741.668387
-497.830339,499,40768.987035
-421.671473,499,40795.894835
-547.656242,499,40822.391876
-575.966849,499,40851.71493
-635.755189,499,40878.423341
-537.251404,499,40904.958155
-535.143883,499,40932.746989
-443.330628,499,40959.822431
-590.677363,499,40987.338126
-534.61014,499,41013.893351
-497.943686,499,41040.669465
-534.305406,499,41068.950634
-578.915982,499,41095.634851
-626.732717,499,41122.5973
-500.38998,499,41149.146981
-521.084841,499,41175.527139
-491.072656,499,41202.812919
-597.135922,499,41229.97704
-527.140456,499,41256.754509
-534.072009,499,41283.335558
-508.16274,499,41310.403933
-422.027404,499,41337.910823
-499.873553,499,41364.522761
-519.159004,499,41391.587685
-614.339013,499,41418.68414
-565.235415,499,41445.331521
-486.487016,499,41472.934109
-477.83004,499,41499.972151
-533.971242,499,41526.854949
-519.943277,499,41553.832481
-557.042901,499,41580.4753
-528.825008,499,41608.085597
-492.419782,499,41634.294155
-642.430956,499,41661.702008
-577.904331,499,41688.168609
-442.303717,499,41714.464306
-497.513406,499,41742.299746
-585.998662,499,41768.573173
-492.951451,499,41794.91673
-549.342408,499,41822.047361
-549.194477,499,41849.486789
-455.460788,499,41877.054312
-412.039941,499,41903.975829
-552.249893,499,41931.023959
-592.758618,499,41957.562542
-634.756101,499,41984.195441
-559.963437,499,42012.125134
-500.488481,499,42038.95021
-507.125174,499,42065.915189
-552.624483,499,42092.732123
-553.641584,499,42119.33854
-534.309545,499,42146.856727
-520.499093,499,42173.751943
-592.562469,499,42202.997815
-605.726283,499,42230.602967
-512.863361,499,42257.870847
-494.066737,499,42285.986916
-511.625973,499,42312.849715
-588.852097,499,42339.089619
-523.37243,499,42365.576303
-533.332074,499,42392.107604
-531.722719,499,42419.81174
-434.754487,499,42446.859237
-523.270239,499,42473.412929
-509.486789,499,42500.754367
-613.294499,499,42527.391863
-601.881101,499,42555.812776
-466.45211,499,42583.774202
-490.170491,499,42611.10698
-486.679235,499,42639.100171
-555.414063,499,42665.138566
-581.266033,499,42693.749608
-475.677801,499,42720.367718
-528.922716,499,42748.091492
-641.285398,499,42776.65482
-559.192725,499,42805.972827
-467.280506,499,42834.081296
-553.853418,499,42861.985041
-576.468624,499,42889.472552
-506.106269,499,42917.739156
-561.605266,499,42945.504695
-542.278868,499,42974.980609
-479.393972,499,43005.011756
-399.850936,499,43034.037121
-540.334874,499,43061.275205
-550.38579,499,43088.598653
-650.066033,499,43117.793597
-538.454517,499,43144.87525
-505.322609,499,43171.276933
-509.481099,499,43199.503746
-557.375313,499,43226.399476
-528.892879,499,43255.339174
-552.304226,499,43283.088451
-492.186562,499,43310.729935
-561.55144,499,43337.088794
-596.078468,499,43364.0099
-524.947985,499,43391.659704
-524.459085,499,43418.189779
-523.247677,499,43444.892767
-557.545679,499,43470.949004
-528.645185,499,43497.923431
-511.992588,499,43527.676323
-560.325043,499,43554.943379
-413.46128,499,43584.5382
-528.408008,499,43610.759044
-495.745442,499,43636.812767
-620.935958,499,43663.714365
-574.900593,499,43690.274982
-517.823844,499,43717.638824
-485.638447,499,43746.388015
-469.105249,499,43773.582112
-561.609983,499,43802.964469
-610.99018,499,43828.937277
-521.416036,499,43856.762694
-519.218757,499,43883.390858
-641.667763,499,43910.004034
-553.05717,499,43937.555905
-480.544602,499,43963.892601
-553.548257,499,43990.334966
-537.533584,499,44017.291691
-471.199628,499,44045.233251
-555.152568,499,44073.497094
-546.805409,499,44101.234717
-452.010454,499,44128.694787
-456.119636,499,44155.700355
-506.785865,499,44184.039362
-571.772104,499,44211.281081
-641.122039,499,44240.058956
-544.958012,499,44267.569906
-518.503827,499,44294.520739
-476.659862,499,44320.911916
-541.849852,499,44348.666339
-547.962615,499,44377.723456
-538.390018,499,44405.474011
-485.487248,499,44432.883366
-559.693269,499,44459.951433
-648.793382,499,44489.050038
-487.325081,499,44515.019545
-487.617432,499,44542.114202
-513.743132,499,44569.605973
-571.475954,499,44598.058661
-536.952866,499,44627.443137
-517.661419,499,44653.990491
-497.30383,499,44682.081946
-454.762245,499,44709.148421
-505.46998,499,44734.740778
-524.489769,499,44762.43597
-662.434208,499,44790.40642
-559.301365,499,44819.278463
-494.140655,499,44847.406795
-509.861653,499,44874.573513
-459.780279,499,44902.091595
-542.96039,499,44929.436126
-628.535,499,44960.052172
-478.30502,499,44987.15687
-559.978855,499,45013.236368
-596.080431,499,45040.533963
-565.856204,499,45067.514683
-489.735342,499,45094.223945
-521.122682,499,45121.501249
-548.781122,499,45148.487831
-474.211552,499,45176.202517
-555.233041,499,45203.808435
-578.6064,499,45230.08281
-470.980969,499,45256.273996
-444.336182,499,45283.481832
-533.874876,499,45311.608106
-537.555257,499,45339.178956
-612.381882,499,45366.904347
-564.096042,499,45395.705972
-488.359867,499,45422.852819
-449.616646,499,45451.576893
-555.105471,499,45478.224733
-586.195365,499,45504.357087
-572.654462,499,45532.373993
-499.067596,499,45558.408786
-543.362097,499,45586.218099
-644.213815,499,45614.440966
-541.31136,499,45641.151274
-482.600967,499,45667.615968
-496.372586,499,45695.922164
-598.138093,499,45722.28915
-513.645913,499,45748.364813
-572.080546,499,45775.351396
-495.714288,499,45803.394494
-500.6073,499,45831.519367
-464.514827,499,45860.706224
-523.245496,499,45887.447016
-619.536045,499,45916.262763
-598.638736,499,45944.122494
-484.750863,499,45971.264379
-524.594886,499,45998.7176
-438.989881,499,46028.602488
-565.265512,499,46055.114076
-578.741107,499,46082.680986
-522.491812,499,46109.934793
-595.888146,499,46139.467479
-527.082771,499,46166.104775
-573.900313,499,46192.800566
-494.385482,499,46220.055875
-529.663773,499,46246.501591
-554.758815,499,46275.409473
-507.339181,499,46303.008312
-550.691176,499,46332.875849
-535.814078,499,46361.389859
-474.48434,499,46390.369208
-400.097557,499,46418.642036
-537.904583,499,46445.806561
-520.376953,499,46472.461418
-633.037763,499,46499.730821
-585.361639,499,46526.042605
-499.554588,499,46552.83318
-474.404065,499,46579.711957
-523.459482,499,46606.944654
-534.51949,499,46634.237845
-574.390167,499,46661.797758
-482.908212,499,46691.789758
-531.442974,499,46719.408351
-656.957811,499,46747.380947
-551.438912,499,46774.140051
-477.685361,499,46802.755476
-521.471889,499,46830.939301
-559.701728,499,46858.926342
-467.611854,499,46885.805912
-620.003656,499,46914.155832
-506.786129,499,46940.295719
-494.473806,499,46967.40439
-443.244779,499,46995.533801
-520.167191,499,47023.116845
-581.418643,499,47050.615595
-609.84276,499,47079.443463
-506.767754,499,47107.458128
-534.413187,499,47134.775413
-475.267883,499,47161.05413
-567.951695,499,47188.78616
-534.198483,499,47215.229911
-492.565192,499,47242.349461
-540.415881,499,47270.32761
-565.634449,499,47298.322325
-588.401281,499,47325.441808
-509.47523,499,47353.444219
-477.310445,499,47381.474128
-495.552933,499,47408.733919
-562.09325,499,47436.403968
-523.113854,499,47463.624332
-542.901059,499,47490.70631
-543.360666,499,47518.258019
-453.800583,499,47545.453578
-509.222474,499,47574.055813
-519.883415,499,47600.42122
-653.765043,499,47628.927852
-553.897307,499,47657.811082
-495.71505,499,47686.961057
-471.557582,499,47716.430496
-545.536689,499,47743.46436
-527.057942,499,47770.131322
-591.338904,499,47798.53593
-486.57482,499,47824.860167
-512.846616,499,47851.130639
-678.677766,499,47878.1083
-562.843018,499,47905.897381
-457.449318,499,47933.361162
-551.251794,499,47961.135776
-608.008086,499,47988.163183
-500.588012,499,48015.571999
-560.516186,499,48042.86181
-514.990456,499,48072.014596
-525.353151,499,48099.193236
-401.545844,499,48125.94822
-547.741979,499,48153.712567
-576.583495,499,48181.436151
-627.262533,499,48210.76973
-511.091755,499,48239.775272
-545.91884,499,48267.306433
-444.943196,499,48294.093212
-556.017796,499,48321.514909
-585.874152,499,48350.226088
-517.765408,499,48378.073544
-545.11085,499,48405.215864
-548.349857,499,48432.155616
-622.960995,499,48459.414216
-501.163861,499,48488.169283
-468.271031,499,48515.386912
-497.556496,499,48542.664593
-615.421275,499,48571.210202
-535.854882,499,48599.99981
-529.909319,499,48628.790667
-505.351685,499,48655.446352
-410.537776,499,48681.818615
-522.821475,499,48710.23586
-523.705565,499,48736.994614
-641.930275,499,48765.04349
-574.695372,499,48790.848152
-497.190333,499,48818.577215
-465.152289,499,48848.02352
-499.017513,499,48874.452868
-529.571072,499,48901.81508
-595.579434,499,48930.708216
-478.851227,499,48959.586588
-512.920915,499,48986.57446
-668.151376,499,49012.803257
-565.584026,499,49041.689434
-460.765085,499,49068.302676
-549.312239,499,49100.193623
-589.244831,499,49127.495744
-497.750854,499,49156.639859
-556.208517,499,49184.857735
-536.125429,499,49213.324617
-457.601384,499,49241.28985
-429.48468,499,49268.355446
-541.693455,499,49295.238254
-551.063291,499,49324.619876
-634.451957,499,49351.934869
-544.175965,499,49378.273082
-509.632813,499,49405.678643
-537.352305,499,49434.364559
-548.91759,499,49462.743697
-537.736841,499,49490.729524
-517.784754,499,49517.639966
-507.977982,499,49544.80925
-601.047861,499,49573.347142
-612.920348,499,49603.440866
-527.709079,499,49630.629311
-480.761843,499,49658.990998
-537.149404,499,49686.508776
-575.557837,499,49713.613091
-531.013051,499,49742.484424
-507.077827,499,49769.637754
-527.035194,499,49797.099908
-406.702746,499,49823.650051
-533.430465,499,49851.685327
-503.940067,499,49880.232434
-610.80708,499,49908.140363
-580.894557,499,49935.80756
-496.223787,499,49964.218287
-497.330847,499,49991.76925
-482.252543,499,50019.883406
-547.923048,499,50047.535903
-618.678006,499,50075.446583
-473.572969,499,50101.780526
-535.264367,499,50129.802972
-641.593846,499,50157.722734
-542.906732,499,50183.695172
-500.212698,499,50211.439475
-555.104806,499,50238.978341
-596.741446,499,50266.704116
-490.018971,499,50295.756057
-516.185517,499,50324.139238
-596.701997,499,50352.218815
-463.290463,499,50378.422606
-443.575349,499,50406.054531
-527.815994,499,50434.606718
-541.733306,499,50461.208294
-621.005608,499,50492.199237
-519.742171,499,50521.689074
-517.801585,499,50550.841075
-485.512134,499,50581.206031
-519.144257,499,50608.76754
-574.443143,499,50638.275313
-573.164583,499,50667.178794
-483.506006,499,50695.332102
-582.26713,499,50724.320086
-599.240654,499,50751.324597
-511.728949,499,50778.046913
-516.078002,499,50804.885346
-508.862311,499,50832.374726
-587.831877,499,50860.482699
-530.39121,499,50887.966768
-535.957831,499,50915.931462
-534.667771,499,50942.840586
-448.1163,499,50970.514321
-524.255888,499,50998.142725
-533.903304,499,51026.110117
-625.005636,499,51053.774762
-585.253301,499,51081.467665
-507.610031,499,51109.921809
-496.7271,499,51137.755065
-444.553222,499,51166.396702
-577.74271,499,51195.214892
-592.249648,499,51223.986928
-471.828586,499,51250.773116
-566.382154,499,51279.883076
-601.216594,499,51308.575448
-583.379808,499,51336.114424
-475.595267,499,51363.672313
-532.781149,499,51391.273516
-544.512433,499,51420.245437
-484.891608,499,51447.818105
-545.301606,499,51475.558075
-544.327595,499,51504.825625
-464.473746,499,51532.897496
-472.902727,499,51563.458387
-495.893262,499,51590.579128
-534.900119,499,51618.258431
-598.466753,499,51647.444867
-566.775912,499,51674.324166
-510.956348,499,51702.862307
-491.564594,499,51729.431925
-485.229803,499,51759.39731
-592.107336,499,51788.342142
-511.925512,499,51816.815003
-501.81827,499,51844.380312
-533.474703,499,51872.18074
-688.199607,499,51904.258642
-496.278769,499,51932.868181
-484.49826,499,51962.365759
-505.172159,499,51990.443093
-574.198391,499,52018.475428
-503.696059,499,52045.546443
-557.740714,499,52073.295333
-478.64419,499,52099.581139
-480.01125,499,52130.413563
-479.610783,499,52158.943138
-494.87785,499,52185.323898
-620.350832,499,52213.238341
-581.279453,499,52239.749529
-516.75991,499,52267.918153
-519.519625,499,52294.902725
-474.80669,499,52321.950786
-550.402217,499,52349.502922
-548.202128,499,52376.61112
-539.282097,499,52407.189897
-560.795508,499,52433.565617
-582.546031,499,52460.419766
-573.745094,499,52487.480486
-491.556151,499,52515.802315
-518.665949,499,52544.236249
-563.172157,499,52570.71954
-494.128345,499,52598.102949
-568.383073,499,52624.647606
-549.894415,499,52651.226187
-484.438175,499,52677.931965
-447.356452,499,52706.403827
-547.157391,499,52732.572746
-558.311584,499,52758.092764
-605.612091,499,52785.929614
-589.162437,499,52814.698291
-484.920514,499,52841.225647
-447.267744,499,52867.827368
-541.730479,499,52894.640336
-545.355843,499,52921.84985
-570.944608,499,52950.306432
-485.911657,499,52977.222334
-516.863718,499,53004.637605
-624.590413,499,53032.035972
-514.883624,499,53059.039655
-497.643258,499,53087.210485
-497.751922,499,53114.611797
-581.600118,499,53142.891468
-504.696732,499,53169.251558
-588.880127,499,53196.755853
-484.345207,499,53223.703827
-487.710404,499,53250.186057
-488.146547,499,53281.886813
-604.704598,499,53308.878254
-599.212614,499,53336.396091
-581.986365,499,53364.062481
-466.978106,499,53391.198649
-528.41394,499,53418.069458
-451.508785,499,53445.454498
-551.907855,499,53472.950533
-571.116914,499,53500.65668
-506.481875,499,53528.908479
-590.898013,499,53556.727665
-539.251021,499,53583.877419
-599.029633,499,53611.593123
-495.048692,499,53640.055658
-518.29497,499,53667.753332
-523.391589,499,53695.229568
-525.050546,499,53722.168493
-537.985745,499,53749.456327
-536.952112,499,53780.227279
-507.661212,499,53806.891331
-396.404945,499,53835.382774
-535.175888,499,53862.965036
-537.675239,499,53889.735507
-646.949288,499,53917.358032
-547.665312,499,53944.627315
-488.722334,499,53972.366504
-454.360254,499,53999.881218
-528.569577,499,54026.951254
-529.763523,499,54055.10414
-603.729724,499,54082.562989
-490.831503,499,54109.609097
-522.498529,499,54136.242394
-663.312281,499,54162.382284
-529.569764,499,54190.329859
-501.020145,499,54217.362656
-504.302322,499,54244.661242
-564.578725,499,54273.819038
-485.001154,499,54300.828102
-577.26211,499,54329.61939
-470.813386,499,54356.612818
-497.39045,499,54383.794731
-408.573595,499,54409.899166
-575.690246,499,54437.191802
-558.091871,499,54465.907683
-638.543046,499,54492.958095
-521.805702,499,54520.297899
-545.860479,499,54548.724684
-448.599501,499,54576.516007
-568.902607,499,54604.671942
-525.723386,499,54631.86833
-528.670131,499,54661.218304
-527.67049,499,54688.688578
-529.547705,499,54715.204399
-640.739663,499,54743.395143
-503.427856,499,54773.082729
-536.943111,499,54800.600066
-493.113885,499,54826.584194
-622.469062,499,54853.38032
-527.96164,499,54879.899823
-545.933386,499,54906.633706
-547.221843,499,54933.243746
-395.911458,499,54960.485118
-503.932012,499,54989.686495
-521.608399,499,55016.08523
-636.322527,499,55044.59611
-560.700748,499,55071.872514
-525.767249,499,55099.938557
-467.936867,499,55126.533573
-561.125853,499,55152.850457
-528.589454,499,55181.347336
-592.505782,499,55207.918751
-522.15697,499,55235.311984
-517.592266,499,55262.237838
-659.708156,499,55288.220126
-559.506345,499,55316.166009
-490.488525,499,55343.225956
-541.38933,499,55371.312537
-562.767696,499,55397.201143
-477.316625,499,55424.622527
-585.325765,499,55452.678031
-528.432632,499,55480.300802
-455.091079,499,55507.355707
-399.251476,499,55533.126205
-545.49617,499,55560.191548
-563.549471,499,55587.894519
-621.322409,499,55613.88988
-516.468804,499,55640.494872
-506.430083,499,55667.259707
-486.272058,499,55694.090357
-527.99568,499,55722.4334
-547.912907,499,55749.464936
-560.867837,499,55776.25733
-531.779868,499,55804.348327
-556.126562,499,55832.199214
-596.884865,499,55859.787829
-490.868079,499,55888.148944
-484.671118,499,55915.65646
-511.385972,499,55944.000586
-587.924053,499,55970.528176
-526.481853,499,55999.45332
-526.150496,499,56028.072528
-527.329677,499,56057.629396
-429.184352,499,56084.451626
-531.439654,499,56112.310596
-529.00954,499,56140.780846
-618.320013,499,56168.598889
-603.510919,499,56198.617722
-459.760893,499,56224.67944
-484.363541,499,56251.123403
-523.025833,499,56279.003481
-571.034498,499,56305.33531
-593.520619,499,56331.670919
-502.884607,499,56358.495272
-525.42644,499,56385.369052
-654.702221,499,56413.008078
-567.031222,499,56440.343114
-460.937937,499,56466.691783
-559.197401,499,56493.183634
-570.447049,499,56519.700235
-466.78662,499,56548.195551
-546.682201,499,56576.19031
-524.907788,499,56603.479139
-468.748398,499,56629.39132
-407.602873,499,56656.554821
-536.142259,499,56685.747624
-549.893819,499,56712.645517
-625.075476,499,56739.248784
-565.470855,499,56766.622313
-527.05871,499,56793.558585
-504.527119,499,56820.583346
-539.403784,499,56848.691041
-539.125096,499,56876.537666
-550.370038,499,56903.130701
-496.676047,499,56931.500278
-586.968297,499,56959.558542
-606.162876,499,56985.691214
-540.37853,499,57013.466841
-488.654434,499,57039.0591
-515.859825,499,57066.088317
-567.707011,499,57094.556668
-535.258923,499,57122.345125
-495.878173,499,57148.999279
-554.849343,499,57176.372003
-411.811057,499,57202.985372
-514.937312,499,57231.371112
-503.200985,499,57259.403312
-606.296008,499,57285.637684
-598.723201,499,57311.924329
-508.653936,499,57338.152793
-501.074937,499,57367.3462
-452.58769,499,57397.827559
-530.504861,499,57425.185513
-582.302902,499,57452.663536
-470.328069,499,57479.548008
-524.356633,499,57507.406426
-621.774541,499,57534.445397
-573.414785,499,57560.655822
-494.164425,499,57587.40025
-544.443907,499,57614.16745
-544.807415,499,57643.000516
-473.986487,499,57669.791897
-543.912797,499,57698.175786
-556.444112,499,57724.319137
-456.620505,499,57750.796436
-455.084866,499,57778.227082
-526.308115,499,57806.178955
-543.080366,499,57833.453182
-612.825963,499,57860.665183
-552.67946,499,57887.82323
-521.473303,499,57915.040593
-490.068291,499,57941.551321
-516.033214,499,57968.037764
-553.650848,499,57994.632174
-530.564764,499,58021.010435
-482.53335,499,58048.650752
-547.376576,499,58075.144225
-616.918649,499,58102.104119
-529.22484,499,58128.674747
-505.846634,499,58156.220144
-528.78682,499,58186.047587
-597.78478,499,58214.063839
-534.816369,499,58241.167156
-549.147895,499,58268.700691
-510.209826,499,58296.541964
-426.530101,499,58325.767316
-502.6624,499,58354.039407
-486.521669,499,58381.185715
-671.546587,499,58407.743278
-548.721382,499,58435.123058
-520.14959,499,58462.354136
-503.301454,499,58489.235187
-436.709701,499,58516.905282
-550.294083,499,58544.543634
-581.763768,499,58573.516551
-497.462308,499,58602.204253
-554.272411,499,58630.140359
-585.044665,499,58658.308206
-545.58164,499,58685.305732
-489.269472,499,58715.003152
-508.535316,499,58743.221504
-553.996011,499,58773.128145
-480.978445,499,58800.010237
-534.744125,499,58828.741139
-568.531652,499,58855.921634
-451.115945,499,58883.715635
-456.630587,499,58910.691396
-510.852062,499,58937.520937
-529.087702,499,58964.187771
-623.945261,499,58991.137241
-587.689702,499,59018.96133
-503.387875,499,59046.39865
-464.052229,499,59073.205152
-498.804264,499,59099.536638
-583.335087,499,59126.347292
-549.958314,499,59153.597654
-461.26575,499,59181.727216
-544.828124,499,59207.622252
-667.550022,499,59234.617375
-497.053006,499,59261.051808
-487.820664,499,59288.619106
-500.484025,499,59314.720224
-575.05236,499,59340.588539
-500.042125,499,59366.554173
-569.711601,499,59394.573615
-463.690145,499,59422.442757
-491.95095,499,59448.663085
-468.740101,499,59475.138314
-514.877004,499,59503.700687
-623.793727,499,59529.905165
-592.831383,499,59558.499305
-495.410529,499,59585.799988
-524.427537,499,59611.19829
-470.639865,499,59638.662691
-528.587293,499,59665.978137
-596.894952,499,59693.653958
-515.04918,499,59720.019655
-591.600941,499,59748.419445
-549.450338,499,59776.501406
-571.896077,499,59804.614675
-548.376272,499,59832.56224
-499.964796,499,59859.719005
-591.70256,499,59886.583283
-522.098738,499,59912.818462
-545.835703,499,59939.952227
-570.555141,499,59968.068973
-457.631888,499,59994.827438
-422.546126,499,60021.673686
-513.781512,499,60048.679976
-535.747789,499,60074.710219
-600.850362,499,60102.422338
-573.153796,499,60130.917238
-513.611368,499,60157.727908
-434.710386,499,60184.494437
-523.927435,499,60212.161522
-546.638713,499,60240.445803
-583.912723,499,60267.127491
-476.214358,499,60294.220026
-549.092037,499,60320.754291
-651.656145,499,60349.347643
-535.002774,499,60377.005843
-480.712571,499,60404.524126
-514.336965,499,60431.434225
-578.608647,499,60457.422531
-462.643383,499,60485.657897
-592.168998,499,60512.595468
-486.345562,499,60539.793623
-499.039969,499,60566.459578
-430.948779,499,60593.794214
-520.748729,499,60619.83194
-573.706115,499,60647.325643
-622.820292,499,60674.13865
-517.066134,499,60700.833166
-531.67506,499,60727.166037
-453.342881,499,60753.819348
-561.578701,499,60783.19698
-559.795992,499,60810.165835
-493.921905,499,60836.590909
-563.8314,499,60864.005013
-521.163456,499,60891.187904
-561.508603,499,60918.533365
-513.168838,499,60944.23243
-495.491462,499,60972.199294
-513.339637,499,60998.290084
-536.093263,499,61025.383002
-551.483126,499,61052.317489
-556.540264,499,61077.952646
-495.601891,499,61104.904068
-412.136476,499,61131.118934
-521.710955,499,61158.436116
-512.223239,499,61185.660319
-631.095607,499,61212.030129
-564.843505,499,61239.444858
-463.619164,499,61265.524464
-477.784731,499,61293.69061
-567.551885,499,61321.398523
-535.882998,499,61348.488483
-569.320391,499,61375.772216
-483.612371,499,61401.816537
-543.106217,499,61430.218146
-637.99334,499,61457.016133
-546.248932,499,61486.892716
-484.828197,499,61513.81598
-515.17192,499,61540.272126
-564.898912,499,61566.80063
-476.577436,499,61594.923412
-565.491153,499,61622.713306
-500.991396,499,61650.163114
-477.899363,499,61676.554929
-433.5461,499,61703.021897
-542.915567,499,61730.311844
-571.229738,499,61758.046894
-634.787788,499,61785.452095
-525.992286,499,61813.25612
-523.918151,499,61840.555956
-461.241225,499,61867.806085
-559.731563,499,61894.577923
-537.333147,499,61921.786542
-506.056873,499,61949.396413
-543.480385,499,61977.642094
-573.957054,499,62005.153424
-632.844312,499,62033.329712
-506.045475,499,62059.812024
-514.990429,499,62086.443797
-486.357251,499,62114.628879
-607.971192,499,62142.34517
-510.267211,499,62169.062528
-526.591904,499,62196.109961
-540.498524,499,62226.020821
-425.680625,499,62254.237442
-543.654429,499,62283.904106
-562.309897,499,62310.536015
-607.763731,499,62337.845625
-600.08687,499,62365.558989
-485.347159,499,62392.262752
-469.43895,499,62419.738065
-507.636887,499,62448.148032
-553.282844,499,62475.817235
-597.480716,499,62504.296016
-489.406509,499,62533.354529
-525.346243,499,62561.590066
-649.744535,499,62588.844877
-586.015701,499,62616.318635
-433.455651,499,62643.440845
-566.164438,499,62671.640919
-586.556695,499,62701.449615
-463.499017,499,62727.405518
-563.320991,499,62753.792209
-523.235904,499,62781.275346
-487.938862,499,62809.496576
-414.416823,499,62836.616922
-542.522587,499,62867.723502
-550.324911,499,62894.906966
-612.187459,499,62923.735538
-563.343526,499,62950.641126
-500.290162,499,62978.087703
-477.476025,499,63005.228837
-518.945453,499,63033.26353
-530.049546,499,63062.313146
-543.200538,499,63089.085694
-524.070472,499,63116.963516
-549.938583,499,63144.066824
-596.896868,499,63171.294636
-520.724007,499,63198.345875
-490.884702,499,63226.098841
-516.014429,499,63255.097685
-597.609701,499,63281.613213
-538.935884,499,63308.533314
-531.403663,499,63336.693285
-508.659754,499,63363.070094
-406.45273,499,63392.893388
-527.493722,499,63420.595151
-497.548287,499,63447.724534
-621.125519,499,63474.035744
-604.231062,499,63501.458524
-523.977856,499,63530.661333
-500.044836,499,63557.144765
-492.173215,499,63584.789926
-541.602295,499,63611.785937
-571.35405,499,63638.373309
-474.203382,499,63667.976115
-503.245807,499,63695.008782
-683.483141,499,63722.033997
-539.177624,499,63748.868206
-473.383191,499,63775.999413
-564.948458,499,63805.45837
-560.232497,499,63834.098835
-488.818766,499,63860.572121
-569.111658,499,63887.307495
-519.135005,499,63913.623221
-491.467939,499,63941.025053
-400.555518,499,63968.105304
-531.594225,499,63995.256215
-565.943101,499,64021.745555
-639.712391,499,64048.628483
-533.619111,499,64077.912673
-512.833732,499,64104.745066
-508.657073,499,64131.553811
-559.999757,499,64158.361299
-522.285338,499,64185.739158
-546.309912,499,64213.442365
-481.152037,499,64243.551369
-572.290069,499,64271.288954
-611.970078,499,64298.990516
-527.321526,499,64325.078418
-502.797059,499,64352.754551
-501.113452,499,64382.285299
-546.696343,499,64409.363359
-535.681983,499,64436.231905
-495.414715,499,64463.645381
-545.39306,499,64491.063009
-409.213123,499,64518.279468
-506.091009,499,64544.581554
-516.58484,499,64570.938066
-622.883692,499,64597.336691
-577.284448,499,64626.486631
-519.341884,499,64654.806086
-483.607036,499,64682.085534
-452.386552,499,64709.40803
-547.196919,499,64737.85306
-603.506103,499,64766.567348
-504.192666,499,64793.533396
-520.704392,499,64820.320051
-618.72673,499,64846.41629
-567.77891,499,64874.564167
-488.881051,499,64903.514026
-525.5827,499,64930.387254
-559.070749,499,64957.772239
-478.142168,499,64984.151423
-551.708488,499,65011.549705
-545.495306,499,65038.413478
-457.587963,499,65066.830369
-435.825041,499,65092.963046
-507.415872,499,65121.705275
-551.954538,499,65149.082672
-653.315001,499,65179.282282
-541.897617,499,65205.715582
-519.512993,499,65232.275315
-472.179165,499,65259.136177
-525.236636,499,65286.577363
-583.260914,499,65315.801101
-535.407726,499,65343.167828
-493.228905,499,65369.110171
-556.325933,499,65396.216697
-650.704803,499,65424.062816
-497.663696,499,65452.298798
-488.50962,499,65480.128496
-531.001004,499,65508.704086
-580.922908,499,65535.369196
-542.172772,499,65561.360363
-521.359438,499,65589.614037
-509.354055,499,65619.877461
-464.225404,499,65647.551791
-488.716424,499,65675.297865
-493.528264,499,65705.239458
-664.787425,499,65733.692965
-559.075399,499,65759.872546
-520.158111,499,65786.294597
-525.770924,499,65813.018583
-477.840958,499,65839.091891
-547.932536,499,65867.030521
-564.993678,499,65895.400372
-510.687467,499,65922.433305
-574.274084,499,65949.030345
-599.124316,499,65976.663485
-559.832352,499,66005.930525
-524.939616,499,66033.084545
-512.919168,499,66059.535438
-545.484054,499,66087.122303
-523.54661,499,66114.152107
-557.200171,499,66141.766885
-540.912785,499,66168.648817
-443.743418,499,66195.148487
-430.579625,499,66222.740901
-535.936451,499,66249.401315
-525.538963,499,66277.152563
-610.906997,499,66303.18643
-566.340013,499,66330.399769
-491.558265,499,66356.813323
-463.395599,499,66384.236097
-563.388836,499,66415.42887
-568.300517,499,66442.892301
-559.91463,499,66473.166316
-485.09772,499,66500.639716
-536.636181,499,66534.033052
-633.850893,499,66562.321797
-523.704726,499,66588.291076
-480.990794,499,66614.47993
-487.093419,499,66640.247616
-584.698667,499,66666.327655
-490.817506,499,66694.316555
-556.590405,499,66724.892256
-480.415029,499,66756.156931
-475.544289,499,66785.224255
-473.744173,499,66815.272694
-512.450018,499,66844.676664
-616.310398,499,66871.691054
-605.610483,499,66899.46032
-471.016807,499,66926.61522
-538.17245,499,66953.024691
-479.137152,499,66980.912048
-561.125304,499,67011.661168
-569.824641,499,67038.608075
-492.953372,499,67065.295354
-596.001848,499,67091.028241
-555.176359,499,67118.842328
-599.648924,499,67147.929554
-504.338074,499,67174.838187
-511.817095,499,67201.47809
-567.705611,499,67228.571478
-514.42257,499,67257.08424
-556.479932,499,67283.110423
-541.802638,499,67310.018751
-495.471467,499,67337.412744
-403.82203,499,67364.453845
-542.198745,499,67392.035936
-536.27742,499,67418.679554
-627.806582,499,67446.646642
-562.724613,499,67473.762249
-472.789974,499,67499.931292
-455.335452,499,67527.323096
-524.120008,499,67554.615032
-542.425679,499,67581.308765
-604.60047,499,67608.012176
-488.802081,499,67634.78656
-530.781131,499,67662.394003
-646.730401,499,67689.078889
-534.808864,499,67714.625738
-494.764645,499,67740.525157
-531.524852,499,67768.052806
-580.748733,499,67796.294912
-458.428413,499,67822.644717
-585.581733,499,67851.154249
-477.48681,499,67877.710052
-506.266745,499,67904.379397
-437.602652,499,67931.38911
-560.217044,499,67958.789484
-600.395846,499,67985.701655
-605.11246,499,68013.676364
-545.918041,499,68040.978864
-548.131188,499,68067.842469
-444.442149,499,68094.001887
-587.31668,499,68120.553606
-551.472395,499,68147.32749
-500.01195,499,68174.882441
-551.841861,499,68202.569567
-534.108243,499,68230.535312
-596.011186,499,68257.491471
-536.38362,499,68285.356494
-514.381684,499,68312.491782
-511.338071,499,68339.62729
-571.469171,499,68369.641752
-539.374602,499,68397.691469
-543.651269,499,68423.515277
-509.932923,499,68451.164093
-412.101293,499,68479.746708
-528.404388,499,68507.267647
-508.738185,499,68534.021319
-630.494226,499,68561.991214
-567.32709,499,68590.01143
-503.563467,499,68616.70872
-457.149568,499,68644.366604
-549.37868,499,68671.743655
-574.163668,499,68699.246274
-566.915585,499,68725.797031
-503.987899,499,68753.393911
-492.961267,499,68782.050015
-676.469961,499,68810.695501
-602.358301,499,68837.735226
-465.641155,499,68863.401968
-540.936613,499,68889.965128
-565.576638,499,68916.845866
-488.814056,499,68943.620997
-538.971434,499,68969.995007
-503.129618,499,68996.267002
-484.011715,499,69024.165699
-402.823833,499,69051.189733
-601.126503,499,69077.387684
-563.791921,499,69103.303569
-641.891353,499,69131.13747
-530.924826,499,69158.808392
-536.488818,499,69187.274103
-474.296215,499,69214.455303
-544.886098,499,69241.828372
-573.363512,499,69269.308032
-529.398404,499,69296.86227
-532.223555,499,69326.328146
-548.691872,499,69354.22184
-613.970198,499,69380.778058
-508.287984,499,69407.054296
-454.588991,499,69434.906948
-496.903967,499,69463.254075
-595.14908,499,69490.29628
-525.947469,499,69517.902471
-543.92476,499,69544.90431
-504.247021,499,69571.721137
-402.926097,499,69599.14534
-522.841721,499,69625.892289
-520.053062,499,69652.487148
-646.073697,499,69678.731529
-573.916172,499,69706.817889
-469.889026,499,69738.386805
-477.637303,499,69765.74128
-500.368598,499,69792.970237
-563.446469,499,69820.024075
-581.547393,499,69847.42061
-484.075681,499,69875.521475
-495.449623,499,69902.736901
-647.725433,499,69928.982205
-546.31134,499,69955.484684
-455.414577,499,69983.057312
-528.644518,499,70010.475416
-577.500024,499,70036.451979
-479.260565,499,70063.901201
-541.826755,499,70090.547307
-564.058501,499,70117.931173
-465.692046,499,70145.482803
-411.895884,499,70173.459313
-536.616044,499,70200.356873
-577.56691,499,70226.880511
-649.677968,499,70253.535444
-571.114268,499,70282.697791
-509.248651,499,70309.288049
-508.065896,499,70335.894551
-538.041803,499,70363.442163
-541.423892,499,70391.00997
-526.660107,499,70419.200356
-521.788655,499,70446.552754
-601.621266,499,70474.110638
-618.404173,499,70502.52171
-518.495978,499,70531.457054
-487.067506,499,70559.224511
-511.54432,499,70585.820754
-561.867748,499,70612.351948
-555.293291,499,70639.899915
-494.433123,499,70667.363452
-549.08172,499,70694.498471
-427.620824,499,70720.798156
-512.602164,499,70747.837621
-514.24917,499,70775.274587
-612.111664,499,70801.558367
-572.958576,499,70829.439882
-500.505884,499,70856.169669
-480.015016,499,70883.679947
-462.703306,499,70912.62404
-558.295444,499,70938.780277
-603.380358,499,70967.131719
-467.189251,499,70994.786808
-521.455292,499,71024.12406
-647.39655,499,71050.495686
-580.758631,499,71077.600973
-477.083292,499,71110.476912
-553.071275,499,71138.513315
-571.166956,499,71163.893047
-479.194516,499,71191.116848
-518.687014,499,71218.131065
-553.967227,499,71245.921096
-493.326662,499,71273.964321
-418.192465,499,71301.684166
-527.587882,499,71329.172258
-562.051147,499,71355.789517
-656.498574,499,71384.311524
-550.166613,499,71413.101298
-547.345876,499,71441.7499
-489.964366,499,71468.997591
-523.264496,499,71496.742599
-536.444234,499,71524.934423
-529.361089,499,71551.560333
-482.713713,499,71578.182789
-594.031651,499,71605.712983
-640.550681,499,71632.235513
-510.923499,499,71661.733257
-507.916989,499,71688.041174
-505.081776,499,71714.698846
-572.758297,499,71741.998606
-552.554603,499,71769.310968
-528.281866,499,71796.667635
-508.633399,499,71822.930187
-451.293487,499,71849.823025
-482.795547,499,71876.611404
-519.727528,499,71903.057252
-638.032077,499,71931.173544
-593.205702,499,71959.161242
-509.409995,499,71985.832729
-484.415465,499,72012.928548
-441.803199,499,72039.781366
-543.225678,499,72068.617096
-581.425886,499,72097.043136
-520.862865,499,72123.686268
-540.875144,499,72151.070982
-610.366079,499,72178.318507
-584.58092,499,72206.607546
-477.889312,499,72233.488206
-534.124743,499,72260.050703
-537.634292,499,72286.835546
-472.884893,499,72315.051657
-590.432109,499,72342.848541
-569.553053,499,72370.302374
-447.198243,499,72397.273074
-458.869422,499,72424.228032
-530.956213,499,72451.57405
-525.053908,499,72482.401694
-611.88022,499,72512.321542
-569.721275,499,72538.61251
-513.964635,499,72566.608752
-484.46723,499,72594.052653
-502.835563,499,72622.706797
-574.882851,499,72650.277621
-527.739493,499,72676.892952
-497.873658,499,72705.019703
-564.313245,499,72730.9801
-668.842919,499,72759.468049
-493.845858,499,72786.208188
-482.927407,499,72812.07745
-533.14679,499,72840.461961
-551.301104,499,72866.68801
-507.579814,499,72894.145903
-533.415617,499,72921.027187
-484.544046,499,72948.366474
-460.731666,499,72974.604914
-476.933907,499,73001.706666
-494.320193,499,73029.423234
-650.133008,499,73055.391095
-598.44163,499,73081.869036
-469.739626,499,73110.570032
-504.826844,499,73136.900468
-470.17121,499,73164.656376
-573.038411,499,73192.832011
-575.992233,499,73220.198274
-523.81207,499,73247.937772
-561.345562,499,73273.787645
-586.4026,499,73300.806247
-560.738973,499,73328.16342
-505.493969,499,73354.860809
-511.791963,499,73382.143672
-565.209365,499,73409.662017
-490.478106,499,73438.108269
-537.356317,499,73464.79859
-550.332301,499,73491.402512
-479.451018,499,73517.467027
-410.704786,499,73544.737021
-528.478583,499,73573.123474
-550.997924,499,73600.589906
-600.6667,499,73627.242378
-569.484733,499,73655.279304
-500.718513,499,73683.340452
-452.339821,499,73711.186607
-528.819796,499,73737.432238
-590.335701,499,73763.961125
-568.065009,499,73790.174563
-499.394101,499,73817.013824
-525.690799,499,73846.38725
-621.537259,499,73873.40923
-530.04691,499,73900.893337
-492.869829,499,73927.660889
-498.60694,499,73955.224033
-583.777981,499,73982.868084
-503.026432,499,74009.341358
-616.03807,499,74036.284438
-496.631871,499,74063.592805
-484.081478,499,74090.833339
-446.662578,499,74118.801939
-550.668895,499,74147.823653
-595.484617,499,74174.902952
-610.891283,499,74202.796633
-476.417175,499,74230.035978
-536.51375,499,74258.935033
-459.118061,499,74285.364789
-606.41107,499,74311.929848
-561.097794,499,74338.176145
-492.539357,499,74364.727496
-582.922066,499,74392.978441
-525.478427,499,74419.286337
-585.521975,499,74445.420729
-500.247674,499,74471.732408
-512.770136,499,74498.271498
-546.857787,499,74526.555603
-523.587145,499,74553.252015
-556.925656,499,74581.791233
-538.615453,499,74608.986462
-502.38202,499,74635.04798
-402.25396,499,74663.46443
-525.283399,499,74690.696862
-546.493585,499,74717.741299
-620.716362,499,74743.747987
-565.043814,499,74771.395068
-495.198128,499,74798.399038
-451.461249,499,74825.095489
-541.560772,499,74851.61766
-516.610788,499,74879.379129
-580.115779,499,74908.947678
-487.92504,499,74937.057548
-583.481509,499,74964.048298
-658.62273,499,74990.846782
-544.426758,499,75019.426815
-478.274892,499,75045.642306
-529.832296,499,75074.057359
-579.138175,499,75101.814593
-484.401557,499,75129.127618
-580.69136,499,75156.021834
-492.732185,499,75183.415153
-477.922303,499,75214.396808
-431.843804,499,75243.015042
-529.803549,499,75269.13571
-591.572938,499,75296.683701
-645.244909,499,75323.182779
-522.344177,499,75351.038437
-559.280105,499,75377.388855
-448.982574,499,75403.636293
-578.816757,499,75430.95394
-533.650479,499,75459.13071
-511.521863,499,75486.707622
-528.224471,499,75516.590335
-591.141775,499,75543.713477
-622.038771,499,75570.598384
-529.762206,499,75598.091004
-502.386522,499,75627.17016
-499.467547,499,75654.115813
-599.190617,499,75681.471722
-530.497324,499,75710.245403
-538.263568,499,75737.575776
-573.190892,499,75766.167971
-430.949834,499,75793.597851
-534.296263,499,75820.180492
-533.826393,499,75847.11493
-633.662273,499,75874.578362
-561.754491,499,75903.632804
-486.178298,499,75929.763282
-477.429325,499,75958.185101
-525.725178,499,75985.568604
-534.612673,499,76013.197058
-609.119598,499,76042.209761
-511.090109,499,76069.932278
-496.079754,499,76096.290461
-659.172177,499,76123.128982
-568.300924,499,76150.55961
-498.001529,499,76177.768683
-521.053287,499,76204.256573
-564.093658,499,76230.524823
-485.877553,499,76257.37356
-551.917402,499,76283.899896
-512.441362,499,76312.223662
-457.535098,499,76339.987279
-386.763981,499,76368.18552
-546.052778,499,76394.753862
-592.571538,499,76421.613168
-624.466519,499,76449.611233
-508.963206,499,76477.310657
-515.085961,499,76505.658746
-466.52014,499,76533.046791
-525.41579,499,76559.739856
-557.145518,499,76590.757346
-517.751656,499,76618.493839
-528.245615,499,76646.988425
-560.499717,499,76672.332304
-595.865829,499,76697.330773
-518.437117,499,76724.797908
-507.85298,499,76750.758457
-516.11401,499,76777.727405
-590.126418,499,76803.292507
-515.29807,499,76830.464688
-521.823475,499,76857.420253
-542.232269,499,76885.396921
-390.258369,499,76911.203187
-520.499251,499,76937.740717
-513.865979,499,76962.653271
-619.984551,499,76988.625669
-593.104355,499,77017.238587
-483.252878,499,77042.52191
-479.022125,499,77067.540231
-485.806069,499,77092.271072
-556.619372,499,77117.944153
-569.794326,499,77142.992043
-482.541743,499,77167.819721
-512.600632,499,77192.540091
-640.634048,499,77217.587305
-562.701502,499,77244.003728
-463.619314,499,77269.587542
-546.660734,499,77294.544253
-567.082671,499,77320.767084
-473.136969,499,77345.47411
-560.030553,499,77371.995327
-568.863135,499,77396.719235
-469.285465,499,77423.056972
-424.354865,499,77449.753496
-520.574956,499,77474.497405
-541.826068,499,77500.125457
-641.758875,499,77524.836023
-567.348335,499,77549.4777
-491.618388,499,77574.619753
-484.094005,499,77600.357335
-544.76105,499,77626.183497
-529.630278,499,77651.48328
-535.713925,499,77677.884488
-494.118219,499,77703.727701
-572.43915,499,77728.72309
-623.956687,499,77755.502584
-546.140768,499,77780.580101
-492.664981,499,77805.446961
-504.73209,499,77830.9074
-570.409656,499,77856.963819
-537.831698,499,77885.922822
-508.523143,499,77916.130851
-543.509747,499,77949.971575
-414.816974,499,77977.434473
-502.4464,499,78004.800584
-504.759434,499,78034.278751
-640.511529,499,78069.929546
-562.490818,499,78097.492021
-528.799804,499,78125.039506
-498.855874,499,78152.405024
-449.632408,499,78187.588608
-533.381921,499,78215.070545
-587.853224,499,78242.346845
-464.286342,499,78269.725065
-508.509097,499,78297.039923
-626.610456,499,78341.826766
-535.895743,499,78370.391055
-488.946017,499,78409.778133
-529.220711,499,78437.085112
-552.802234,499,78464.470664
-465.425565,499,78507.170556
-556.232301,499,78546.847246
-541.659519,499,78579.268331
-456.018041,499,78607.005545
-440.429389,499,78634.439049
-517.228808,499,78663.985247
-541.569225,499,78688.766304
-601.294671,499,78724.855647
-530.636675,499,78750.879348
-516.448112,499,78776.036397
-500.295367,499,78802.994472
-515.749662,499,78830.189947
-566.259893,499,78855.039259
-531.571422,499,78880.591048
-531.9195,499,78905.471378
-555.326436,499,78933.360386
-674.066192,499,78960.638813
-497.103479,499,78988.628353
-494.249479,499,79014.68947
-522.976103,499,79040.054004
-577.833822,499,79067.46309
-529.602788,499,79094.578924
-555.202676,499,79120.308701
-525.028364,499,79147.211686
-458.132494,499,79173.87515
-488.589595,499,79201.572129
-527.773829,499,79226.647484
-642.49561,499,79251.856818
-569.957379,499,79279.435171
-514.444231,499,79307.996428
-531.472874,499,79337.930646
-458.85327,499,79365.845545
-569.099563,499,79392.723648
-584.91614,499,79420.876497
-489.715268,499,79447.209441
-565.068023,499,79476.209934
-580.370408,499,79503.98997
-603.581414,499,79529.351755
-498.859809,499,79555.255983
-540.264034,499,79582.143136
-544.739338,499,79609.220653
-478.945979,499,79636.243906
-549.967231,499,79662.78374
-558.91174,499,79688.068417
-477.148279,499,79713.421347
-456.494709,499,79741.234604
-506.109802,499,79767.463247
-550.791698,499,79795.148506
-616.418046,499,79822.090783
-566.022231,499,79848.420795
-491.024841,499,79874.704699
-465.430863,499,79899.41023
-477.99037,499,79926.590682
-576.362737,499,79952.107588
-544.206236,499,79980.141912
-467.918068,499,80007.616931
-548.524414,499,80033.775502
-671.995876,499,80061.279526
-522.545397,499,80087.195467
-486.870452,499,80111.730658
-503.845979,499,80138.602534
-565.658776,499,80163.755342
-514.80551,499,80189.124548
-546.113578,499,80215.614828
-467.487997,499,80241.035645
-479.426413,499,80270.81869
-469.732143,499,80295.804602
-527.424667,499,80323.387384
-616.228374,499,80348.499524
-590.309111,499,80375.872897
-483.432098,499,80402.899246
-531.201356,499,80428.915318
-480.524638,499,80454.568246
-544.341239,499,80480.753028
-580.79472,499,80506.034813
-520.150919,499,80532.112817
-580.31794,499,80558.460696
-568.238615,499,80584.645352
-578.669605,499,80611.174601
-505.991092,499,80637.768584
-504.75647,499,80666.944214
-562.21668,499,80693.828738
-489.434954,499,80720.366942
-546.922454,499,80746.004501
-559.43826,499,80771.462775
-490.330509,499,80797.204864
-422.654659,499,80824.003898
-543.701087,499,80850.201311
-526.636085,499,80876.807161
-604.080766,499,80902.759954
-582.413968,499,80929.052691
-481.899422,499,80953.531788
-447.447775,499,80979.147352
-520.489165,499,81004.854326
-559.119962,499,81030.936082
-567.935867,499,81056.634872
-473.636954,499,81082.838904
-533.638077,499,81108.547795
-648.81587,499,81134.325843
-530.041932,499,81161.198595
-481.00233,499,81186.956968
-512.993265,499,81214.188942
-592.532074,499,81240.482274
-476.1373,499,81265.088737
-585.578146,499,81291.557597
-479.718593,499,81320.166996
-498.29448,499,81344.726072
-488.2938,499,81369.35177
-571.774504,499,81394.989782
-601.778429,499,81419.905153
-614.797035,499,81445.635461
-499.975805,499,81471.196193
-522.729962,499,81496.01654
-436.607449,499,81522.247573
-579.613262,499,81548.658216
-587.319907,499,81576.91584
-490.04104,499,81602.311054
-556.615067,499,81630.693019
-557.448527,499,81657.420033
-603.644539,499,81682.251856
-534.99065,499,81710.045459
-487.221289,499,81734.760225
-502.000782,499,81761.202449
-586.001463,499,81785.70136
-524.04126,499,81810.911543
-570.098182,499,81838.635171
-508.476075,499,81867.461313
-399.337251,499,81894.839064
-539.970039,499,81922.40614
-528.830845,499,81950.74075
-630.880361,499,81980.415395
-603.866392,499,82007.136293
-511.003852,499,82034.154143
-462.811681,499,82060.273514
-537.688522,499,82087.295052
-538.032396,499,82113.313799
