#{"t_start": 1685890944.1406076, "env_id": "quantumEnvMeasureFilter-v0"}
r,l,t
-641.704856,499,42.515488
-544.004226,499,85.482965
-551.816181,499,128.914036
-574.571921,499,172.15319
-638.120925,499,219.843611
-478.424303,499,261.417855
-556.155838,499,304.211881
-541.011764,499,353.818985
-493.852151,499,398.136474
-556.793188,499,445.7461
-538.468306,499,494.204824
-550.406247,499,539.716013
-625.381204,499,583.443829
-527.031638,499,628.83823
-583.265685,499,672.61179
-625.638039,499,713.959038
-505.060214,499,759.629455
-512.702279,499,801.287452
-530.024525,499,848.069488
-561.528833,499,892.014452
-586.567653,499,931.101525
-549.540802,499,979.324957
-647.862853,499,1023.117157
-472.339511,499,1068.46665
-574.971054,499,1108.186694
-609.941585,499,1153.638563
-635.309604,499,1193.366441
-614.971219,499,1225.435114
-567.095546,499,1258.943707
-590.241619,499,1304.332555
-536.634407,499,1351.003949
-495.214428,499,1393.953745
-616.121292,499,1443.098453
-643.376214,499,1487.484547
-561.154829,499,1527.949418
-490.639559,499,1577.165766
-567.512516,499,1633.701277
-542.626957,499,1677.047118
-609.813731,499,1718.596841
-554.707951,499,1751.849029
-540.877788,499,1789.448027
-618.892433,499,1831.193188
-457.368217,499,1874.189096
-509.908228,499,1907.262138
-577.092579,499,1940.460422
-577.377508,499,1977.269984
-567.903596,499,2012.283113
-548.393713,499,2057.114131
-664.06824,499,2099.964646
-593.692419,499,2134.091405
-538.567889,499,2171.923965
-529.413017,499,2206.41144
-579.519897,499,2240.078011
-530.046468,499,2274.459502
-548.503726,499,2311.17592
-529.258776,499,2351.413326
-595.640243,499,2385.488023
-649.283511,499,2419.55617
-531.24903,499,2453.205382
-477.892247,499,2486.919231
-563.942446,499,2523.89541
-527.394913,499,2559.359967
-553.969994,499,2594.404627
-517.805252,499,2630.684266
-552.491611,499,2668.022981
-604.321955,499,2711.919762
-463.77152,499,2745.954721
-499.879421,499,2779.500886
-553.355028,499,2815.536743
-620.443097,499,2859.536373
-565.956041,499,2901.486866
-571.299387,499,2957.086256
-656.733052,499,2992.595668
-531.091861,499,3028.018931
-524.611816,499,3064.566936
-594.669378,499,3111.518277
-604.347583,499,3155.203362
-551.422736,499,3194.58099
-564.384088,499,3228.647184
-599.567308,499,3263.668477
-590.174244,499,3309.649048
-635.772989,499,3343.453208
-524.157258,499,3378.9339
-516.056348,499,3412.981831
-557.728134,499,3447.144361
-599.376544,499,3484.189683
-594.01719,499,3518.619091
-501.190972,499,3552.816837
-535.382705,499,3586.82515
-583.098523,499,3621.902646
-466.734384,499,3663.421669
-502.491817,499,3697.530811
-616.811137,499,3734.027324
-565.378278,499,3770.883215
-547.078191,499,3805.521449
-639.365,499,3848.910134
-644.728469,499,3892.139965
-503.279879,499,3932.231139
-556.632027,499,3981.272069
-580.981425,499,4015.660062
-545.425821,499,4053.728058
-531.931099,499,4089.408178
-606.765644,499,4124.313706
-596.61554,499,4158.309789
-585.607121,499,4192.806971
-636.631942,499,4229.543878
-464.912611,499,4265.260285
-503.555835,499,4299.982359
-501.011809,499,4337.237257
-535.760349,499,4371.91467
-488.759782,499,4408.853245
-516.298791,499,4445.290516
-584.598359,499,4486.527003
-561.414667,499,4532.423366
-514.942307,499,4587.570123
-529.448228,499,4629.381691
-584.570356,499,4663.298248
-518.604336,499,4705.089471
-539.482934,499,4746.217794
-592.752674,499,4786.949469
-663.941025,499,4823.71015
-501.88523,499,4858.843825
-492.734784,499,4898.703908
-614.565799,499,4942.593559
-574.257608,499,4976.832729
-520.564128,499,5027.176377
-571.25791,499,5071.549367
-653.162454,499,5112.840544
-577.733911,499,5147.051949
-641.428147,499,5188.213885
-463.74291,499,5224.111436
-530.038204,499,5259.558818
-529.110763,499,5294.963149
-591.127432,499,5329.094986
-523.148782,499,5363.233425
-515.184145,499,5399.574792
-581.368638,499,5433.596636
-484.28263,499,5468.170659
-524.351279,499,5502.417866
-503.273172,499,5535.853506
-617.116535,499,5572.390933
-569.386049,499,5609.551607
-554.108929,499,5651.326857
-659.214121,499,5688.808205
-597.463729,499,5735.801813
-508.657817,499,5779.706969
-491.656833,499,5815.446375
-597.959933,499,5852.856971
-573.450136,499,5886.688511
-534.932367,499,5921.129788
-595.276396,499,5958.901387
-577.279552,499,5995.750056
-593.913068,499,6029.369452
-628.176149,499,6063.083514
-485.939876,499,6096.86851
-557.013282,499,6133.568177
-533.094106,499,6167.810962
-628.090909,499,6202.498048
-541.807687,499,6237.302989
-514.609565,499,6273.753802
-637.531069,499,6312.324062
-459.029986,499,6347.162417
-512.172777,499,6386.450219
-525.31673,499,6423.126993
-619.041789,499,6457.692291
-555.353881,499,6493.927965
-576.819941,499,6532.588337
-730.811612,499,6577.034472
-580.928509,499,6613.869545
-535.595907,499,6649.742728
-442.216978,499,6691.978812
-600.391913,499,6732.051753
-546.008456,499,6767.703611
-532.379685,499,6815.571466
-549.799538,499,6852.551103
-591.373374,499,6895.246517
-613.036459,499,6939.923167
-581.555914,499,6974.957969
-447.030603,499,7011.488742
-598.819469,499,7048.004884
-517.505705,499,7086.732142
-634.488594,499,7122.222356
-511.923108,499,7166.235863
-529.048174,499,7203.852396
-588.975081,499,7242.448214
-462.680666,499,7280.132926
-512.54182,499,7337.093842
-567.433576,499,7374.509883
-573.171118,499,7407.952289
-582.946158,499,7441.542707
-494.055472,499,7477.619348
-718.524912,499,7513.533218
-543.6133,499,7550.059028
-524.733847,499,7598.36142
-497.664586,499,7651.867499
-586.511501,499,7696.963549
-525.274234,499,7730.869889
-505.270672,499,7764.346491
-510.726488,499,7799.393161
-608.135432,499,7832.028088
-650.936352,499,7866.092007
-561.835896,499,7913.897065
-494.129762,499,7955.389189
-563.040261,499,7997.35106
-530.684001,499,8047.40869
-580.628258,499,8083.931008
-543.91082,499,8117.91019
-517.937476,499,8152.195861
-618.850608,499,8187.169137
-489.17125,499,8223.68807
-546.287489,499,8273.886292
-561.950439,499,8312.465315
-585.098018,499,8349.327024
-578.117979,499,8392.899127
-566.450981,499,8435.712601
-648.064755,499,8472.291493
-533.818118,499,8506.741971
-529.999882,499,8541.488878
-539.398791,499,8576.151828
-542.336486,499,8610.811589
-536.485427,499,8650.33897
-582.752725,499,8690.467481
-520.804041,499,8744.890331
-575.152087,499,8788.872769
-643.312908,499,8827.360224
-566.117816,499,8867.302103
-484.513903,499,8906.875184
-563.586054,499,8944.324918
-528.04995,499,8981.442142
-579.992118,499,9025.859676
-556.371821,499,9072.193515
-528.204254,499,9108.971672
-627.751536,499,9147.354672
-447.533552,499,9191.291906
-526.27542,499,9225.752694
-544.346942,499,9261.969516
-594.754747,499,9301.645884
-558.963587,499,9359.983279
-587.149122,499,9393.540724
-634.657264,499,9428.187387
-546.588132,499,9466.805287
-520.452912,499,9506.074864
-558.801589,499,9542.088599
-568.636574,499,9578.605054
-564.631457,499,9620.046539
-544.953499,499,9665.940685
-598.400385,499,9702.239998
-562.674015,499,9736.600041
-659.113404,499,9770.773795
-533.347941,499,9805.386181
-454.785807,499,9843.937727
-504.430686,499,9881.316726
-536.267104,499,9917.897134
-604.413427,499,9955.458445
-497.854004,499,9999.791608
-516.754444,499,10044.414025
-638.603517,499,10079.056397
-468.411659,499,10113.169192
-494.465578,499,10150.299365
-596.969401,499,10189.596345
-515.376016,499,10234.546105
-556.927687,499,10290.499297
-618.296358,499,10330.786034
-628.48564,499,10365.100337
-484.245715,499,10401.308717
-538.858684,499,10440.213218
-559.0432,499,10484.992553
-588.978408,499,10522.321539
-517.853558,499,10556.626333
-634.920038,499,10591.178903
-580.468183,499,10628.308125
-570.181855,499,10665.217324
-629.992545,499,10706.005456
-482.655469,499,10745.918315
-505.77016,499,10780.762026
-512.412949,499,10819.605146
-530.720818,499,10859.867795
-490.241567,499,10900.670044
-531.676031,499,10940.319093
-582.586714,499,10980.5355
-593.376054,499,11016.378177
-471.355718,499,11050.448195
-538.433953,499,11084.631066
-596.733492,499,11117.838288
-486.153054,499,11151.798637
-573.184963,499,11187.886064
-599.191206,499,11221.343132
-682.648795,499,11255.30538
-507.362832,499,11289.299538
-527.065175,499,11322.974406
-598.632568,499,11358.968411
-543.910258,499,11393.284104
-492.431422,499,11427.192772
-582.305398,499,11461.125384
-616.978644,499,11494.163491
-610.106764,499,11531.001939
-630.128022,499,11571.958008
-482.450017,499,11610.995846
-525.31498,499,11644.875759
-506.097402,499,11678.951575
-601.245009,499,11719.885605
-482.250878,499,11760.897254
-510.280346,499,11796.026962
-602.732115,499,11834.787813
-499.183688,499,11869.055988
-504.234171,499,11905.736407
-500.22957,499,11939.260241
-638.935344,499,11979.163473
-567.177294,499,12017.699743
-516.559811,499,12052.086471
-646.092473,499,12090.080008
-608.089479,499,12124.276924
-519.926145,499,12158.344366
-521.161608,499,12192.11308
-561.220074,499,12230.81573
-556.376519,499,12271.058424
-488.376073,499,12305.218342
-585.629992,499,12338.794935
-581.727691,499,12372.378363
-575.844829,499,12406.518879
-614.632242,499,12443.114633
-500.93629,499,12478.721476
-556.433606,499,12515.574587
-504.204226,499,12551.081738
-628.523323,499,12590.312157
-498.941846,499,12628.942454
-515.252696,499,12664.588437
-627.414098,499,12706.435529
-477.973898,499,12740.704091
-518.320894,499,12774.961327
-565.21679,499,12810.894213
-608.858303,499,12845.353574
-554.705042,499,12879.532152
-548.218976,499,12913.495163
-676.860806,499,12947.397845
-588.417805,499,12983.682446
-504.431678,499,13021.750571
-449.372008,499,13059.797274
-553.424223,499,13093.3892
-523.216948,499,13127.757046
-513.515075,499,13164.13733
-540.363464,499,13198.304813
-621.150234,499,13236.707286
-612.77558,499,13278.387593
-557.220584,499,13312.227173
-454.973924,499,13348.46907
-621.985918,499,13382.628214
-491.951711,499,13418.970339
-603.539747,499,13455.458105
-482.07204,499,13489.547955
-492.403409,499,13528.979559
-585.619175,499,13570.21044
-490.03324,499,13604.360671
-532.440986,499,13638.393269
-535.738707,499,13672.668439
-558.069336,499,13709.575027
-625.144661,499,13752.880369
-468.050117,499,13797.199436
-713.211913,499,13832.571498
-527.492273,499,13869.953567
-488.436061,499,13916.574993
-457.052917,499,13950.71739
-611.816508,499,13985.634319
-486.327185,499,14020.961133
-538.870746,499,14056.692045
-507.9458,499,14096.499787
-569.283848,499,14135.760691
-660.530736,499,14170.169724
-550.464419,499,14204.621057
-480.666343,499,14249.368944
-557.00894,499,14295.70282
-505.727809,499,14331.114659
-582.192515,499,14365.669532
-518.930014,499,14417.446678
-483.02137,499,14462.693499
-597.224144,499,14509.894597
-451.877999,499,14554.387046
-533.050534,499,14590.858058
-506.579623,499,14629.650765
-560.310195,499,14664.634838
-601.023192,499,14701.172342
-566.342694,499,14737.614724
-673.891031,499,14782.847646
-568.589619,499,14820.406482
-506.020286,499,14856.303236
-482.384185,499,14893.047438
-567.61943,499,14927.236526
-549.687154,499,14960.801392
-545.24589,499,14996.767367
-498.427405,499,15032.028568
-552.187615,499,15070.735513
-657.760704,499,15115.554746
-573.824587,499,15155.876499
-459.766323,499,15189.790976
-561.298918,499,15224.690199
-498.918539,499,15275.659864
-569.485054,499,15328.894428
-507.663516,499,15408.281249
-556.86635,499,15478.789847
-613.825745,499,15537.79674
-448.636439,499,15585.147554
-514.663249,499,15620.88363
-543.542951,499,15654.80803
-541.707432,499,15695.784544
-565.026584,499,15739.633903
-556.073285,499,15783.941898
-653.144552,499,15838.141008
-564.726828,499,15880.013587
-522.983795,499,15924.087415
-585.972649,499,15966.73588
-570.259387,499,16006.317366
-558.29708,499,16040.358883
-529.958109,499,16075.131978
-573.619532,499,16112.247142
-623.508173,499,16148.743299
-640.200798,499,16192.367722
-546.146624,499,16228.883602
-454.853698,499,16264.068562
-539.393023,499,16305.811491
-517.668109,499,16346.438106
-578.632276,499,16388.472867
-499.835931,499,16424.668155
-481.981673,499,16458.489031
-636.661568,499,16492.059474
-467.059562,499,16528.084895
-503.950919,499,16570.555572
-592.824751,499,16611.537147
-508.666891,499,16645.829901
-570.449301,499,16680.191949
-606.634332,499,16718.174245
-627.902535,499,16759.569375
-562.359323,499,16799.23906
-545.903256,499,16843.207459
-555.294492,499,16888.183897
-577.175414,499,16923.216563
-551.995365,499,16960.10919
-575.620861,499,16993.988602
-603.682379,499,17028.944231
-544.136864,499,17065.223543
-626.608399,499,17101.506745
-469.738736,499,17139.099236
-487.141419,499,17181.986156
-505.812928,499,17220.65376
-534.057331,499,17265.26699
-497.046658,499,17307.990465
-524.524,499,17346.420717
-595.825154,499,17389.394815
-597.837381,499,17428.170783
-465.868182,499,17462.263595
-519.495283,499,17496.503353
-608.981251,499,17535.287598
-468.079927,499,17570.028992
-577.292885,499,17603.967788
-598.917983,499,17638.538255
-673.737246,499,17684.087892
-498.923625,499,17732.425321
-513.800167,499,17775.422773
-596.061813,499,17812.038723
-564.913474,499,17846.078747
-484.412389,499,17881.05077
-598.744832,499,17919.778495
-624.148246,499,17954.74224
-534.283733,499,17996.763846
-609.794241,499,18041.392892
-498.613008,499,18096.789532
-494.522821,499,18140.51842
-504.419529,499,18177.518483
-554.769682,499,18211.938241
-489.527326,499,18246.016256
-479.392973,499,18280.37528
-553.537228,499,18317.48149
-551.216013,499,18356.27211
-514.940326,499,18391.556779
-500.039195,499,18427.02615
-605.258949,499,18462.2791
-585.776756,499,18507.283281
-529.252131,499,18541.739004
-641.592413,499,18576.516411
-607.488331,499,18610.487258
-507.770327,499,18644.426785
-514.287605,499,18680.354052
-570.416312,499,18714.886534
-564.345382,499,18749.344613
-516.353265,499,18783.478637
-576.780069,499,18817.776326
-576.958732,499,18855.864079
-552.218605,499,18891.68229
-650.228888,499,18927.369772
-522.867189,499,18962.731889
-584.243227,499,18998.720315
-498.322898,499,19038.027339
-589.250904,499,19073.164676
-475.224491,499,19108.534559
-489.985324,499,19143.888261
-603.31025,499,19186.077352
-478.558352,499,19235.536339
-531.479291,499,19281.354847
-520.387493,499,19316.865623
-617.18379,499,19351.346478
-538.773823,499,19385.239994
-545.990934,499,19421.559218
-657.368327,499,19483.735145
-576.954896,499,19559.986953
-510.278217,499,19603.267291
-414.506486,499,19658.609287
-534.939869,499,19708.705182
-565.035289,499,19762.937366
-523.118724,499,19805.850953
-579.53985,499,19839.834259
-588.904537,499,19875.55395
-605.537383,499,19919.43057
-559.237674,499,19966.384635
-536.414097,499,20011.165345
-630.854531,499,20055.700219
-506.102654,499,20100.434827
-582.766998,499,20145.014578
-472.743827,499,20194.083969
-474.871158,499,20235.04134
-569.036611,499,20269.447248
-459.391747,499,20303.074535
-510.017526,499,20337.333452
-515.194358,499,20380.810799
-578.711348,499,20414.732548
-633.675012,499,20449.988269
-447.036246,499,20489.69891
-709.2744,499,20534.819041
-534.367838,499,20572.571547
-483.662015,499,20607.842382
-460.619731,499,20657.674244
-569.825678,499,20712.754198
-515.475186,499,20757.027975
-564.372223,499,20804.853671
-499.712683,499,20843.413574
-597.376701,499,20877.747229
-633.65962,499,20913.081773
-545.842563,499,20961.049734
-493.301682,499,21002.857472
-591.122689,499,21036.550982
-531.103827,499,21070.099243
-582.376404,499,21104.276918
-494.025947,499,21137.888649
-476.395981,499,21198.766016
-599.802694,499,21232.77399
-460.645419,499,21267.900748
-523.323513,499,21316.887511
-503.983413,499,21354.436864
-549.696503,499,21396.162189
-616.285602,499,21437.565086
-530.260781,499,21471.076586
-670.036955,499,21504.593374
-549.656522,499,21540.681934
-536.624873,499,21582.148056
-444.104706,499,21626.087822
-519.089128,499,21660.101965
-509.189562,499,21688.435382
-539.98053,499,21717.8284
-547.106529,499,21765.035751
-570.248458,499,21803.88371
-640.574324,499,21837.705112
-542.562695,499,21872.574111
-480.664218,499,21908.752813
-597.556642,499,21948.383341
-520.96625,499,21984.806577
-567.107991,499,22019.716662
-520.948197,499,22057.556764
-492.894103,499,22101.811665
-629.1607,499,22140.395632
-433.135608,499,22176.204274
-502.136645,499,22220.030874
-548.091587,499,22257.560743
-534.834371,499,22291.458402
-589.062142,499,22335.877548
-552.593018,499,22375.03586
-630.890324,499,22409.026675
-548.713459,499,22442.613428
-503.763514,499,22476.603086
-521.622317,499,22513.052207
-544.934647,499,22546.690494
-548.27863,499,22580.28823
-496.673309,499,22614.309196
-556.716092,499,22653.024066
-566.930051,499,22694.538445
-666.254771,499,22730.541642
-571.804688,499,22766.082556
-444.291904,499,22802.456992
-540.799643,499,22836.743433
-506.306952,499,22874.083683
-620.216644,499,22907.902317
-474.452811,499,22942.393033
-493.152569,499,22978.074077
-626.635505,499,23014.3255
-442.305516,499,23053.150822
-530.87629,499,23088.606133
-585.979598,499,23125.126796
-498.144216,499,23160.569167
-576.560198,499,23195.474174
-613.023136,499,23233.813263
-611.648855,499,23273.102696
-588.592488,499,23310.735627
-544.361314,499,23344.149479
-552.585945,499,23380.189065
-553.14893,499,23418.526924
-563.356398,499,23454.495397
-565.981381,499,23490.937798
-614.036798,499,23530.530329
-538.349366,499,23568.322901
-615.060321,499,23607.906006
-475.963684,499,23651.282811
-489.996068,499,23694.948053
-504.07956,499,23731.318107
-531.967817,499,23765.843104
-519.550219,499,23802.351245
-536.307336,499,23836.786723
-575.863761,499,23873.259674
-539.588912,499,23919.556837
-469.779609,499,23970.74748
-503.391779,499,24017.68412
-613.525279,499,24071.177576
-500.215811,499,24151.002883
-578.109231,499,24209.220271
-602.0316,499,24248.724021
-686.097665,499,24286.879611
-509.332354,499,24325.783404
-488.979499,499,24362.250203
-586.267369,499,24396.3767
-538.428121,499,24429.747939
-527.857334,499,24470.119333
-583.644809,499,24505.258788
-627.318072,499,24541.554724
-554.897818,499,24577.395369
-601.251773,499,24613.60563
-527.999809,499,24659.795358
-501.608445,499,24698.383184
-495.386888,499,24742.842423
-577.553436,499,24779.998119
-475.330144,499,24814.966343
-489.096202,499,24854.012145
-606.645137,499,24890.596053
-532.556001,499,24935.178099
-507.192154,499,24972.141898
-504.537008,499,25007.546537
-595.209299,499,25046.449326
-596.491585,499,25086.752028
-522.442792,499,25132.320363
-635.010953,499,25188.499761
-648.398123,499,25258.566554
-526.208548,499,25301.831143
-515.111509,499,25336.048198
-608.627725,499,25374.999781
-549.310072,499,25409.756259
-502.743166,499,25444.327225
-635.427935,499,25485.666041
-574.503484,499,25519.704695
-560.927088,499,25551.198798
-615.902682,499,25586.091025
-523.310618,499,25619.700066
-538.30829,499,25656.108837
-496.996625,499,25690.237468
-618.212748,499,25725.24973
-460.141857,499,25761.590239
-488.682335,499,25806.055658
-603.730723,499,25854.223047
-486.923503,499,25889.185247
-526.963219,499,25923.49679
-511.552491,499,25957.408069
-606.920167,499,25990.894939
-510.908091,499,26027.615805
-542.596134,499,26061.893658
-623.985784,499,26097.790658
-604.941072,499,26133.831095
-531.301205,499,26168.422583
-456.602963,499,26205.866405
-556.81086,499,26241.075483
-541.068965,499,26276.545497
-489.459392,499,26311.986814
-559.314333,499,26346.401564
-609.576837,499,26385.479279
-592.450553,499,26421.237849
-564.299454,499,26457.129095
-491.481467,499,26493.944042
-621.477515,499,26529.680882
-496.513537,499,26568.155085
-584.472375,499,26603.90141
-486.739968,499,26639.64279
-486.435695,499,26678.255806
-558.339283,499,26723.033486
-459.940317,499,26768.6062
-532.629484,499,26804.299164
-568.976359,499,26838.887443
-575.180278,499,26874.818284
-607.427613,499,26929.695987
-506.410942,499,26973.794752
-703.888728,499,27023.351161
-547.311905,499,27067.950966
-474.908535,499,27112.797639
-445.854523,499,27148.781868
-571.474548,499,27186.623035
-475.526359,499,27222.035771
-553.787072,499,27258.089173
-514.897493,499,27293.361164
-583.117161,499,27332.366086
-626.47424,499,27371.83765
-555.350308,499,27408.30255
-495.136255,499,27461.936258
-595.992493,499,27517.102186
-492.361107,499,27557.567385
-574.846497,499,27593.789732
-499.093244,499,27630.475883
-465.459502,499,27669.053906
-575.865352,499,27713.768863
-476.992399,499,27758.418296
-537.763175,499,27806.209779
-521.875846,499,27848.775779
-534.003618,499,27888.906395
-637.090867,499,27938.22128
-531.741963,499,27972.632289
-648.439135,499,28009.311278
-547.814919,499,28043.72711
-534.901625,499,28078.560042
-436.053727,499,28112.855214
-549.904961,499,28147.733419
-547.767869,499,28184.858225
-539.036985,499,28215.078979
-518.523474,499,28253.277915
-553.138138,499,28296.76607
-667.299279,499,28330.876801
-575.513396,499,28373.123929
-457.144506,499,28413.750427
-586.096197,499,28456.903357
-479.098497,499,28500.486392
-594.040991,499,28533.051413
-524.500011,499,28575.795875
-513.459356,499,28610.730802
-669.347118,499,28654.228149
-431.022414,499,28691.74387
-545.955795,499,28726.182448
-540.715258,499,28762.005454
-564.547358,499,28795.916534
-579.299373,499,28829.523699
-544.143904,499,28863.239585
-622.248929,499,28896.882321
-557.956816,499,28933.242632
-517.783988,499,28970.850084
-490.137395,499,29010.512499
-528.436065,499,29049.485466
-533.878017,499,29101.008235
-515.333062,499,29144.571052
-578.211761,499,29177.934434
-554.608634,499,29212.839415
-668.323442,499,29253.171191
-572.388315,499,29294.317694
-474.346825,499,29330.823398
-510.079495,499,29365.726064
-514.050922,499,29401.681999
-591.55329,499,29441.309229
-507.068426,499,29475.850207
-504.490289,499,29511.181672
-637.714265,499,29551.270272
-456.551189,499,29587.253893
-535.371282,499,29627.019728
-593.617429,499,29667.68428
-510.80953,499,29706.263777
-588.280687,499,29741.302031
-589.853951,499,29775.101143
-643.666268,499,29809.568742
-539.586036,499,29849.727157
-562.762939,499,29893.423227
-530.43313,499,29937.71487
-552.245235,499,29981.998246
-561.803999,499,30031.472326
-558.763451,499,30077.233137
-589.047361,499,30118.975375
-552.955008,499,30152.885019
-595.882721,499,30186.90146
-513.421909,499,30223.001466
-490.285078,499,30256.614046
-528.967679,499,30295.769951
-532.959326,499,30340.446826
-514.77983,499,30375.10266
-528.844642,499,30408.948322
-548.447659,499,30442.522118
-590.633874,499,30478.398476
-456.06217,499,30512.368978
-525.735911,499,30545.837052
-621.127656,499,30579.975381
-518.851558,499,30614.235431
-581.072298,499,30649.940251
-588.25465,499,30679.49065
-678.194793,499,30707.61238
-534.162852,499,30746.004692
-510.077849,499,30779.789582
-564.831656,499,30818.723002
-544.985388,499,30854.200516
-527.42074,499,30890.424166
-593.620364,499,30926.194579
-615.980178,499,30962.290966
-551.012022,499,31000.502155
-599.146678,499,31034.414426
-517.793573,499,31079.978593
-498.536912,499,31124.753618
-508.466698,499,31169.015441
-547.44534,499,31206.987056
-487.4746,499,31240.564063
-489.353396,499,31273.864127
-582.219961,499,31307.778915
-519.339634,499,31341.249006
-542.288928,499,31377.16527
-499.884523,499,31410.620509
-648.252661,499,31446.417982
-562.726821,499,31488.63714
-505.715475,499,31527.368208
-650.409086,499,31568.673858
-634.384635,499,31631.084068
-491.095454,499,31674.041033
-502.39072,499,31708.048291
-563.558072,499,31741.837282
-576.844816,499,31777.779422
-484.684797,499,31822.040079
-575.564391,499,31884.798065
-592.271137,499,31919.315499
-554.420132,499,31955.506726
-639.661235,499,31994.621907
-522.326596,499,32030.102076
-542.375786,499,32067.995236
-533.193753,499,32102.006675
-618.747522,499,32135.88965
-514.360494,499,32179.774739
-466.114861,499,32225.789868
-599.766663,499,32266.502997
-459.071925,499,32296.005081
-526.297502,499,32330.452882
-508.879287,499,32362.771506
-623.487423,499,32391.183539
-513.098571,499,32423.478101
-549.114418,499,32459.069372
-625.550533,499,32492.789122
-593.881149,499,32530.723064
-523.186762,499,32565.420494
-479.145712,499,32600.918262
-563.358869,499,32647.542756
-570.019749,499,32710.4749
-506.705345,499,32755.558785
-579.830727,499,32789.924082
-608.337933,499,32827.749293
-588.799212,499,32872.923089
-614.622464,499,32916.29232
-489.339241,499,32958.396276
-592.005023,499,32992.598935
-496.315709,499,33026.930119
-585.82387,499,33061.12436
-480.029112,499,33097.862391
-511.732606,499,33134.914053
-542.074859,499,33168.88973
-456.921519,499,33202.777019
-518.889663,499,33237.3453
-562.21861,499,33271.451293
-572.412331,499,33308.031591
-605.50334,499,33343.71124
-474.590754,499,33378.774209
-729.642792,499,33414.468915
-526.113793,499,33449.298561
-484.71432,499,33488.599412
-500.862597,499,33524.287047
-572.878959,499,33561.369261
-491.13282,499,33597.604606
-532.176138,499,33637.396368
-506.161757,499,33675.860884
-580.058583,499,33709.962154
-622.647238,499,33744.298151
-553.209194,499,33778.314897
-490.906089,499,33812.987522
-576.82112,499,33849.915545
-517.441538,499,33884.552901
-587.634881,499,33919.782922
-506.451041,499,33955.305504
-456.502687,499,33991.129885
-574.654432,499,34037.927727
-454.69809,499,34076.716189
-527.431358,499,34110.745882
-537.232624,499,34146.284262
-548.8135,499,34181.939002
-605.834497,499,34220.431295
-525.896899,499,34255.517093
-674.699133,499,34291.146534
-540.456658,499,34325.963028
-520.99568,499,34360.744743
-472.855974,499,34402.314742
-584.414894,499,34436.232885
-537.753671,499,34469.984761
-543.827551,499,34505.822672
-522.757384,499,34546.776447
-567.656061,499,34583.444758
-672.066183,499,34617.590811
-544.573087,499,34650.713025
-468.838823,499,34685.979493
-576.87613,499,34733.621795
-518.036459,499,34779.402898
-585.932342,499,34818.165552
-555.02195,499,34854.213112
-538.582879,499,34889.013577
-621.193829,499,34926.529101
-452.224575,499,34972.853236
-516.720991,499,35006.430609
-541.155179,499,35040.310321
-557.678576,499,35074.290662
-569.810463,499,35108.129124
-561.455747,499,35144.836985
-654.114057,499,35178.814507
-549.746896,499,35213.107
-506.336891,499,35247.588991
-501.242759,499,35292.401751
-541.996959,499,35346.781804
-528.553726,499,35390.029713
-523.788662,499,35424.13911
-587.53532,499,35458.034339
-565.699454,499,35491.732053
-657.430694,499,35528.017678
-558.137151,499,35565.560293
-465.136909,499,35599.813579
-528.176604,499,35633.816856
-527.120334,499,35667.776141
-601.680488,499,35705.44655
-501.431977,499,35739.590416
-518.956868,499,35773.472078
-666.066855,499,35807.183539
-454.730109,499,35841.214209
-516.740545,499,35878.367615
-569.857114,499,35913.144398
-507.949929,499,35948.164789
-597.760975,499,35983.233717
-594.740365,499,36019.831244
-614.833141,499,36059.494056
-562.279068,499,36124.651105
-529.207095,499,36165.210397
-529.026947,499,36198.786553
-542.693132,499,36234.110881
-549.551041,499,36271.117554
-529.829734,499,36334.446432
-659.232508,499,36377.975716
-589.614613,499,36414.407838
-610.352001,499,36451.201268
-558.734684,499,36491.68177
-473.312343,499,36530.948621
-523.142246,499,36567.520247
-525.898288,499,36602.465689
-496.159137,499,36648.764458
-545.708574,499,36694.795121
-524.11087,499,36734.850863
-609.880424,499,36768.776155
-451.679122,499,36803.245827
-528.762366,499,36839.006045
-635.300763,499,36876.170266
-451.957513,499,36911.052867
-589.975677,499,36945.493569
-587.322982,499,36989.869396
-657.078228,499,37024.855268
-505.742492,499,37061.171977
-519.337068,499,37095.485598
-568.205072,499,37129.620504
-573.747389,499,37163.861985
-504.462272,499,37199.274652
-590.276965,499,37239.46594
-622.793425,499,37275.859013
-536.359525,499,37313.796978
-620.134598,499,37348.146631
-511.37679,499,37383.966867
-534.174018,499,37424.739112
-489.440892,499,37459.418232
-556.673217,499,37494.115105
-509.420909,499,37528.725754
-524.56146,499,37563.092574
-596.151596,499,37600.516023
-544.201999,499,37636.928199
-512.231543,499,37679.866766
-496.8716,499,37715.596025
-601.835978,499,37749.669055
-527.05843,499,37786.367283
-522.556909,499,37820.771592
-677.037418,499,37854.536546
-643.59063,499,37890.478985
-488.948644,499,37926.584378
-499.53322,499,37972.437982
-543.766161,499,38008.616469
-568.509762,499,38042.233221
-491.367019,499,38076.565479
-582.929765,499,38110.343175
-630.06277,499,38147.943265
-551.505939,499,38182.21066
-637.953207,499,38216.727381
-510.998979,499,38251.029099
-517.70574,499,38284.994067
-534.766568,499,38321.734819
-591.67136,499,38356.077922
-460.059164,499,38389.743095
-479.41332,499,38423.418561
-610.604954,499,38459.17342
-490.876988,499,38501.440466
-517.159227,499,38547.053173
-525.83172,499,38599.245091
-635.847606,499,38639.101856
-490.257263,499,38680.457772
-552.764733,499,38715.094501
-619.144888,499,38753.417801
-605.873389,499,38790.532047
-538.424567,499,38826.729677
-465.822688,499,38862.899604
-555.214567,499,38900.191124
-562.939632,499,38940.264582
-505.233406,499,38979.392458
-580.590098,499,39013.961713
-591.917427,499,39048.835442
-576.040047,499,39083.150078
-583.619826,499,39120.247993
-494.40663,499,39157.566991
-551.413317,499,39193.45275
-527.243374,499,39230.025955
-573.726253,499,39267.691909
-480.001633,499,39308.169688
-544.510245,499,39345.318626
-567.676395,499,39382.878048
-464.984706,499,39419.800851
-505.236238,499,39456.627378
-523.163013,499,39497.653778
-599.09013,499,39543.078548
-563.088696,499,39579.252565
-490.122988,499,39615.931849
-734.391782,499,39662.041484
-573.579381,499,39708.205446
-502.039208,499,39750.26051
-449.938687,499,39784.354551
-554.077419,499,39821.436836
-497.351482,499,39869.517624
-530.144599,499,39918.702541
-527.104043,499,39957.054983
-587.230845,499,40000.54354
-608.731731,499,40042.412985
-534.275057,499,40076.580056
-523.509807,499,40112.629193
-579.134567,499,40147.147984
-522.426704,499,40182.410415
-561.034151,499,40218.635886
-517.4627,499,40257.352611
-466.904958,499,40294.168587
-564.821945,499,40327.919803
-473.204551,499,40361.768864
-526.184815,499,40395.458919
-522.797201,499,40432.230951
-573.566508,499,40468.38553
-615.592508,499,40503.042343
-473.408706,499,40537.26455
-734.059529,499,40574.181846
-584.752309,499,40624.55602
-519.925837,499,40678.032368
-451.288766,499,40711.516638
-556.174269,499,40745.294007
-485.017103,499,40779.265776
-555.335507,499,40815.761671
-493.025527,499,40854.764547
-569.576274,499,40891.934559
-664.104966,499,40928.355618
-533.254565,499,40965.287521
-497.716323,499,41002.926565
-578.104586,499,41041.152456
-517.346649,499,41077.261183
-561.553626,499,41111.498526
-490.417439,499,41145.679661
-470.913707,499,41179.555446
-591.391368,499,41215.624315
-419.872721,499,41250.170713
-522.133302,499,41284.53237
-521.973385,499,41319.964608
-564.327884,499,41360.197819
-651.983343,499,41399.233573
-544.129176,499,41433.742048
-616.739413,499,41469.164526
-541.113254,499,41509.934113
-532.283664,499,41544.332415
-508.840255,499,41581.381969
-512.242836,499,41615.308095
-528.171288,499,41649.177048
-500.936318,499,41683.090173
-550.470456,499,41717.10195
-565.341894,499,41753.687961
-632.615593,499,41793.606934
-577.045431,499,41829.920464
-465.757809,499,41865.674048
-530.862986,499,41902.624938
-497.842048,499,41947.386366
-606.577364,499,41993.010292
-486.78307,499,42033.432293
-494.576367,499,42066.932525
-600.126926,499,42104.15458
-455.42269,499,42142.13991
-510.133994,499,42178.400007
-555.27826,499,42214.70429
-520.838393,499,42252.175888
-603.332062,499,42289.462061
-594.863693,499,42327.714152
-594.152574,499,42365.453446
-556.05288,499,42400.886074
-506.539901,499,42447.481033
-506.633799,499,42484.7063
-535.745656,499,42521.182925
-536.257104,499,42558.568902
-530.291115,499,42598.545764
-611.561122,499,42632.852597
-555.756959,499,42667.319682
-600.988152,499,42703.110736
-568.901001,499,42743.899167
-468.617742,499,42781.197804
-510.710783,499,42815.362749
-515.979762,499,42850.323534
-520.260688,499,42889.014596
-520.759661,499,42927.131127
-541.77387,499,42961.116396
-582.815725,499,42995.425939
-454.704584,499,43029.940969
-543.545609,499,43076.058929
-599.640105,499,43111.52688
-472.296162,499,43147.059281
-599.983212,499,43191.616753
-611.979518,499,43255.742719
-659.064402,499,43293.373065
-538.94739,499,43327.075747
-498.17063,499,43360.829441
-563.396988,499,43399.050894
-551.671454,499,43445.591086
-540.556846,499,43486.55824
-607.74324,499,43526.326783
-610.938522,499,43570.95692
-527.485444,499,43640.851441
-643.780066,499,43702.617784
-502.416872,499,43751.891431
-517.500544,499,43798.963758
-484.58454,499,43841.880364
-568.301876,499,43882.070631
-505.995184,499,43929.380215
-544.520768,499,43974.639547
-580.074178,499,44020.848425
-533.587419,499,44100.875372
-498.928002,499,44185.317831
-491.908482,499,44250.409438
-655.54335,499,44313.137575
-497.850923,499,44347.430406
-523.209444,499,44381.60329
-635.801801,499,44416.638859
-670.092741,499,44460.613644
-512.319303,499,44504.228205
-539.407754,499,44548.972918
-611.910415,499,44593.431107
-573.41628,499,44646.06165
-486.855968,499,44678.245567
-583.130164,499,44713.772087
-587.335524,499,44749.147467
-557.084046,499,44785.200566
-628.289054,499,44818.510654
-538.435645,499,44853.640813
-563.396077,499,44898.353943
-530.638259,499,44937.634933
-578.841395,499,44995.630794
-469.116095,499,45041.060465
-489.385514,499,45089.735961
-628.835052,499,45135.430019
-532.281526,499,45179.332577
-517.211411,499,45215.333391
-531.780925,499,45248.50717
-624.659417,499,45304.516423
-515.018758,499,45362.079824
-544.213131,499,45406.656243
-659.126288,499,45449.340557
-639.105413,499,45482.531077
-516.609005,499,45523.803683
-447.411765,499,45567.767065
-592.863497,499,45627.757497
-583.003394,499,45668.822267
-516.387108,499,45702.192462
-567.634695,499,45741.097324
-571.152362,499,45777.542473
-610.561854,499,45810.994916
-577.556575,499,45844.033879
-484.298836,499,45878.865918
-583.601488,499,45916.82991
-546.762675,499,45969.061271
-563.873466,499,46011.53822
-485.98387,499,46058.598729
-473.136007,499,46095.038311
-569.087579,499,46129.293515
-448.625116,499,46173.649513
-510.016584,499,46222.842054
-521.510032,499,46269.507429
-556.65292,499,46311.194916
-604.201989,499,46353.504129
-476.467544,499,46393.445183
-702.114736,499,46427.597399
-533.563698,499,46461.866573
-533.667379,499,46510.143602
-468.998433,499,46554.834258
-575.789709,499,46603.860538
-485.518622,499,46651.393006
-536.946642,499,46685.327232
-508.140805,499,46720.786816
-561.108777,499,46760.482269
-618.76478,499,46796.371986
-546.423905,499,46844.764088
-532.458704,499,46894.482392
-587.321309,499,46940.855322
-513.072534,499,46975.310492
-564.86344,499,47011.281247
-501.955674,499,47044.869117
-465.339484,499,47084.678322
-585.913491,499,47121.677321
-452.345595,499,47166.917963
-532.007543,499,47221.080442
-520.869817,499,47267.705762
-565.587646,499,47309.928603
-636.647729,499,47349.574055
-478.86862,499,47397.776179
-730.295381,499,47442.782726
-533.767133,499,47486.288606
-514.813088,499,47533.65437
-432.311794,499,47576.662564
-551.835771,499,47622.584825
-507.758126,499,47688.714042
-504.848327,499,47749.17406
-508.879882,499,47814.842509
-563.647071,499,47865.261421
-651.293023,499,47902.320341
-545.898571,499,47939.266501
-481.50261,499,47973.22406
-572.698461,499,48006.942767
-509.285173,499,48040.61516
-542.88408,499,48074.619092
-516.414892,499,48110.359253
-497.244554,499,48152.629096
-662.913685,499,48199.060917
-441.970265,499,48243.144756
-530.965319,499,48288.267915
-552.865482,499,48326.687409
-553.871226,499,48361.998049
-595.382261,499,48397.704369
-546.861902,499,48434.647026
-657.144399,499,48472.592238
-535.136424,499,48519.279339
-520.250718,499,48565.861955
-484.099056,499,48601.535446
-531.142609,499,48639.922465
-539.891954,499,48695.107731
-505.678628,499,48730.852897
-559.999954,499,48765.766582
-569.614615,499,48799.63733
-626.95127,499,48835.520894
-590.183939,499,48869.9275
-474.651923,499,48906.542964
-524.399692,499,48940.131449
-487.298302,499,48981.611123
-595.454854,499,49032.898895
-499.662446,499,49077.621761
-495.458325,499,49124.095179
-657.604751,499,49163.994382
-470.311109,499,49197.933706
-530.341284,499,49232.180275
-554.67641,499,49265.75547
-539.12933,499,49303.135424
-565.345861,499,49345.546035
-569.301864,499,49385.481269
-618.999448,499,49436.327085
-561.22079,499,49479.53998
-526.013936,499,49523.952234
-529.186053,499,49563.106703
-552.714972,499,49605.692
-551.968592,499,49640.531832
-563.911902,499,49681.008798
-620.984305,499,49720.401049
-564.419728,499,49764.382284
-598.004779,499,49802.481096
-567.459459,499,49835.926624
-458.140701,499,49870.085795
-506.654627,499,49908.669446
-555.501393,499,49946.06225
-521.949284,499,49990.447532
-509.841378,499,50029.703568
-548.17834,499,50064.071382
-606.510534,499,50100.169121
-458.801293,499,50133.821667
-529.995457,499,50167.746871
-627.915769,499,50201.754252
-492.843987,499,50235.561255
-588.416606,499,50275.262951
-639.334939,499,50310.159523
-667.372182,499,50344.581493
-526.562207,499,50389.356586
-528.713847,499,50433.521754
-596.657862,499,50470.395967
-551.011522,499,50506.113502
-517.174087,499,50542.130693
-594.84369,499,50577.487763
-596.192138,499,50613.290896
-540.424453,499,50655.983345
-621.526424,499,50710.054838
-534.215217,499,50755.321459
-525.645968,499,50801.882598
-497.439287,499,50836.925346
-581.321077,499,50876.476782
-520.581347,499,50915.579905
-489.938939,499,50949.935565
-602.905216,499,50984.258124
-537.735756,499,51018.641263
-491.1953,499,51063.614116
-512.890564,499,51106.143673
-636.145867,499,51140.960659
-538.888974,499,51177.228331
-520.77618,499,51215.512618
-613.46574,499,51252.831381
-714.917871,499,51286.917759
-509.544189,499,51325.315381
-505.77789,499,51369.43029
-610.922046,499,51403.572837
-584.078067,499,51442.897336
-480.458708,499,51479.156601
-584.242703,499,51514.734636
-613.942128,499,51552.038828
-557.187463,499,51589.749621
-609.374142,499,51626.218806
-502.857672,499,51660.174982
-563.54558,499,51694.287322
-531.27393,499,51728.714315
-587.690374,499,51763.095918
-453.949556,499,51800.647294
-473.346401,499,51835.857236
-604.102373,499,51870.805346
-503.292682,499,51907.602722
-492.914008,499,51943.898079
-491.11358,499,51985.911178
-640.243921,499,52027.303704
-566.933743,499,52062.046142
-581.986394,499,52098.314138
-625.534037,499,52135.113677
-611.460891,499,52175.532114
-510.293219,499,52212.854566
-429.629625,499,52247.234882
-564.218127,499,52282.81048
-539.496066,499,52368.973928
-506.131842,499,52456.262687
-559.547134,499,52505.819114
-576.116504,499,52550.635925
-574.063512,499,52594.175351
-585.088428,499,52628.574153
-528.730208,499,52668.313607
-585.590248,499,52704.802323
-570.344074,499,52747.68652
-568.845182,499,52785.812185
-516.991363,499,52822.789045
-513.008243,499,52861.01127
-588.324731,499,52894.713228
-449.202674,499,52929.214647
-546.952073,499,52964.138418
-532.432672,499,52999.390425
-568.646625,499,53038.575224
-566.645645,499,53091.560513
-519.017699,499,53141.604443
-730.182528,499,53175.997127
-544.334063,499,53209.539587
-512.835575,499,53245.812997
-436.013491,499,53279.695792
-586.310271,499,53314.218572
-542.956848,499,53350.015547
-546.390672,499,53386.654284
-559.402747,499,53430.787122
-584.94842,499,53465.149634
-647.306836,499,53507.705868
-577.239479,499,53547.971499
-489.688688,499,53582.031288
-644.276919,499,53618.083544
-514.875421,499,53652.2824
-612.20964,499,53686.508647
-511.326853,499,53727.393862
-487.189708,499,53762.336379
-570.538444,499,53800.068354
-477.714941,499,53834.198736
-505.472983,499,53868.140252
-509.947484,499,53902.985269
-592.13885,499,53937.146664
-635.231248,499,53975.941224
-512.944438,499,54011.491876
-778.347495,499,54047.376093
-551.459174,499,54088.536711
-534.237013,499,54127.270482
-445.960747,499,54164.992776
-564.512079,499,54201.191765
-525.059598,499,54237.005453
-540.437959,499,54273.884789
-517.101204,499,54308.79148
-613.252742,499,54350.122749
-682.315672,499,54395.347366
-561.559754,499,54438.711981
-499.143581,499,54481.881518
-560.529459,499,54519.761546
-534.074307,499,54563.936821
-595.317134,499,54595.9496
-526.736348,499,54633.097621
-551.942847,499,54673.872452
-613.81502,499,54716.770236
-445.237189,499,54753.168317
-518.072892,499,54787.477651
-551.49568,499,54853.706326
-586.743707,499,54925.802721
-589.36552,499,54992.51145
-583.03774,499,55039.57067
-681.20406,499,55079.831075
-507.662873,499,55113.62102
-532.756726,499,55147.561444
-539.032024,499,55182.86915
-547.222876,499,55221.935019
-540.3664,499,55258.03557
-516.855077,499,55295.033256
-540.593608,499,55331.594384
-543.602812,499,55367.286502
-645.728562,499,55408.959953
-541.013939,499,55454.413146
-487.826005,499,55492.0934
-534.729661,499,55527.081663
-533.742443,499,55562.884915
-609.796333,499,55609.216358
-492.697561,499,55652.880972
-512.7309,499,55687.885331
-618.70522,499,55721.82763
-442.55327,499,55756.745944
-522.781942,499,55793.698463
-562.150202,499,55821.949615
-539.577491,499,55850.217127
-568.597268,499,55878.528072
-580.58929,499,55906.787314
-639.767101,499,55949.743892
-555.469294,499,55989.44233
-542.531289,499,56033.034156
-564.040802,499,56078.272193
-596.076577,499,56123.313016
-558.028776,499,56167.793626
-544.638346,499,56201.9932
-609.101311,499,56235.477662
-574.709268,499,56269.265783
-588.512075,499,56314.395944
-525.372153,499,56360.775873
-484.129936,499,56409.235586
-485.338391,499,56449.540604
-564.372353,499,56484.017332
-504.356447,499,56518.700045
-519.574295,499,56555.330108
-513.825236,499,56589.360317
-582.781577,499,56623.161548
-452.705085,499,56658.92911
-505.999871,499,56700.945259
-618.829353,499,56742.436244
-516.156197,499,56781.544126
-566.869196,499,56815.341003
-618.534565,499,56849.511681
-688.005635,499,56883.703105
-500.692984,499,56920.194259
-527.696419,499,56954.978574
-629.360189,499,56988.724063
-559.147399,499,57022.984331
-503.498676,499,57053.646746
-568.316432,499,57085.649786
-600.345824,499,57114.156391
-581.641053,499,57142.625627
-635.475128,499,57171.134992
-476.62441,499,57199.661963
-536.813212,499,57230.633032
-495.882544,499,57274.52526
-560.919358,499,57323.962494
-487.938871,499,57370.830215
-520.182801,499,57413.571069
-586.240557,499,57458.870442
-531.180741,499,57502.540719
-469.033545,499,57535.886957
-531.632758,499,57568.884338
-613.233563,499,57600.896811
-575.647385,499,57646.021727
-525.965348,499,57691.354754
-608.711136,499,57736.639129
-660.38098,499,57804.713991
-480.318455,499,57848.325905
-511.378813,499,57889.10334
-610.973986,499,57932.554186
-556.06086,499,57972.845667
-491.116541,499,58015.3289
-567.716744,499,58059.241885
-608.526334,499,58104.004616
-546.737877,499,58149.557419
-619.066615,499,58194.209243
-494.262104,499,58227.843431
-537.455968,499,58264.036912
-543.237713,499,58303.170971
-619.237917,499,58342.698066
-453.234592,499,58377.64347
-505.443329,499,58419.132115
-597.095581,499,58460.187269
-483.371557,499,58506.186273
-539.492927,499,58550.904741
-507.184243,499,58587.197723
-628.467167,499,58627.730464
-553.279643,499,58662.053725
-534.240182,499,58698.994215
-624.376851,499,58745.088327
-651.749624,499,58789.549757
-521.353041,499,58834.825079
-431.761194,499,58869.705049
-567.548573,499,58904.436076
-526.782791,499,58940.783469
-508.244554,499,58974.931896
-557.066743,499,59009.80607
-588.828839,499,59045.840099
-593.852469,499,59081.813845
-591.704944,499,59121.120538
-495.788064,499,59158.987517
-577.607909,499,59209.616678
-561.902994,499,59249.702209
-570.552909,499,59292.22875
-505.269965,499,59332.747074
-498.469453,499,59367.187239
-595.226901,499,59402.392586
-435.114784,499,59439.527659
-526.528781,499,59487.379488
-510.096494,499,59536.892102
-593.935626,499,59575.373814
-552.743798,499,59610.530896
-522.367208,499,59647.606086
-707.600991,499,59684.656778
-553.897366,499,59724.518497
-497.589127,499,59767.418686
-455.570495,499,59813.333143
-567.057077,499,59855.199937
-499.615387,499,59889.790704
-512.428714,499,59926.617097
-513.924849,499,59960.502068
-582.246133,499,59995.406453
-608.116432,499,60030.32984
-569.749722,499,60067.481784
-478.372861,499,60142.2258
-627.177474,499,60194.29658
-497.070542,499,60228.913543
-582.886298,499,60264.042527
-481.830012,499,60306.249955
-480.17122,499,60381.678292
-561.573496,499,60426.082727
-472.849832,499,60468.292753
-513.84738,499,60501.726326
-518.396885,499,60537.859505
-574.975432,499,60578.188066
-628.72017,499,60614.370483
-462.591615,499,60652.42375
-712.627191,499,60689.877789
-551.212312,499,60726.962421
-514.548475,499,60767.793354
-465.167259,499,60804.228717
-552.57271,499,60850.565886
-517.36442,499,60884.096177
-533.736325,499,60918.871905
-508.156955,499,60958.472071
-582.179404,499,60995.720291
-676.075757,499,61040.155104
-553.272062,499,61078.569202
-478.509786,499,61112.701195
-570.658113,499,61149.809605
-540.18657,499,61184.229955
-617.841785,499,61218.344988
-540.826194,499,61252.434135
-498.130544,499,61287.768431
-606.025257,499,61327.822588
-429.659207,499,61364.74289
-500.035823,499,61401.839261
-515.847136,499,61436.768633
-575.192173,499,61473.469109
-593.32297,499,61513.394404
-548.16531,499,61549.812194
-633.173568,499,61589.590613
-548.424777,499,61626.605225
-537.74562,499,61664.139154
-475.534236,499,61712.881857
-575.218998,499,61757.709224
-514.879938,499,61798.002602
-521.717395,499,61832.056001
-543.091841,499,61867.316631
-580.659645,499,61911.586411
-652.274118,499,61947.301812
-591.236211,499,61981.292187
-463.897789,499,62019.020665
-561.2566,499,62057.218752
-494.05538,499,62098.230874
-598.640385,499,62132.292119
-494.063726,499,62167.907709
-485.539644,499,62203.614368
-625.033161,499,62241.63929
-433.095037,499,62298.240707
-517.089326,499,62333.049825
-539.795779,499,62368.022251
-512.133417,499,62403.58335
-580.763282,499,62440.668817
-566.728654,499,62479.885088
-619.329576,499,62516.796512
-558.141753,499,62555.739563
-528.455566,499,62606.003053
-520.556029,499,62643.428819
-543.373812,499,62686.048429
-576.937341,499,62730.690906
-518.676719,499,62775.286811
-604.70234,499,62815.285762
-604.83798,499,62850.022404
-602.031875,499,62886.5845
-575.491406,499,62921.165726
-424.852637,499,62955.196347
-541.06877,499,62990.110982
-549.197985,499,63026.417704
-517.786631,499,63073.34478
-536.905986,499,63114.171528
-494.387618,499,63159.185963
-655.060194,499,63197.548028
-450.282037,499,63231.924565
-506.730924,499,63268.210167
-580.365561,499,63302.090223
-520.804993,499,63340.687793
-580.677642,499,63380.468133
-615.191482,499,63420.758651
-657.475756,499,63460.80189
-505.558385,499,63498.326747
-511.837595,499,63548.027116
-561.430963,499,63599.806146
-549.913389,499,63642.553462
-502.777617,499,63688.839232
-580.553278,499,63729.329674
-578.6555,499,63763.285291
-557.100123,499,63797.242848
-646.692304,499,63831.476687
-519.899776,499,63868.437389
-522.396674,499,63902.583638
-485.859473,499,63936.650282
-589.974164,499,63971.013247
-479.701021,499,64005.599847
-575.07724,499,64048.095892
-586.760331,499,64085.351608
-567.192846,499,64121.33295
-491.497168,499,64165.015025
-572.44097,499,64209.955719
-579.506132,499,64255.861378
-504.439638,499,64289.942923
-554.312217,499,64325.017451
-637.272681,499,64359.915445
-653.383841,499,64395.173733
-510.125397,499,64442.45264
-536.85449,499,64480.988412
-599.765489,499,64521.509142
-562.013902,499,64569.775914
-478.495737,499,64605.49065
-574.313111,499,64645.344488
-610.184761,499,64688.473732
-523.306997,499,64723.164983
-628.213351,499,64757.734164
-511.065746,499,64803.410007
-512.237927,499,64840.256183
-520.306231,499,64874.139964
-558.643902,499,64908.392717
-448.393401,499,64942.345058
-522.89495,499,64976.003767
-583.738931,499,65012.018963
-544.214884,499,65053.738104
-507.468932,499,65091.562732
-517.535844,499,65131.620626
-640.778946,499,65172.969085
-515.057843,499,65211.089736
-554.147078,499,65257.907266
-668.021766,499,65329.112764
-640.723608,499,65378.241297
-514.96153,499,65424.055644
-523.590511,499,65472.938824
-557.135801,499,65521.416101
-560.046556,499,65574.290179
-503.366834,499,65616.919336
-584.732969,499,65661.872276
-561.308941,499,65709.627487
-562.353453,499,65750.672241
-578.798307,499,65788.131159
-502.341691,499,65832.06256
-569.750098,499,65874.768442
-553.681944,499,65919.28883
-542.691245,499,65962.026596
-492.875981,499,66001.503073
-485.731933,499,66035.739211
-583.709734,499,66070.020781
-495.872662,499,66107.708342
-503.805758,499,66143.536657
-522.516996,499,66179.06532
-599.74402,499,66215.607027
-590.830026,499,66251.450955
-558.470946,499,66290.662064
-697.482236,499,66326.588039
-574.83502,499,66364.655682
-494.3996,499,66401.35968
-457.518154,499,66440.541135
-540.842503,499,66483.696941
-518.239163,499,66533.323648
-496.471538,499,66580.64718
-564.879875,499,66617.703089
-576.624795,499,66657.609735
-603.690502,499,66696.435889
-552.580256,499,66732.170841
-515.753866,499,66769.045808
-602.320616,499,66805.318688
-492.556207,499,66842.368895
-580.840746,499,66883.62714
-498.303284,499,66917.500859
-466.545771,499,66954.404564
-563.555755,499,66989.792159
-482.369058,499,67027.680194
-508.760789,499,67071.605429
-547.379557,499,67109.129439
-589.876546,499,67165.560529
-661.346445,499,67212.143384
-460.779558,499,67270.067198
-709.406177,499,67307.265955
-575.652901,499,67340.912043
-494.706235,499,67376.279292
-442.957,499,67411.886821
-549.153817,499,67448.405189
-531.346089,499,67492.803538
-516.689937,499,67537.57632
-507.995959,499,67583.278471
-625.183547,499,67643.096326
-682.462292,499,67684.245213
-560.428453,499,67743.245407
-493.693141,499,67788.278675
-564.524336,499,67829.252319
-509.967724,499,67867.442079
-559.149254,499,67909.098069
-493.403996,499,67951.256908
-466.995063,499,67995.342626
-585.230802,499,68036.125831
-444.227196,499,68081.614724
-498.229813,499,68126.926614
-525.440979,499,68170.373684
-600.989536,499,68212.982054
-591.496245,499,68242.297467
-572.97296,499,68281.566997
-650.725986,499,68325.978928
-539.536167,499,68370.67396
-519.690685,499,68409.946363
-466.587363,499,68454.434982
-519.498282,499,68510.75137
-514.592884,499,68546.848861
-513.623677,499,68585.450991
-539.377765,499,68621.394352
-596.228371,499,68660.027549
-672.454021,499,68697.905582
-573.161658,499,68734.848001
-460.400852,499,68774.996388
-571.183407,499,68813.168985
-510.415704,499,68849.675116
-566.472219,499,68903.472237
-525.29138,499,69004.704157
-489.878761,499,69094.534206
-637.465169,499,69156.793798
-441.896942,499,69205.349364
-514.53188,499,69285.639426
-530.85813,499,69365.204665
-528.30958,499,69409.194901
-595.753887,499,69442.861966
-573.042606,499,69476.569927
-622.791194,499,69510.971969
-553.76423,499,69544.827798
-535.143242,499,69581.662933
-529.395384,499,69615.867141
-546.054326,499,69650.008311
-531.98115,499,69684.110401
-518.231874,499,69721.184153
-618.182213,499,69761.320636
-554.76541,499,69796.758752
-640.142568,499,69831.174838
-580.517244,499,69865.253092
-448.182101,499,69899.341238
-504.507421,499,69949.065382
-529.295992,499,69999.738233
-562.388333,499,70047.533915
-522.648696,499,70101.881099
-484.983239,499,70145.865726
-620.06579,499,70192.744688
-450.571803,499,70232.087441
-528.646357,499,70282.033555
-569.944529,499,70328.166959
-510.493012,499,70372.462757
-584.305554,499,70415.410885
-626.222556,499,70443.750206
-617.288388,499,70481.251985
-506.171978,499,70526.644562
-549.789691,499,70572.202273
-580.262726,499,70618.508581
-524.798659,499,70665.065478
-541.07125,499,70710.153177
-582.435772,499,70754.550164
-582.457343,499,70793.412186
-549.240292,499,70832.785968
-653.907807,499,70870.878404
-533.112163,499,70908.198517
-527.475673,499,70941.77838
-498.987568,499,70975.894989
-576.09173,499,71012.117789
-488.201032,499,71046.656009
-546.919453,499,71080.715126
-559.734252,499,71121.815866
-565.254323,499,71160.879747
-461.001373,499,71209.591396
-516.958122,499,71295.422668
-581.443523,499,71366.693651
-490.612505,499,71416.261924
-560.213342,499,71495.693815
-609.277881,499,71554.192069
-676.673249,499,71612.199478
-564.226006,499,71654.481289
-513.853821,499,71699.963751
-578.413219,499,71738.19797
-551.863491,499,71782.439084
-495.248341,499,71817.253692
-588.66235,499,71861.813459
-630.008639,499,71905.974094
-511.714654,499,71939.933876
-618.746969,499,71976.193251
-487.458065,499,72016.443753
-515.135412,499,72063.779961
-532.692734,499,72097.619634
-585.85776,499,72131.368929
-458.739916,499,72171.195129
-487.857504,499,72209.855243
-603.697668,499,72247.077915
-517.902534,499,72284.611887
-501.117022,499,72321.045229
-521.140831,499,72370.113348
-651.677296,499,72415.261599
-508.863807,499,72452.619591
-547.631752,499,72502.530329
-672.451152,499,72548.785844
-619.37682,499,72590.193642
-515.94851,499,72636.622478
-503.738581,499,72684.03498
-553.993457,499,72730.179297
-558.068021,499,72767.339212
-518.954744,499,72822.389696
-577.618632,499,72863.917617
-550.967411,499,72900.768159
-600.264231,499,72936.60025
-584.176144,499,72973.728359
-500.899596,499,73014.569732
-580.29775,499,73058.659939
-520.650189,499,73105.296842
-565.540849,499,73144.804001
-505.290128,499,73178.581787
-482.071658,499,73215.833547
-623.336259,499,73258.039404
-466.939565,499,73302.926954
-500.625716,499,73344.859769
-505.066067,499,73380.510789
-581.533177,499,73418.562392
-546.444374,499,73453.769464
-529.024684,499,73491.209681
-679.915576,499,73533.993707
-588.202236,499,73580.056814
-502.107931,499,73628.129493
-412.668482,499,73668.597845
-576.148805,499,73702.075423
-536.36114,499,73736.477
-501.067551,499,73771.496199
-555.432845,499,73820.717152
-583.766393,499,73855.223034
-606.903775,499,73889.300966
-567.286945,499,73923.437951
-510.008295,499,73957.500656
-620.594932,499,73993.832477
-494.504693,499,74027.561039
-573.294808,499,74069.348199
-498.61791,499,74116.272587
-491.220824,499,74164.069129
-565.066101,499,74210.544623
-467.921395,499,74253.425404
-510.052372,499,74296.992803
-540.42352,499,74341.219977
-566.873069,499,74385.38528
-609.183049,499,74426.890444
-464.096822,499,74460.314683
-707.944967,499,74494.024037
-609.818086,499,74528.020869
-484.787942,499,74561.644178
-437.532089,499,74597.435157
-548.568747,499,74631.305325
-528.867215,499,74665.359741
-513.570787,499,74699.977859
-491.763867,499,74734.871617
-591.346701,499,74773.372714
-649.666695,499,74809.531966
-555.697333,499,74847.128128
-500.746619,499,74881.470543
-570.280123,499,74916.137524
-489.362686,499,74953.899181
-556.434384,499,74989.960805
-485.426136,499,75028.439587
-488.787046,499,75067.791317
-620.076144,499,75101.820757
-449.046224,499,75139.022696
-504.704504,499,75174.430356
-518.173452,499,75210.156645
-550.527721,499,75245.706508
-593.014743,499,75280.981509
-553.635559,499,75319.543045
-629.093936,499,75355.659065
-558.52273,499,75390.703996
-524.607255,499,75425.847828
-467.517882,499,75462.036936
-542.920857,499,75499.882793
-535.186865,499,75535.948644
-509.355977,499,75581.927043
-524.045619,499,75627.186147
-574.872491,499,75669.725033
-652.240836,499,75708.022771
-546.112872,499,75744.568412
-477.414753,499,75782.15489
-561.499687,499,75817.1967
-488.78877,499,75851.770559
-575.117122,499,75887.790656
-496.652854,499,75921.25094
-504.455518,499,75957.574517
-622.436221,499,75993.395972
-439.399389,499,76028.753134
-530.498908,499,76073.871898
-508.139863,499,76117.755676
-543.855165,499,76155.483298
-569.64495,499,76189.753927
-558.855249,499,76225.640643
-604.040997,499,76264.109186
-566.454496,499,76303.249687
-527.032391,499,76337.436977
-545.70477,499,76371.560615
-534.355772,499,76405.902005
-548.05292,499,76444.936915
-510.748975,499,76478.589812
-597.34607,499,76512.70065
-537.126281,499,76548.771039
-657.726283,499,76585.375826
-561.212774,499,76623.780385
-435.265531,499,76658.731707
-499.432957,499,76696.225545
-524.932906,499,76730.027558
-554.513876,499,76763.64223
-503.19793,499,76801.398127
-489.901833,499,76835.321323
-623.286947,499,76871.607057
-444.555425,499,76907.049481
-522.311259,499,76945.011545
-573.114954,499,76984.93286
-486.180066,499,77021.989703
-556.793776,499,77062.327386
-608.436802,499,77106.57878
-613.402167,499,77150.773103
-519.79461,499,77191.079136
-529.608307,499,77239.96761
-547.57462,499,77290.714117
-556.278087,499,77329.273486
-565.086778,499,77363.951765
-572.713111,499,77400.269264
-592.594991,499,77434.276056
-545.48034,499,77472.770222
-637.908247,499,77508.433295
-500.106715,499,77552.856279
-478.051354,499,77589.513751
-490.229519,499,77631.140763
-549.654778,499,77682.647719
-476.273178,499,77727.013181
-547.855714,499,77761.432943
-561.098519,499,77799.898238
-582.600293,499,77842.56542
-453.258111,499,77898.053768
-546.524245,499,77937.085177
-575.613763,499,77990.180107
-521.820711,499,78035.86834
-546.831894,499,78071.493584
-587.878746,499,78105.902336
-653.979573,499,78146.670699
-513.848636,499,78184.456403
-507.479775,499,78225.57218
-577.895043,499,78269.408869
-550.611179,499,78311.334989
-487.788085,499,78349.082684
-613.293487,499,78386.037913
-613.349965,499,78426.132188
-537.697156,499,78464.221471
-609.475685,499,78501.183881
-508.250239,499,78541.222395
-513.398541,499,78579.778104
-510.133763,499,78617.201935
-547.343863,499,78681.364917
-477.581843,499,78727.474709
-495.108812,499,78783.023048
-624.336578,499,78825.495235
-517.644794,499,78863.264902
-504.721864,499,78898.161013
-547.349822,499,78937.173195
-617.291439,499,78974.966677
-522.900371,499,79010.939748
-564.760551,499,79047.441625
-642.342365,499,79091.7551
-640.365724,499,79126.410746
-502.50534,499,79160.43565
-514.624932,499,79194.844202
-556.762534,499,79229.08538
-572.773123,499,79269.404481
-507.485366,499,79312.800635
-564.476253,499,79355.426014
-568.647589,499,79389.866029
-569.086017,499,79424.251221
-577.280774,499,79460.96993
-536.361322,499,79495.198588
-550.993379,499,79529.193377
-511.096609,499,79563.671088
-561.29023,499,79598.160257
-476.73259,499,79635.171438
-474.115197,499,79669.302765
-616.235271,499,79706.263411
-474.314256,499,79742.649923
-512.877745,499,79778.96055
-512.233746,499,79819.692028
-601.812966,499,79859.165667
-555.539199,499,79894.207376
-619.96515,499,79928.279982
-660.501417,499,79962.038478
-593.13204,499,79999.684922
-504.915739,499,80035.348189
-459.545967,499,80077.303471
-537.43439,499,80111.902328
-541.521233,499,80146.866282
-523.012031,499,80182.923723
-573.098666,499,80217.367588
-581.788635,499,80255.149977
-609.750297,499,80290.946207
-546.83125,499,80324.955855
-480.047975,499,80361.862106
-617.465609,499,80397.223917
-500.036855,499,80433.226383
-594.87611,499,80470.450859
-480.908127,499,80506.271016
-483.730964,499,80543.325226
-553.985255,499,80578.331411
-453.58887,499,80612.423742
-533.744132,499,80646.573369
-552.268933,499,80680.429632
-569.257418,499,80717.259352
-592.417624,499,80756.076611
-474.42577,499,80793.35616
-708.963369,499,80830.678979
-550.173102,499,80864.834116
-500.700844,499,80902.659179
-424.164562,499,80937.103351
-545.13927,499,80977.805578
-503.793156,499,81014.961949
-507.431292,499,81054.63833
-497.551571,499,81101.159204
-602.036605,499,81145.599416
-647.912407,499,81190.171947
-549.777654,499,81232.669669
-498.126116,499,81266.555183
-597.418508,499,81303.568776
-495.364502,499,81339.680432
-577.036067,499,81380.349375
-501.107524,499,81419.491015
-471.978441,499,81455.128089
-587.14238,499,81494.612175
-422.69353,499,81543.739792
-487.198069,499,81577.56614
-522.4935,499,81612.076821
-582.82656,499,81648.98946
-581.28513,499,81687.816323
-553.734267,499,81731.537021
-650.156425,499,81803.569061
-552.742043,499,81846.599324
-506.411895,499,81880.570464
-488.311291,499,81917.342516
-524.085389,499,81951.737628
-516.070022,499,81985.460467
-516.317408,499,82019.394021
-546.564212,499,82053.696818
-564.600148,499,82089.544116
-650.508216,499,82124.45982
-564.510056,499,82165.197084
-481.38514,499,82217.884884
-576.192283,499,82262.741991
-496.974424,499,82310.073821
-562.840148,499,82351.2058
-509.09238,499,82385.714266
-468.17327,499,82419.815606
-603.37704,499,82460.46564
-422.647272,499,82497.400929
-492.095657,499,82531.012997
-533.57483,499,82565.478342
-572.492895,499,82600.03308
-585.639577,499,82634.988868
-525.69157,499,82672.15067
-662.302161,499,82707.791097
-545.519134,499,82742.799099
-502.045561,499,82785.79375
-505.833385,499,82834.278094
-513.624369,499,82878.888675
-536.138485,499,82913.616859
-498.564065,499,82948.838278
-582.27866,499,82985.185571
-588.682584,499,83025.582355
-654.85746,499,83061.8796
-562.150055,499,83102.521827
-477.2109,499,83139.707987
-544.229416,499,83173.816105
-507.890335,499,83208.07019
-628.432212,499,83247.008556
-484.114346,499,83282.937677
-505.4758,499,83318.880802
-607.974784,499,83358.162534
-459.205899,499,83401.982664
-501.597606,499,83445.130477
-582.935826,499,83480.094379
-488.895928,499,83515.412418
-553.964488,499,83555.468903
-620.156414,499,83595.656013
-621.451217,499,83636.817977
-528.911598,499,83670.851941
-558.5772,499,83720.551409
-536.217396,499,83758.065776
-541.464449,499,83794.363561
-538.408364,499,83835.344317
-575.360941,499,83880.126156
-620.211727,499,83920.483035
-561.445615,499,83954.526356
-630.618558,499,83988.89478
-510.16284,499,84025.738775
-516.695142,499,84060.159548
-509.060324,499,84093.795961
-531.005898,499,84127.870932
-485.218592,499,84163.846613
-512.763777,499,84201.529844
-616.228234,499,84239.210497
-586.427481,499,84280.838085
-453.881845,499,84315.252078
-524.442119,499,84348.896434
-564.429807,499,84385.897787
-478.808333,499,84422.752358
-544.618204,499,84458.576568
-601.880087,499,84495.316264
-692.622603,499,84531.063703
-519.122795,499,84576.905027
-530.870376,499,84638.282831
-595.162772,499,84690.975489
-544.626389,499,84733.442232
-515.110637,499,84766.521629
-584.266183,499,84804.398259
-627.677579,499,84856.631662
-534.54866,499,84895.058861
-626.06036,499,84929.166922
-489.77761,499,84963.657726
-503.976092,499,85019.675854
-519.242662,499,85068.323402
-554.572109,499,85102.291538
-485.072572,499,85139.205723
-530.435128,499,85180.35749
-569.473346,499,85218.103431
-520.062339,499,85252.733495
-521.17111,499,85288.879934
-513.478494,499,85324.993662
-624.487835,499,85361.086907
-519.604391,499,85400.941642
-554.795423,499,85437.954929
-676.929172,499,85474.18082
-622.349148,499,85511.358171
-490.562493,499,85547.051291
-498.955278,499,85586.719198
-550.025833,499,85624.341957
-562.143952,499,85660.042678
-492.746981,499,85696.542113
-574.943795,499,85733.963897
-571.995285,499,85773.48275
-560.928864,499,85810.211381
-596.409758,499,85847.462629
-498.976174,499,85883.839832
-556.991194,499,85920.700727
-495.134755,499,85959.768185
-619.175219,499,85995.747515
-491.011622,499,86033.037327
-474.265702,499,86068.964295
-616.068826,499,86105.457015
-476.856678,499,86145.939342
-498.626669,499,86181.880754
-524.800785,499,86217.76319
-631.734359,499,86253.828151
-543.16179,499,86290.409554
-567.730916,499,86330.034396
-665.325868,499,86366.767114
-583.572157,499,86403.305555
-531.39513,499,86439.750058
-458.875155,499,86475.289144
-540.578408,499,86515.099518
-554.053764,499,86554.270083
-512.133193,499,86590.849487
-561.246562,499,86625.963403
-594.908995,499,86661.806434
-608.585074,499,86708.235965
-535.160158,499,86772.632601
-485.818891,499,86825.526117
-611.642484,499,86866.083222
-489.077113,499,86899.967165
-603.48452,499,86936.581919
-472.245311,499,86971.050886
-485.644506,499,87004.866285
-585.123779,499,87042.055782
-485.407944,499,87078.068011
-504.353638,499,87117.282564
-534.867627,499,87153.982887
-561.459151,499,87189.777282
-609.261296,499,87226.567844
-463.490763,499,87262.181243
-727.640772,499,87304.985443
-561.624299,499,87340.2913
-497.152574,499,87377.8994
-453.853184,499,87413.073498
-562.912502,499,87448.204843
-505.964657,499,87487.472911
-527.920993,499,87522.147192
-559.420011,499,87557.10987
-581.081157,499,87591.54577
-648.046246,499,87627.17227
-527.407527,499,87665.380032
-527.992169,499,87705.790826
-592.923169,499,87741.367437
-483.032732,499,87778.408921
-563.667363,499,87813.773899
-510.240364,499,87854.89115
-463.212012,499,87890.466343
-590.421776,499,87924.74368
-454.109974,499,87959.514748
-498.447981,499,87994.126669
-522.039576,499,88031.131371
-608.554678,499,88066.148452
-613.29975,499,88103.766299
-526.188247,499,88138.954904
-660.780356,499,88173.062541
-581.493696,499,88211.937643
-504.994364,499,88247.862671
-477.873536,499,88284.89682
-512.788198,499,88321.945975
-523.813708,499,88360.716621
-519.363295,499,88397.78194
-536.684302,499,88433.882681
-570.842775,499,88468.876631
-660.368997,499,88503.252511
-533.701636,499,88537.409174
-497.434235,499,88573.935803
-590.097786,499,88607.824483
-491.707258,499,88643.368983
-560.456399,499,88686.565758
-508.248349,499,88726.165426
-481.143336,499,88766.731778
-589.437231,499,88810.018686
-432.771743,499,88855.252998
-493.48442,499,88892.251592
-531.480667,499,88927.903537
-541.816807,499,88969.36579
-608.953057,499,89010.099254
-543.304197,499,89044.299872
-636.632668,499,89079.018887
-534.936008,499,89112.675817
-492.454714,499,89154.848259
-519.869713,499,89209.08584
-532.695865,499,89243.464664
-539.808955,499,89277.612338
-535.789792,499,89312.023225
-569.861088,499,89349.193642
-541.568062,499,89383.886362
-667.062659,499,89418.384405
-554.212916,499,89453.215778
-468.088165,499,89488.686092
-525.305613,499,89530.54374
-501.76056,499,89566.23632
-605.972041,499,89599.851252
-483.012206,499,89633.631248
-464.671431,499,89666.717361
-607.947699,499,89709.013623
-432.252157,499,89749.41559
-528.674148,499,89782.377546
-575.490724,499,89816.420624
-479.898571,499,89851.231469
-564.434978,499,89890.506122
-622.285438,499,89929.031754
-615.370782,499,89962.186231
-553.152819,499,89995.075585
-530.720579,499,90032.85496
-529.568235,499,90068.797637
-543.326488,499,90102.742337
-572.092231,499,90136.889403
-525.924181,499,90171.333686
-620.730179,499,90205.911873
-552.027133,499,90243.333182
-626.136562,499,90279.351588
-493.367612,499,90323.737298
-472.845368,499,90364.415404
-507.750721,499,90397.842943
-548.209955,499,90433.268814
-541.745996,499,90468.768358
-521.34829,499,90503.328613
-597.707868,499,90536.814527
-567.897149,499,90571.196565
-448.988905,499,90608.605679
-546.510906,499,90650.834043
-613.373785,499,90686.607258
-460.896348,499,90729.773549
-553.785296,499,90764.981014
-605.625782,499,90802.135228
-649.155237,499,90835.548055
-509.220182,499,90868.785122
-508.540757,499,90903.341518
-581.606852,499,90942.723623
-554.454266,499,90979.564074
-496.188452,499,91015.168192
-560.948693,499,91051.294211
-625.850421,499,91086.776264
-557.496919,499,91121.563483
-622.861549,499,91159.754268
-513.064296,499,91198.731985
-478.135312,499,91235.157399
-538.421075,499,91269.426435
-546.610371,499,91305.64562
-503.781478,499,91356.56018
-513.471792,499,91402.773179
-557.312221,499,91438.249906
-546.538912,499,91473.235
-526.973809,499,91509.2654
-514.494739,499,91546.289744
-601.031763,499,91583.942162
-533.386365,499,91620.847794
-571.34719,499,91664.531838
-641.477617,499,91706.459824
-627.931544,499,91757.254843
-497.355277,499,91808.069687
-526.104121,499,91850.473451
-574.836168,499,91888.45336
-563.270399,499,91926.876099
-485.974617,499,91970.666955
-588.558774,499,92007.719934
-613.209765,499,92052.903225
-553.455526,499,92088.233763
-583.446027,499,92119.058822
-510.413099,499,92155.356587
-531.275127,499,92190.383763
-529.831085,499,92223.67567
-603.026594,499,92260.447213
-469.814628,499,92310.438208
-481.032472,499,92351.274639
-619.22944,499,92389.217531
-501.514417,499,92422.987283
-526.605817,499,92463.38201
-506.980791,499,92505.73387
-635.307877,499,92548.821556
-530.872847,499,92585.042846
-549.154343,499,92628.801107
-642.20393,499,92672.295822
-603.212292,499,92710.827002
-518.858164,499,92751.755263
-474.941143,499,92793.046721
-546.989115,499,92827.325259
-539.655266,499,92870.919409
-508.610527,499,92911.677101
-576.121784,499,92946.9287
-591.374077,499,92985.928738
-601.520266,499,93018.399323
-532.463409,499,93050.166771
-481.655676,499,93081.509606
-607.83231,499,93117.802537
-490.852264,499,93161.347382
-613.308503,499,93203.935196
-486.867555,499,93252.656527
-480.671074,499,93301.341136
-599.913702,499,93345.058928
-477.460363,499,93387.483038
-509.452178,499,93431.179443
-524.77543,499,93478.938764
-542.006115,499,93521.781662
-648.968158,499,93569.006235
-467.779337,499,93605.526212
-706.778651,499,93637.970816
-560.077266,499,93672.988977
-507.248553,499,93713.098768
-478.745795,499,93749.726099
-574.775811,499,93788.1237
-486.900646,499,93831.769783
-543.689187,499,93872.558295
-512.973056,499,93909.704754
-599.09091,499,93944.677919
-629.577566,499,93975.83209
-544.057433,499,94011.338298
-532.357232,499,94053.92461
-615.626746,499,94093.053849
-510.040275,499,94131.08741
-576.214252,499,94183.634977
-542.265801,499,94229.511955
-487.56285,499,94267.100815
-589.63621,499,94300.23839
-466.00693,499,94334.287531
-518.27378,499,94375.816859
-540.90325,499,94419.434298
-552.818247,499,94461.647565
-627.276602,499,94493.52504
-527.169442,499,94527.306604
-653.784627,499,94559.676609
-557.811982,499,94591.706846
-485.868651,499,94624.416414
-464.646283,499,94659.10828
-513.88202,499,94697.069209
-498.113995,499,94729.418673
-540.64407,499,94776.691689
-499.378709,499,94818.581447
-623.189614,499,94860.826919
-659.839777,499,94905.117324
-539.756304,499,94942.891895
-477.152604,499,94974.605664
-592.352593,499,95007.749732
-491.661702,499,95049.508204
-558.269309,499,95088.822949
-539.912072,499,95119.828551
-474.525863,499,95160.35096
-592.270955,499,95191.33013
-424.232302,499,95221.918452
-526.885428,499,95255.538031
-521.929099,499,95292.199144
-565.102585,499,95323.916638
-590.344242,499,95360.150034
-545.5227,499,95391.490998
-624.293529,499,95435.752852
-540.824226,499,95486.679739
-497.061567,499,95521.232223
-529.737696,499,95556.275566
-529.967274,499,95600.839052
-541.307067,499,95647.728131
-495.816087,499,95689.724549
-570.298856,499,95731.847126
-571.022596,499,95765.634869
-650.421654,499,95800.529061
-550.66099,499,95838.476636
-445.444167,499,95892.975078
-529.022547,499,95933.999402
-500.47923,499,95967.321656
-618.919863,499,96007.359486
-478.828371,499,96046.989944
-452.003874,499,96081.292213
-600.29402,499,96115.104104
-425.491066,499,96148.274206
-538.361269,499,96182.370791
-563.871104,499,96219.033893
-495.641819,499,96253.316642
-557.491588,499,96288.911649
-610.44121,499,96322.927831
-605.436232,499,96355.611022
-515.364661,499,96393.351996
-526.310459,499,96428.566579
-527.916321,499,96462.126887
-541.514673,499,96495.824347
-546.389833,499,96529.90591
-555.122326,499,96569.915679
-620.894481,499,96603.898
-551.708049,499,96638.267181
-625.378377,499,96677.210818
-529.419883,499,96713.319406
-482.714244,499,96750.630859
-513.780443,499,96785.356042
-547.725957,499,96818.28968
-532.790597,499,96851.999593
-525.026308,499,96886.159445
-566.360225,499,96923.075431
-593.535862,499,96958.515016
-442.990111,499,97006.104799
-519.467571,499,97040.962779
-590.610436,499,97077.648743
-474.601035,499,97113.832253
-572.518418,499,97153.573689
-597.65455,499,97185.778599
-716.874062,499,97220.630466
-500.873176,499,97256.181929
-506.13638,499,97292.793965
-573.098678,499,97327.70228
-538.268707,499,97362.271053
-519.875484,499,97407.758755
-578.861509,499,97445.130215
-628.109201,499,97480.86763
-543.786257,499,97515.233543
-650.520786,499,97550.729125
-505.653051,499,97587.26404
-477.76389,499,97620.716726
-498.121513,499,97657.60283
-542.953928,499,97691.656703
-473.897502,499,97731.095726
-499.860092,499,97765.028067
-616.244197,499,97802.670586
-559.879476,499,97836.560574
-521.303622,499,97879.327264
-505.433291,499,97921.911178
-603.984347,499,97963.364858
-556.736991,499,98009.832006
-508.871035,499,98053.396774
-649.995594,499,98102.374425
-614.592342,499,98137.012003
-499.249781,499,98175.039016
-513.256506,499,98210.730537
-560.473422,499,98247.264426
-575.695645,499,98284.469232
-491.706904,499,98316.964385
-603.279918,499,98369.285375
-592.204496,499,98405.52638
-529.49954,499,98446.407848
-600.678595,499,98488.173837
-515.929278,499,98530.830295
-553.677359,499,98566.1308
-510.761655,499,98611.235349
-610.689747,499,98649.822093
-462.164632,499,98687.565945
-488.631017,499,98719.991026
-611.694237,499,98753.113981
-498.759668,499,98802.126985
-505.711623,499,98848.343007
-501.761467,499,98892.236603
-633.706821,499,98938.764327
-550.607302,499,98979.754457
-546.367776,499,99024.104206
-637.049976,499,99055.806105
-597.631091,499,99101.945235
-519.066206,499,99144.795287
-460.8497,499,99190.771504
-543.096788,499,99231.945361
-537.686013,499,99271.392994
-515.183201,499,99322.546857
-571.023455,499,99367.949137
-599.953169,499,99416.934805
-583.872184,499,99454.777668
-555.50175,499,99491.700757
-511.570376,499,99532.71533
-612.277382,499,99575.704471
-495.641987,499,99613.468429
-586.980582,499,99651.599021
-494.303497,499,99692.925784
-486.083778,499,99736.535329
-569.677651,499,99775.18572
-472.916011,499,99813.591217
-517.59326,499,99852.314831
-545.565951,499,99892.830637
-566.748604,499,99959.685794
-613.522447,499,100023.801035
-450.241074,499,100062.294571
-731.063716,499,100100.328402
-554.136238,499,100138.654911
-508.734542,499,100181.381073
-461.387966,499,100219.455697
-573.090186,499,100260.780246
-488.140373,499,100300.300637
-560.161296,499,100340.815329
-512.373269,499,100400.416608
-601.572131,499,100438.276464
-629.563837,499,100476.726731
-533.844146,499,100514.633917
-525.53353,499,100555.793645
-599.544298,499,100599.019589
-489.625927,499,100673.481763
-583.367707,499,100736.191215
-526.700068,499,100808.69027
-465.474754,499,100846.885234
-563.900539,499,100889.271087
-462.453186,499,100940.976897
-523.109075,499,100986.589106
-524.829456,499,101028.319244
-558.808483,499,101066.315069
-636.064481,499,101101.616327
-504.306934,499,101142.629589
-646.680526,499,101179.275234
-549.602897,499,101216.231989
-516.706955,499,101248.023716
-432.324585,499,101298.333904
-564.77348,499,101352.194804
-486.32426,499,101395.310538
-527.462455,499,101432.937387
-538.590441,499,101470.25477
-575.858023,499,101511.824518
-653.19695,499,101562.668837
-533.826809,499,101604.936466
-478.448597,499,101646.525701
-599.216166,499,101684.69693
-499.430347,499,101725.543722
-594.270322,499,101764.494021
-494.016376,499,101804.747338
-489.435068,499,101869.545126
-593.351029,499,101913.516277
-445.53006,499,101955.476919
-489.007938,499,101993.283746
-517.204402,499,102032.212283
-577.330213,499,102069.776718
-596.186679,499,102113.843112
-542.419348,499,102190.944609
-655.871853,499,102232.269932
-552.030361,499,102271.214957
-484.270693,499,102308.600174
-509.590606,499,102345.991907
-551.406642,499,102387.481928
-527.595804,499,102429.736431
-509.239216,499,102469.729518
-571.299463,499,102511.907924
-568.805007,499,102574.797546
-659.346439,499,102618.140781
-553.685138,499,102657.28517
-471.749188,499,102703.548526
-524.347163,499,102742.087821
-500.636405,499,102822.101889
-603.706231,499,102875.258862
-501.955318,499,102917.43632
-519.503843,499,102961.441
-602.275405,499,103015.44629
-451.532418,499,103051.533678
-541.306975,499,103091.200638
-542.556755,499,103132.574894
-480.103197,499,103172.284661
-591.411965,499,103213.416825
-593.620433,499,103248.175132
-592.738951,499,103291.465781
-527.79521,499,103355.860884
-511.764609,499,103401.867788
-531.223812,499,103452.522768
-534.319189,499,103495.513799
-566.921291,499,103553.49058
-506.558937,499,103601.411549
-598.013408,499,103649.562109
-533.069321,499,103695.173801
-606.208331,499,103743.081555
-536.842426,499,103800.665935
-480.240695,499,103866.933703
-529.925649,499,103926.534216
-544.457718,499,103975.48108
-532.686285,499,104040.489063
-539.237603,499,104082.511165
-562.186624,499,104128.263123
-553.700981,499,104169.288213
-460.77327,499,104213.936526
-535.273002,499,104263.54991
-616.392387,499,104310.479533
-448.83292,499,104357.846853
-569.104327,499,104403.378468
-585.327163,499,104450.307101
-659.482555,499,104498.770932
-506.598892,499,104551.017259
-488.832819,499,104597.887138
-609.894577,499,104645.006975
-513.063091,499,104693.753437
-521.870986,499,104740.862373
-586.522065,499,104786.63483
-627.076543,499,104830.118613
-551.462767,499,104872.751203
-606.06995,499,104918.765025
-525.350455,499,104965.620672
-505.398204,499,105012.995987
-511.40168,499,105058.046923
-555.192564,499,105104.994219
-494.973261,499,105152.329604
-511.302196,499,105202.609487
-570.771513,499,105248.736139
-580.401755,499,105296.271233
-515.053597,499,105345.226272
-565.833002,499,105394.677593
-626.467294,499,105440.213798
-521.766147,499,105483.655684
-520.172599,499,105524.082327
-673.184564,499,105568.188473
-624.874551,499,105614.765536
-520.727255,499,105660.007581
-538.480988,499,105706.44017
-561.510978,499,105757.562194
-580.73211,499,105806.217036
-515.673688,499,105851.972111
-584.253505,499,105897.551811
-561.662017,499,105950.997593
-527.30639,499,105993.707015
-633.494376,499,106040.340618
-508.144036,499,106087.619163
-506.567864,499,106135.26832
-491.254229,499,106184.108989
-605.427336,499,106231.659205
-456.244123,499,106281.638886
-520.446361,499,106328.696439
-604.764788,499,106374.184915
-505.363768,499,106419.175129
-520.287788,499,106468.598153
-514.207659,499,106514.409967
-658.046982,499,106561.992166
-491.332732,499,106602.520956
-584.431353,499,106651.344696
-656.164692,499,106696.939408
-589.677683,499,106740.33541
-553.699887,499,106786.701018
-469.889584,499,106832.104447
-524.883646,499,106884.168838
-586.729125,499,106927.88055
-499.867429,499,106973.125194
-593.579598,499,107016.848919
-581.90179,499,107061.755519
-571.147967,499,107112.668705
-548.344815,499,107160.966974
-483.965542,499,107210.746868
-613.612625,499,107257.809256
-521.756021,499,107308.260165
-558.87138,499,107353.354136
-472.91556,499,107402.940064
-500.343625,499,107452.612339
-567.467226,499,107497.150894
-477.664227,499,107539.42494
-523.775893,499,107584.212518
-528.181508,499,107630.781902
-562.988299,499,107677.865165
-601.899968,499,107723.430412
-507.742303,499,107770.536961
-725.998842,499,107816.157286
-543.29408,499,107863.885281
-484.35797,499,107907.628454
-456.236803,499,107955.223834
-566.41292,499,107999.083964
-486.455334,499,108048.75397
-552.181358,499,108094.043793
-519.132241,499,108138.154522
-584.518186,499,108184.888352
-624.748254,499,108231.99217
-540.887495,499,108265.009659
-523.196545,499,108298.750932
-592.031333,499,108344.913716
-542.659656,499,108383.002042
-580.846501,499,108423.724025
-495.592224,499,108469.897323
-488.124913,499,108514.203561
-560.187972,499,108558.187389
-506.969182,499,108604.007135
-506.508097,499,108650.498047
-549.537369,499,108698.197232
-543.885983,499,108742.931247
-624.338226,499,108788.464061
-487.246753,499,108830.669044
-660.299579,499,108875.282159
-556.134997,499,108919.998937
-491.090866,499,108962.315512
-486.8035,499,109004.543432
-569.660435,499,109048.26963
-501.8684,499,109090.274643
-552.212557,499,109137.177533
-499.137405,499,109175.084732
-575.565309,499,109213.747794
-656.850502,499,109248.376981
-523.14751,499,109284.239342
-515.149248,499,109324.059272
-594.364726,499,109362.791688
-493.460001,499,109399.364609
-566.707804,499,109439.584462
-506.781607,499,109477.726031
-482.253763,499,109519.125474
-598.264713,499,109559.386653
-439.03489,499,109598.513906
-526.846603,499,109638.362096
-514.261795,499,109673.459429
-553.798604,499,109710.448893
-604.490744,499,109743.886884
-520.814951,499,109777.082345
-625.059495,499,109814.787236
-566.832888,499,109852.35803
-514.747178,499,109891.456037
-507.332216,499,109930.821452
-521.154337,499,109971.205274
-521.182819,499,110010.612502
-483.886487,499,110055.654785
-559.618589,499,110096.580906
-581.369801,499,110133.555916
-649.012869,499,110173.343064
-581.897674,499,110212.809923
-466.337581,499,110257.011362
-560.766538,499,110305.200673
-530.62131,499,110347.513894
-616.644943,499,110378.396679
-475.14747,499,110418.463179
-510.715482,499,110462.875038
-585.038613,499,110506.45466
-432.827087,499,110547.127114
-519.898727,499,110589.994658
-539.747748,499,110635.425509
-544.577738,499,110679.162456
-594.89159,499,110723.90749
-587.260541,499,110768.551114
-593.892889,499,110813.368004
-558.692394,499,110853.91036
-506.299698,499,110895.393434
-538.877888,499,110940.913165
-554.059795,499,110980.505448
-564.707173,499,111025.772994
-514.138865,499,111069.259772
-607.927379,499,111116.093088
-558.546616,499,111163.406841
-583.93048,499,111209.243998
-550.20088,499,111255.098428
-475.781718,499,111295.840175
-512.566318,499,111337.856551
-535.769291,499,111382.398219
-511.299612,499,111423.620104
-529.773835,499,111465.330637
-545.668654,499,111502.621472
-586.549878,499,111539.472684
-439.137616,499,111574.400024
-515.12077,499,111615.838424
-579.495295,499,111655.852755
-451.507506,499,111697.41163
-569.409608,499,111737.741163
-622.594459,499,111780.838317
-675.487811,499,111823.487418
-550.73575,499,111871.733429
-489.317627,499,111918.074918
-558.328418,499,111959.752267
-553.642814,499,112004.836129
-505.332095,499,112052.335292
-591.355699,499,112095.328925
-633.649435,499,112140.396281
-549.38826,499,112181.045216
-611.439352,499,112225.82421
-523.932582,499,112272.530187
-510.857393,499,112319.350619
-505.714885,499,112362.642672
-564.351378,499,112407.993371
-526.344932,499,112453.984095
-497.501426,499,112498.490232
-629.99018,499,112543.693045
-543.609789,499,112592.076288
-505.236978,499,112636.338161
-510.633169,499,112684.480247
-630.093801,499,112730.774266
-517.901174,499,112778.936858
-516.998514,499,112821.909999
-664.113846,499,112865.531545
-616.683484,499,112908.286771
-500.63868,499,112951.958567
-514.1896,499,112992.188451
-553.882087,499,113038.793444
-568.075861,499,113076.283245
-527.959738,499,113124.749518
-564.446235,499,113166.226983
-590.607339,499,113211.410481
-587.290428,499,113258.244386
-586.789046,499,113302.646331
-535.182187,499,113351.378742
-520.791562,499,113392.480525
-520.765298,499,113435.161336
-589.630881,499,113479.916074
-458.134308,499,113531.118432
-492.452009,499,113577.785324
-633.673681,499,113629.467997
-513.296821,499,113681.110922
-547.913115,499,113738.747089
-483.763346,499,113782.651558
-632.222554,499,113825.14199
-504.582478,499,113873.207093
-557.75435,499,113910.234698
-660.571307,499,113948.379696
-611.008347,499,113982.905549
-549.698073,499,114017.987181
-474.807519,499,114056.298964
-524.320484,499,114097.477301
-600.962939,499,114136.854382
-511.611188,499,114181.743706
-584.116032,499,114225.926609
-581.473079,499,114268.452405
-583.138382,499,114309.17271
-573.790069,499,114344.043536
-472.467861,499,114374.816164
-590.456886,499,114409.113685
-537.83376,499,114440.427289
-574.105633,499,114469.46944
-482.700798,499,114517.613929
-522.788297,499,114562.130895
-564.828512,499,114616.306601
-476.357419,499,114660.398737
-509.094484,499,114705.488122
-518.017665,499,114745.701037
-588.168303,499,114783.420007
-598.090476,499,114818.947124
-474.466749,499,114869.086952
-719.704013,499,114910.224966
-536.704674,499,114949.205884
-525.894582,499,114989.071692
-465.463235,499,115028.075607
-570.002731,499,115070.025561
-501.783367,499,115112.469079
-552.527782,499,115151.567315
-542.009341,499,115202.899128
-599.69857,499,115246.173254
-612.695141,499,115292.941512
-542.882309,499,115334.642351
-528.373194,499,115375.157831
-619.431512,499,115409.785049
-515.752282,499,115445.598718
-558.012519,499,115474.023163
-498.651811,499,115503.517019
-472.53213,499,115540.209064
-578.649611,499,115580.67188
-481.747598,499,115623.434476
-492.242698,499,115667.16453
-521.265351,499,115712.901835
-544.074269,499,115753.332847
-656.037658,499,115785.464106
-478.670658,499,115825.283874
-676.459765,499,115864.92746
-549.518996,499,115907.853263
-507.750032,499,115949.752651
-469.016374,499,115989.490789
-564.805381,499,116034.131401
-522.345261,499,116080.86614
-551.16028,499,116123.200801
-493.953635,499,116160.992168
-569.444985,499,116191.235427
-682.91669,499,116225.533248
-550.532795,499,116266.935707
-502.678187,499,116311.941291
-581.107707,499,116348.759699
-482.467304,499,116395.114424
-579.656031,499,116440.680762
-501.656201,499,116485.350356
-473.774692,499,116544.769196
-594.007467,499,116596.049365
-430.138198,499,116642.894141
-495.137463,499,116681.599574
-525.335745,499,116712.156463
-580.447158,499,116739.286847
-596.641083,499,116765.539155
-541.448558,499,116791.89727
-643.199535,499,116822.007352
-551.320173,499,116849.098224
-496.051316,499,116876.176797
-507.172886,499,116908.040158
-537.063344,499,116942.715347
-529.698229,499,116976.36094
-531.451258,499,117008.662273
-567.080226,499,117050.831291
-562.03624,499,117085.473556
-648.317728,499,117112.036384
-545.950557,499,117142.00009
-479.990531,499,117171.319472
-537.627169,499,117200.810004
-508.899092,499,117230.969937
-590.573721,499,117265.354928
-492.822136,499,117311.886566
-476.579482,499,117345.880068
-606.682166,499,117372.097709
-452.686663,499,117402.020535
-523.077122,499,117444.362267
-529.932061,499,117487.504977
-531.784089,499,117519.420173
-603.546478,499,117553.330754
-609.364237,499,117588.897023
-597.555358,499,117626.321218
-571.421817,499,117673.347758
-514.743131,499,117718.426998
-543.939472,499,117750.564608
-529.275551,499,117780.247262
-541.298218,499,117809.530178
-504.527223,499,117842.149737
-611.891667,499,117880.940141
-569.245167,499,117915.383624
-607.651351,499,117953.781784
-529.997463,499,117990.518887
-472.483381,499,118031.591822
-528.652603,499,118069.906752
-543.480892,499,118108.086903
-521.765602,499,118148.415103
-524.900243,499,118181.064197
-531.82553,499,118217.17702
-583.597209,499,118246.615983
-427.6676,499,118283.74742
-526.012582,499,118316.021743
-578.459439,499,118356.570663
-481.55744,499,118401.02204
-567.578062,499,118446.376828
-584.979168,499,118490.034117
-662.499803,499,118533.94009
-534.218002,499,118577.499273
-487.743162,499,118622.682848
-562.390279,499,118673.538506
-542.413458,499,118713.57525
-525.256756,499,118757.992708
-550.36338,499,118801.991933
-661.440504,499,118847.747329
-544.291093,499,118890.885052
-645.760166,499,118933.212791
-510.104826,499,118979.792265
-492.505322,499,119025.579567
-489.614382,499,119070.5111
-552.082418,499,119116.539471
-522.738306,499,119161.468548
-502.256018,499,119199.589374
-596.043354,499,119245.283689
-533.575396,499,119291.468055
-512.085968,499,119331.265939
-516.462413,499,119369.076504
-595.417548,499,119399.020929
-500.368751,499,119432.292501
-532.2001,499,119468.096358
