#{"t_start": 1685747814.00865, "env_id": "quantumEnvMeasureFilter-v0"}
r,l,t
-569.894443,499,46.695369
-569.361494,499,93.248027
-575.803468,499,139.727068
-504.608433,499,186.206722
-508.801224,499,232.709656
-580.858148,499,280.670458
-564.931948,499,327.236114
-573.731721,499,373.761253
-559.796235,499,420.405992
-563.772894,499,467.014705
-611.261297,499,514.565677
-471.566668,499,561.295581
-510.734183,499,607.747556
-643.218052,499,654.357969
-682.729143,499,700.853906
-600.168621,499,748.471277
-635.763824,499,795.091179
-721.77794,499,841.892554
-537.406573,499,888.566751
-533.542576,499,935.015242
-570.704314,499,982.619725
-606.645179,499,1029.489627
-554.406095,499,1076.265749
-571.820807,499,1122.847665
-531.480918,499,1169.435383
-626.247123,499,1216.911886
-678.125024,499,1263.613857
-535.291962,499,1310.076136
-480.997098,499,1356.779987
-569.598976,499,1403.369034
-570.594786,499,1451.363537
-579.153309,499,1498.234584
-544.694233,499,1544.470014
-546.363054,499,1591.010493
-615.432218,499,1637.799628
-479.01762,499,1685.514775
-526.645352,499,1732.071384
-607.671187,499,1778.660891
-663.67676,499,1825.152745
-570.684941,499,1871.585509
-635.585488,499,1919.204436
-665.262225,499,1965.839545
-540.572249,499,2012.319549
-537.168018,499,2058.873126
-605.925771,499,2105.152853
-566.629963,499,2152.876316
-536.607604,499,2199.561155
-548.088957,499,2246.128537
-632.873475,499,2292.581113
-623.489468,499,2339.535216
-673.814487,499,2390.291622
-572.114369,499,2437.199934
-530.66219,499,2484.363552
-557.820517,499,2531.287768
-625.210713,499,2578.398958
-593.32447,499,2626.601317
-532.211301,499,2673.59758
-546.128916,499,2720.407337
-607.487906,499,2767.253322
-482.182397,499,2814.029498
-537.651081,499,2862.125037
-658.173677,499,2909.037354
-620.248468,499,2955.817674
-559.967489,499,3002.989225
-685.778413,499,3049.815741
-681.134248,499,3097.848445
-499.269538,499,3144.772257
-518.641062,499,3191.821408
-685.08652,499,3239.109895
-529.31832,499,3285.833883
-532.039631,499,3333.762767
-608.636817,499,3380.445476
-618.800783,499,3427.355979
-629.291808,499,3474.26946
-688.674246,499,3520.919439
-490.610283,499,3568.79871
-542.231221,499,3615.441826
-517.456017,499,3662.332756
-672.83728,499,3709.40307
-525.353846,499,3756.527714
-560.063547,499,3804.466198
-601.082119,499,3851.583497
-517.536879,499,3898.492142
-483.841474,499,3944.910657
-543.665729,499,3991.611454
-636.212548,499,4039.462637
-602.029958,499,4086.177378
-581.407288,499,4132.861295
-640.674027,499,4179.581792
-678.634811,499,4226.27985
-556.016805,499,4274.047946
-507.836579,499,4320.679153
-699.017024,499,4367.518264
-554.847647,499,4414.390139
-510.589376,499,4461.291725
-574.442941,499,4509.458357
-635.461464,499,4556.707931
-566.501641,499,4603.978002
-665.827211,499,4651.252805
-461.789466,499,4698.283145
-562.842656,499,4749.483671
-593.645251,499,4797.325873
-643.574995,499,4844.959911
-510.70725,499,4892.758456
-531.845854,499,4940.667252
-614.206367,499,4989.359472
-506.343071,499,5036.987053
-541.159001,499,5084.692672
-537.334303,499,5132.144996
-670.95227,499,5179.708203
-603.391347,499,5228.481157
-566.762476,499,5275.986643
-686.271883,499,5323.492915
-623.569075,499,5370.8108
-509.707676,499,5418.280188
-513.692855,499,5466.888773
-601.72495,499,5514.472115
-560.131667,499,5561.869023
-531.783099,499,5609.562088
-582.852006,499,5657.139188
-597.658593,499,5705.640484
-644.285009,499,5752.903769
-598.319271,499,5800.337696
-494.041279,499,5847.790151
-573.292975,499,5895.225179
-581.150025,499,5943.851519
-596.934273,499,5991.306159
-512.821504,499,6038.826343
-518.005797,499,6086.177988
-655.345434,499,6133.667745
-463.824924,499,6182.320184
-518.04037,499,6229.978284
-556.15761,499,6277.523581
-616.130241,499,6324.86087
-569.715388,499,6371.962027
-603.645412,499,6420.466754
-724.574559,499,6467.921905
-584.576708,499,6515.312045
-525.446066,499,6562.587536
-501.391861,499,6610.177006
-670.813284,499,6658.783847
-553.131871,499,6706.364434
-547.680344,499,6753.913445
-557.909036,499,6801.275259
-633.330194,499,6848.759327
-664.832717,499,6897.584334
-558.457788,499,6944.825642
-463.533702,499,6992.408013
-615.442255,499,7039.718457
-564.444823,499,7087.352346
-610.473151,499,7138.701513
-544.565476,499,7186.732461
-563.249533,499,7234.283026
-600.399691,499,7281.773774
-490.363591,499,7329.601004
-527.543709,499,7378.125371
-598.274122,499,7425.691998
-628.110436,499,7473.359969
-618.363286,499,7520.79607
-492.629498,499,7568.342831
-760.523136,499,7616.908501
-571.347334,499,7664.140439
-533.703393,499,7711.513242
-490.08985,499,7759.195106
-645.354941,499,7806.790932
-542.470408,499,7855.458627
-567.740321,499,7903.035978
-505.713703,499,7950.663438
-625.93252,499,7998.041831
-681.842054,499,8045.602911
-554.775446,499,8094.287391
-515.622718,499,8141.765194
-578.859177,499,8189.308232
-570.799091,499,8236.789893
-568.680219,499,8284.226792
-539.835599,499,8333.133716
-590.37303,499,8380.621814
-633.407202,499,8428.208645
-482.830815,499,8475.69729
-510.132468,499,8523.191186
-582.564972,499,8572.002285
-666.947629,499,8619.652042
-604.522876,499,8667.263671
-577.145898,499,8714.760171
-695.639454,499,8762.315579
-550.566519,499,8811.086456
-550.543159,499,8858.724293
-568.457045,499,8906.194108
-626.153186,499,8953.611414
-576.914876,499,9001.118266
-566.104615,499,9049.719319
-567.234293,499,9097.315142
-618.145602,499,9144.778553
-673.458001,499,9192.449719
-514.839588,499,9240.038244
-501.105701,499,9288.964422
-604.562245,499,9336.469728
-578.250649,499,9383.995174
-562.35026,499,9431.575924
-524.185691,499,9479.086919
-563.106804,499,9530.774062
-613.783688,499,9578.573789
-489.163324,499,9626.12322
-505.914482,499,9673.489929
-554.635299,499,9721.01472
-616.936122,499,9769.773513
-559.853755,499,9817.175336
-593.478208,499,9864.708256
-653.200722,499,9912.354703
-548.471933,499,9959.799775
-539.607191,499,10008.433084
-623.665918,499,10055.96835
-555.094959,499,10103.258486
-538.063353,499,10150.777722
-548.353437,499,10198.182602
-629.789305,499,10246.784516
-588.398975,499,10294.397575
-687.2342,499,10342.033492
-537.645665,499,10389.657835
-503.697599,499,10437.237128
-524.280925,499,10486.202008
-581.155703,499,10533.796965
-585.755722,499,10581.502146
-512.517646,499,10628.853119
-584.939588,499,10676.349388
-597.168665,499,10725.220213
-480.508337,499,10772.774941
-504.013045,499,10820.271962
-666.865375,499,10867.728594
-589.062366,499,10915.125127
-551.208322,499,10964.028388
-655.733434,499,11011.493003
-676.151914,499,11059.064003
-494.149198,499,11106.500948
-504.96057,499,11154.131912
-640.445501,499,11202.970789
-560.105691,499,11250.32161
-543.561128,499,11298.059455
-582.555011,499,11345.638457
-590.14014,499,11392.983306
-588.891364,499,11441.937614
-645.282258,499,11489.955304
-480.956855,499,11537.327401
-493.23132,499,11584.923277
-502.564663,499,11632.616715
-603.896772,499,11681.542107
-500.440102,499,11728.845748
-524.82613,499,11776.232055
-594.113041,499,11823.705548
-548.355428,499,11871.216404
-460.667339,499,11923.12374
-561.992692,499,11971.051102
-611.050523,499,12018.651724
-620.368866,499,12066.100293
-557.945417,499,12113.670028
-590.413222,499,12162.423721
-687.964219,499,12210.056306
-506.019657,499,12257.596934
-501.377655,499,12305.227205
-669.301023,499,12352.680144
-549.782045,499,12401.531066
-515.138369,499,12449.199432
-606.233525,499,12496.842217
-627.209582,499,12544.326688
-555.303527,499,12591.760087
-645.241329,499,12640.610978
-488.928992,499,12688.182764
-556.677944,499,12735.718652
-540.254152,499,12783.141201
-648.848421,499,12830.689445
-550.680673,499,12879.470235
-550.841134,499,12927.055271
-617.424494,499,12974.490464
-490.565607,499,13022.03933
-509.505594,499,13069.711596
-522.952448,499,13118.463339
-650.280603,499,13166.034886
-611.352478,499,13213.576629
-572.027883,499,13261.076674
-678.593772,499,13308.409469
-625.221993,499,13356.992838
-499.219693,499,13404.441682
-534.286553,499,13452.055649
-634.972351,499,13499.456867
-577.074507,499,13546.724404
-514.701706,499,13595.223185
-560.59571,499,13642.689885
-575.110581,499,13690.135361
-602.807793,499,13737.824511
-595.239013,499,13785.154223
-509.098967,499,13833.749445
-560.691921,499,13881.601453
-548.333365,499,13929.277149
-599.661866,499,13976.718706
-515.960673,499,14024.260491
-525.59877,499,14072.832216
-630.16211,499,14120.374324
-473.895078,499,14167.948287
-517.053563,499,14215.377674
-547.550077,499,14263.089704
-623.688232,499,14314.855149
-568.186713,499,14362.607202
-621.066111,499,14410.051061
-698.477447,499,14457.403177
-578.763172,499,14505.027766
-529.978499,499,14553.629937
-506.472873,499,14601.161881
-574.855771,499,14648.907773
-573.872885,499,14696.345129
-550.864485,499,14743.866515
-584.621866,499,14792.548432
-623.460943,499,14839.970027
-641.177825,499,14887.265007
-559.144709,499,14934.865707
-460.777226,499,14982.504182
-592.243747,499,15031.057702
-566.342625,499,15078.615616
-621.044469,499,15125.989553
-518.538503,499,15173.56552
-555.558119,499,15220.937758
-568.582038,499,15269.435634
-457.264986,499,15316.731263
-532.79556,499,15364.021657
-596.747852,499,15411.379664
-629.562713,499,15458.500126
-626.616824,499,15506.889093
-527.836832,499,15554.115448
-765.711574,499,15601.170503
-550.044301,499,15648.263486
-558.391257,499,15695.09472
-518.89797,499,15743.574649
-633.597846,499,15790.563792
-550.302509,499,15837.469502
-573.525487,499,15884.433455
-515.391066,499,15931.434692
-623.254324,499,15979.659894
-671.103847,499,16026.598817
-547.667595,499,16073.396877
-501.792912,499,16120.097941
-609.214133,499,16167.23729
-540.709388,499,16215.211202
-583.723706,499,16262.23869
-512.973803,499,16309.124725
-559.865772,499,16355.95529
-585.489101,499,16402.92642
-496.429606,499,16451.00961
-500.09454,499,16497.900355
-557.647244,499,16544.745692
-610.12304,499,16591.571968
-580.884738,499,16638.46521
-579.363806,499,16689.513497
-668.618176,499,16736.82988
-540.88266,499,16783.688514
-543.154813,499,16830.438878
-563.943894,499,16877.358781
-581.810636,499,16925.381368
-529.851929,499,16972.107818
-541.078679,499,17019.172114
-551.091007,499,17066.090974
-604.519591,499,17113.477404
-654.019968,499,17161.644551
-554.288297,499,17208.471583
-520.506035,499,17255.365382
-597.994416,499,17302.131758
-534.195142,499,17348.890159
-550.973596,499,17396.86885
-527.639622,499,17443.978654
-531.030466,499,17490.584595
-609.321993,499,17537.42373
-441.641203,499,17584.296606
-500.505761,499,17632.362681
-587.863144,499,17679.190806
-622.205295,499,17726.071906
-581.938523,499,17773.045352
-556.599113,499,17820.12526
-691.711305,499,17868.140331
-541.56149,499,17915.135097
-526.138654,499,17962.151651
-599.933049,499,18009.011783
-555.065512,499,18055.811212
-548.462314,499,18103.867521
-559.042741,499,18150.7039
-584.43738,499,18197.54169
-660.038607,499,18244.651509
-673.215828,499,18291.556117
-517.060499,499,18339.478251
-556.290399,499,18386.405989
-551.578765,499,18433.339495
-604.32858,499,18480.426581
-667.046671,499,18527.225706
-523.916093,499,18575.229272
-554.369873,499,18622.190232
-582.465188,499,18669.234802
-500.763655,499,18715.998752
-492.179637,499,18762.726825
-697.949678,499,18810.826429
-618.862656,499,18857.710076
-543.797895,499,18904.805752
-642.612434,499,18951.776449
-659.276423,499,18998.636326
-501.929933,499,19049.550935
-530.989394,499,19096.987995
-636.654998,499,19143.998579
-534.15054,499,19190.901288
-545.944088,499,19237.875421
-580.381441,499,19285.962085
-634.132848,499,19332.722215
-623.699097,499,19379.582396
-675.20389,499,19426.593225
-487.125737,499,19473.37301
-570.267132,499,19521.496407
-521.533908,499,19568.239104
-623.821969,499,19615.183434
-511.403102,499,19662.128186
-536.125036,499,19709.070002
-633.941754,499,19757.374923
-548.43008,499,19804.302046
-507.173267,499,19851.214268
-548.166172,499,19898.092868
-643.365047,499,19945.012609
-606.451975,499,19993.194986
-570.110545,499,20040.344484
-607.083779,499,20087.430734
-700.473216,499,20134.182557
-512.475683,499,20181.051183
-523.52649,499,20229.093665
-685.625404,499,20276.387823
-558.404246,499,20323.28747
-515.432062,499,20370.19158
-571.788808,499,20416.934124
-633.011,499,20465.081438
-624.924634,499,20511.984023
-674.343503,499,20558.919518
-476.754792,499,20605.83418
-543.200668,499,20652.643356
-566.86077,499,20700.6573
-641.289668,499,20747.550992
-552.193065,499,20794.33161
-536.942309,499,20841.144476
-600.90059,499,20887.841757
-473.202895,499,20936.174231
-588.628134,499,20982.885869
-545.740093,499,21029.584976
-649.012789,499,21076.326439
-596.313417,499,21122.937801
-585.227283,499,21170.945292
-718.276161,499,21217.601381
-611.086945,499,21264.22228
-493.465082,499,21310.915671
-503.421944,499,21357.588207
-649.374415,499,21408.416845
-568.37832,499,21454.937353
-512.235071,499,21501.528403
-584.386567,499,21548.120446
-590.259224,499,21594.570619
-585.279643,499,21642.252629
-613.092746,499,21688.802803
-482.52287,499,21735.176278
-547.678904,499,21781.703702
-514.662374,499,21828.509312
-650.199804,499,21876.144935
-516.252169,499,21922.430605
-510.951614,499,21968.894607
-610.622524,499,22015.379449
-450.27381,499,22061.80789
-505.701631,499,22109.315038
-530.747831,499,22155.90162
-644.558229,499,22202.361676
-571.852748,499,22249.015253
-604.738569,499,22295.66005
-695.980042,499,22343.291641
-555.19033,499,22389.858918
-531.374414,499,22436.228625
-481.704194,499,22482.633696
-584.092299,499,22529.17434
-542.433719,499,22576.736856
-507.792321,499,22623.397515
-540.157573,499,22669.919523
-598.212149,499,22716.315771
-629.346632,499,22763.132011
-558.114454,499,22810.605871
-466.350907,499,22857.172927
-612.572284,499,22903.54179
-519.574346,499,22950.009998
-627.867598,499,22996.713623
-513.816121,499,23044.637857
-537.870573,499,23091.059032
-630.105071,499,23137.636384
-470.291259,499,23184.11853
-529.262749,499,23230.307489
-558.228376,499,23277.807904
-577.728036,499,23324.366575
-577.685553,499,23370.765249
-472.70408,499,23417.419875
-721.42384,499,23463.740214
-529.523502,499,23511.424386
-520.437577,499,23558.181358
-460.08389,499,23604.638679
-588.789547,499,23651.105207
-533.151507,499,23697.544069
-573.569776,499,23747.236558
-542.559296,499,23795.384292
-591.688499,499,23841.912247
-640.527088,499,23888.558222
-557.006105,499,23935.20204
-492.284925,499,23981.650041
-568.592349,499,24029.424928
-495.639939,499,24075.969673
-626.893414,499,24122.78899
-484.497795,499,24169.238185
-492.882758,499,24215.851563
-601.171802,499,24263.509066
-457.84627,499,24309.986279
-520.947514,499,24356.331193
-534.147116,499,24402.738327
-608.618955,499,24448.977592
-594.974191,499,24496.972046
-545.814803,499,24543.576217
-674.95711,499,24590.021215
-551.944733,499,24636.639752
-528.747126,499,24682.990996
-561.134999,499,24730.698476
-579.291501,499,24777.209341
-552.808081,499,24823.770829
-595.16992,499,24870.688441
-514.065667,499,24917.017013
-630.318914,499,24964.689108
-663.567255,499,25011.244458
-529.322121,499,25057.814508
-514.020423,499,25104.41667
-587.297108,499,25150.711906
-517.186752,499,25198.706983
-558.460858,499,25245.247247
-523.806173,499,25292.052245
-547.565211,499,25338.620865
-617.897981,499,25384.901573
-469.269532,499,25432.998969
-519.606768,499,25479.453939
-562.245589,499,25526.242769
-577.841696,499,25572.818849
-573.294881,499,25619.112266
-553.016063,499,25666.972704
-657.850249,499,25713.595058
-523.804107,499,25760.344723
-503.57274,499,25806.949322
-563.828615,499,25853.318082
-567.570034,499,25901.379442
-555.431902,499,25948.105126
-542.065508,499,25994.675567
-583.416482,499,26041.37478
-602.687705,499,26090.87998
-670.971599,499,26139.165393
-519.585658,499,26186.143303
-476.296349,499,26232.838829
-540.542153,499,26279.466755
-522.594342,499,26326.329866
-596.937715,499,26374.233895
-497.818163,499,26420.934968
-490.280576,499,26467.534044
-618.887938,499,26514.2957
-457.754941,499,26560.789543
-522.07896,499,26608.928307
-586.933439,499,26655.774658
-511.042558,499,26702.619625
-557.885901,499,26749.252356
-602.377371,499,26795.78155
-644.649237,499,26843.581414
-535.163554,499,26890.433689
-539.167148,499,26937.106557
-564.334932,499,26983.786121
-571.824123,499,27030.05485
-563.546129,499,27077.710014
-604.210641,499,27124.062917
-602.917696,499,27170.059784
-570.576566,499,27216.197862
-658.180863,499,27262.349866
-496.183534,499,27309.748507
-495.945443,499,27356.324846
-518.707783,499,27402.396125
-559.85197,499,27448.523869
-541.124942,499,27494.558534
-521.379807,499,27542.021673
-580.455493,499,27588.242533
-591.974681,499,27634.759461
-466.931565,499,27681.059576
-536.418809,499,27727.081742
-652.175851,499,27774.497353
-463.444883,499,27820.906676
-583.991207,499,27867.316325
-603.602352,499,27913.736341
-679.353511,499,27959.912945
-508.714739,499,28007.787866
-496.738914,499,28054.104374
-590.904445,499,28100.502074
-555.517775,499,28146.914702
-478.106463,499,28192.809641
-582.280094,499,28240.401142
-632.393869,499,28286.593593
-561.986541,499,28333.193368
-625.523982,499,28379.652004
-507.403586,499,28428.767659
-549.362603,499,28476.469697
-551.727687,499,28522.879242
-560.349903,499,28568.947508
-496.982705,499,28615.442254
-484.173558,499,28661.685297
-570.495459,499,28709.083225
-498.458774,499,28755.279022
-507.870621,499,28801.236101
-510.475645,499,28847.421401
-593.442922,499,28893.33646
-524.210355,499,28941.025194
-554.916137,499,28987.063056
-650.120926,499,29033.591084
-642.037534,499,29080.096604
-507.256847,499,29126.189368
-534.858912,499,29173.725472
-584.008996,499,29219.829672
-564.922909,499,29265.927155
-511.664404,499,29312.299819
-595.083378,499,29358.3175
-618.55238,499,29406.015243
-542.141546,499,29452.199237
-604.247868,499,29498.417962
-512.19161,499,29544.785322
-536.443686,499,29590.582755
-521.145619,499,29638.033822
-577.620777,499,29684.218679
-465.260842,499,29730.093531
-480.665798,499,29776.380253
-619.409371,499,29822.514645
-493.251243,499,29869.977843
-502.935027,499,29916.253539
-516.417151,499,29962.731311
-632.507959,499,30009.053367
-542.471582,499,30054.95387
-542.753014,499,30102.468817
-639.76912,499,30148.601917
-576.206032,499,30194.74649
-513.296356,499,30241.37086
-417.597871,499,30287.291662
-557.845606,499,30334.64295
-544.891658,499,30381.415513
-498.308781,499,30427.308414
-565.903458,499,30473.253887
-596.599879,499,30519.226975
-603.535161,499,30566.850634
-569.785408,499,30612.681525
-478.422114,499,30658.740154
-622.036423,499,30704.973434
-503.714888,499,30754.057308
-577.785173,499,30801.805217
-478.621172,499,30848.102479
-480.718115,499,30894.17778
-574.138125,499,30940.331938
-436.397973,499,30986.365588
-529.286086,499,31033.890839
-510.614282,499,31079.976738
-556.364196,499,31126.118328
-601.787986,499,31172.168911
-451.84637,499,31218.499394
-708.701868,499,31265.908446
-549.277516,499,31312.127221
-514.666382,499,31358.215082
-480.852756,499,31404.301303
-565.638383,499,31450.327019
-497.109563,499,31497.442157
-518.962058,499,31543.466472
-507.104913,499,31589.522113
-589.979513,499,31635.72598
-619.808564,499,31681.730459
-540.35086,499,31729.146205
-489.087553,499,31775.319173
-608.553822,499,31821.472121
-524.733898,499,31867.622119
-586.068762,499,31913.657711
-514.505085,499,31961.390517
-455.531048,499,32007.557873
-593.55005,499,32053.692502
-458.685113,499,32100.130302
-508.495554,499,32146.177444
-540.566379,499,32193.545857
-560.336646,499,32239.39584
-606.260308,499,32285.695526
-535.392858,499,32331.964115
-675.813277,499,32377.970342
-555.046105,499,32425.304893
-497.446897,499,32471.479523
-465.177339,499,32517.484976
-511.197735,499,32563.76184
-529.22124,499,32609.756721
-527.94625,499,32657.266541
-502.358846,499,32703.706047
-611.801599,499,32749.768956
-642.976524,499,32795.956454
-544.963032,499,32842.193262
-470.569531,499,32889.81761
-572.198632,499,32935.877451
-484.047648,499,32982.224037
-553.728828,499,33028.2207
-528.214748,499,33077.181584
-479.925503,499,33124.712302
-602.264006,499,33171.124733
-439.318192,499,33217.259949
-516.43929,499,33263.750729
-522.191738,499,33309.866043
-574.270601,499,33357.418318
-577.694182,499,33403.782291
-554.908812,499,33450.118876
-626.871118,499,33496.353678
-525.807119,499,33542.430167
-516.976923,499,33589.939842
-496.661748,499,33636.169006
-509.171442,499,33682.29851
-534.419168,499,33728.655337
-506.30105,499,33774.529161
-564.128671,499,33822.12938
-569.713129,499,33868.34039
-640.311121,499,33914.510539
-575.655815,499,33960.79661
-443.353056,499,34006.90345
-516.818924,499,34054.427835
-518.971527,499,34100.639729
-596.356709,499,34147.298729
-474.286511,499,34193.511352
-465.316709,499,34239.652217
-617.547894,499,34286.998526
-425.384487,499,34333.163442
-537.987648,499,34379.718982
-565.073848,499,34426.479614
-492.017843,499,34472.892548
-545.065068,499,34520.390785
-619.713954,499,34566.630394
-609.123524,499,34613.061543
-528.169739,499,34659.183692
-540.170523,499,34705.251914
-522.538424,499,34752.83726
-516.931406,499,34799.154275
-536.744534,499,34845.442803
-588.161533,499,34891.485751
-609.003751,499,34937.44074
-561.300908,499,34984.925418
-632.709305,499,35031.149308
-518.731696,499,35077.553196
-494.914766,499,35123.869207
-494.356726,499,35169.891001
-543.706605,499,35217.810773
-515.967363,499,35263.999065
-541.768613,499,35310.317631
-562.052242,499,35356.895737
-568.992204,499,35406.188748
-444.243527,499,35453.564982
-509.917714,499,35500.086199
-603.993511,499,35546.552283
-487.884715,499,35592.813158
-573.58261,499,35639.090433
-575.522081,499,35686.66197
-715.198966,499,35733.130028
-508.735997,499,35779.29566
-498.373492,499,35825.464299
-577.260934,499,35871.755364
-543.846289,499,35919.350603
-526.595444,499,35965.455655
-586.469309,499,36011.731954
-628.126054,499,36058.001869
-547.464413,499,36104.192492
-627.963679,499,36151.826733
-499.362191,499,36198.147304
-476.367253,499,36244.185568
-506.209145,499,36290.339339
-546.309841,499,36336.454157
-471.140513,499,36384.107973
-518.28818,499,36430.455325
-611.324897,499,36476.661887
-553.027153,499,36522.864204
-504.159511,499,36569.200443
-507.185371,499,36616.873172
-578.955345,499,36663.089461
-535.267241,499,36709.644372
-529.147019,499,36756.021969
-670.282038,499,36802.375458
-588.634197,499,36849.844572
-543.830683,499,36895.814301
-523.392908,499,36941.953711
-570.771024,499,36987.947899
-587.031244,499,37034.573659
-492.17105,499,37081.883935
-625.83501,499,37128.233486
-586.240596,499,37174.561508
-531.933195,499,37220.762678
-580.638277,499,37266.931788
-542.564407,499,37314.296411
-513.155712,499,37360.33462
-518.284427,499,37406.684813
-593.495334,499,37452.851921
-473.738361,499,37499.13796
-490.437879,499,37546.710156
-628.239778,499,37593.212713
-482.41438,499,37639.542545
-508.980468,499,37685.689665
-511.981226,499,37735.551693
-621.270188,499,37782.982748
-500.298517,499,37829.63425
-556.076644,499,37876.185604
-633.414343,499,37922.140061
-619.811951,499,37968.771565
-540.342062,499,38016.427988
-477.789737,499,38062.942418
-550.190431,499,38109.368911
-535.953167,499,38155.511869
-509.96215,499,38201.840728
-560.058291,499,38249.621557
-617.385548,499,38295.87499
-581.681043,499,38342.137209
-575.337369,499,38388.179379
-516.208636,499,38434.355055
-622.368823,499,38481.900406
-484.260376,499,38528.518744
-613.155766,499,38574.594651
-508.810337,499,38620.751644
-504.281247,499,38667.324755
-558.396922,499,38714.778345
-442.376857,499,38761.408858
-514.065195,499,38807.984232
-553.799917,499,38854.209547
-562.894208,499,38900.577862
-592.972993,499,38947.763371
-451.425628,499,38993.921777
-734.51883,499,39040.227008
-538.4174,499,39086.344825
-512.529432,499,39132.986445
-430.31421,499,39180.566911
-560.428807,499,39226.992604
-485.829576,499,39273.581791
-533.66236,499,39319.780644
-520.897292,499,39366.056551
-603.031656,499,39413.581662
-626.452146,499,39459.841936
-540.12148,499,39505.995318
-510.599965,499,39552.008056
-575.38149,499,39598.628514
-493.180299,499,39647.902956
-576.265682,499,39695.469305
-536.722554,499,39743.568678
-470.891813,499,39791.492008
-594.212608,499,39839.389858
-440.178868,499,39888.184164
-526.279753,499,39935.461677
-543.158916,499,39983.063149
-563.194735,499,40030.620498
-612.481362,499,40081.118757
-526.679115,499,40128.855335
-653.886158,499,40175.355962
-535.182904,499,40221.439169
-552.473539,499,40267.562451
-450.309818,499,40313.431981
-563.044675,499,40360.68771
-520.537315,499,40407.149666
-569.968074,499,40453.68648
-523.429502,499,40499.652592
-589.882005,499,40545.867294
-671.50583,499,40593.092225
-547.286261,499,40639.218527
-448.088649,499,40685.238106
-569.261127,499,40731.102382
-479.849561,499,40777.641675
-609.676865,499,40825.182224
-521.656631,499,40871.195656
-523.524659,499,40917.523283
-628.229551,499,40963.384639
-441.53729,499,41009.550458
-508.497973,499,41056.762672
-525.015674,499,41103.240268
-545.976622,499,41149.200917
-584.443657,499,41195.042141
-541.585758,499,41241.190789
-637.193833,499,41289.044489
-542.458018,499,41335.329883
-522.967346,499,41381.610529
-519.975786,499,41427.597459
-584.617028,499,41473.949657
-526.111381,499,41521.40852
-536.59477,499,41568.112255
-622.693188,499,41614.179266
-579.014824,499,41660.594653
-660.158448,499,41706.90146
-563.746646,499,41754.467623
-449.884812,499,41800.670943
-526.327478,499,41847.025847
-512.822852,499,41893.085331
-591.922179,499,41939.499411
-520.852278,499,41987.076006
-517.263724,499,42033.112532
-609.040449,499,42079.313178
-496.410565,499,42125.267145
-567.509027,499,42171.285482
-574.170761,499,42219.139999
-485.646734,499,42265.391663
-569.975728,499,42311.773241
-601.662039,499,42358.261624
-620.349898,499,42407.358526
-522.359989,499,42455.076709
-549.358674,499,42501.060636
-540.682063,499,42547.191416
-540.976359,499,42593.282823
-538.212716,499,42639.278481
-563.274705,499,42686.836051
-613.880288,499,42732.783522
-542.190147,499,42779.159445
-591.729624,499,42825.101745
-515.421467,499,42871.307488
-495.860514,499,42918.748361
-521.690073,499,42965.011047
-536.408725,499,43011.064209
-507.78665,499,43057.259331
-548.491062,499,43103.49249
-563.025192,499,43151.01223
-609.977084,499,43197.427157
-465.182117,499,43243.610852
-544.955418,499,43289.650747
-647.19484,499,43335.818512
-464.198521,499,43383.291263
-575.648002,499,43429.799327
-592.191262,499,43476.173732
-685.184611,499,43522.568335
-503.148165,499,43568.473785
-498.659858,499,43615.98315
-599.440435,499,43662.125869
-548.848258,499,43708.294752
-507.474237,499,43754.609094
-609.756144,499,43801.058151
-627.019533,499,43848.702086
-543.10118,499,43894.970334
-618.434711,499,43941.392897
-506.427075,499,43987.455599
-513.774458,499,44033.919814
-513.940389,499,44081.478063
-570.587105,499,44127.870955
-486.136599,499,44173.901253
-513.294348,499,44219.944612
-574.35851,499,44265.935736
-566.155886,499,44313.294621
-498.41634,499,44359.784791
-505.620325,499,44405.963882
-611.909405,499,44452.07864
-516.01325,499,44498.695035
-525.695591,499,44546.449495
-671.706888,499,44592.78551
-637.262846,499,44639.173442
-496.246812,499,44685.098721
-544.213995,499,44734.115284
-566.292398,499,44781.335983
-552.165486,499,44827.648474
-490.45917,499,44873.817508
-582.333124,499,44919.947958
-579.728838,499,44966.286009
-546.851412,499,45013.836455
-671.651699,499,45060.237433
-516.908385,499,45106.222641
-534.931875,499,45152.482706
-531.857559,499,45198.789121
-588.266306,499,45246.279835
-473.221027,499,45292.455329
-481.476721,499,45338.910942
-611.235264,499,45385.345022
-450.112762,499,45431.702051
-522.23484,499,45479.198581
-514.842758,499,45525.663122
-659.130841,499,45571.616472
-513.812417,499,45617.88394
-580.416917,499,45664.443857
-619.648729,499,45712.108106
-595.317605,499,45758.359999
-544.685616,499,45804.337098
-433.196065,499,45851.107248
-548.895358,499,45897.322129
-575.677697,499,45944.656097
-518.504856,499,45990.831045
-567.636602,499,46036.670434
-598.76375,499,46082.798791
-596.788121,499,46129.228509
-606.608236,499,46176.672761
-457.823123,499,46222.966384
-598.657641,499,46269.270069
-505.954781,499,46315.447639
-612.061062,499,46361.787393
-487.139181,499,46409.281151
-515.923297,499,46455.266882
-553.88529,499,46501.510323
-455.313005,499,46548.08007
-524.787531,499,46594.181494
-540.763837,499,46641.393353
-567.737156,499,46687.694621
-589.356134,499,46733.514148
-494.74543,499,46779.697237
-723.972474,499,46825.861556
-556.324597,499,46873.337995
-486.757767,499,46919.263049
-425.478035,499,46965.487057
-565.220571,499,47012.02649
-508.0514,499,47061.723226
-523.930945,499,47108.048087
-513.512767,499,47155.494076
-583.218534,499,47201.697552
-626.540875,499,47247.898787
-548.030148,499,47294.284365
-511.934408,499,47340.723428
-587.167778,499,47388.159379
-550.079138,499,47433.9908
-586.225384,499,47480.427899
-498.142778,499,47526.688434
-500.613291,499,47572.918597
-578.162562,499,47620.618645
-514.347639,499,47667.112424
-541.958062,499,47713.445319
-544.559262,499,47759.906464
-574.19717,499,47806.232674
-610.215766,499,47853.667113
-504.649222,499,47899.731988
-688.270571,499,47946.131745
-527.302781,499,47992.360633
-537.721582,499,48038.77917
-477.751944,499,48086.107169
-581.864981,499,48132.191309
-518.264302,499,48178.265921
-557.073311,499,48224.578439
-507.92949,499,48270.975117
-590.482814,499,48318.927886
-669.240602,499,48365.17377
-559.862928,499,48411.400462
-490.639306,499,48457.532706
-574.494952,499,48503.819619
-484.259028,499,48551.139768
-579.470683,499,48597.161037
-514.194958,499,48643.662902
-529.81431,499,48689.739933
-627.64584,499,48735.98738
-433.100315,499,48783.637815
-528.680527,499,48829.825592
-528.192849,499,48876.110498
-556.739018,499,48922.354452
-582.260034,499,48968.527819
-560.473629,499,49015.914262
-635.169608,499,49062.254211
-551.891705,499,49108.556481
-517.963714,499,49155.034131
-505.486703,499,49201.155976
-548.610697,499,49248.966444
-547.206,499,49295.035011
-519.849242,499,49341.187258
-565.458904,499,49390.973391
-601.44713,499,49437.114614
-649.250615,499,49484.657978
-555.445961,499,49530.617256
-500.221563,499,49577.037595
-522.514627,499,49623.143512
-531.831689,499,49669.300959
-578.099219,499,49716.481354
-530.676467,499,49762.479918
-539.533774,499,49808.984279
-602.357925,499,49855.233777
-476.3076,499,49901.328019
-521.576452,499,49948.778584
-595.71379,499,49995.106541
-605.128952,499,50041.535865
-590.238452,499,50087.776959
-601.336797,499,50133.794747
-627.63724,499,50181.218275
-556.073658,499,50227.014398
-534.665575,499,50273.267282
-634.273279,499,50319.297401
-575.961854,499,50365.265876
-556.73175,499,50412.657153
-555.683428,499,50458.58639
-636.586953,499,50504.448781
-621.221204,499,50550.7746
-611.249059,499,50596.82996
-520.684511,499,50644.150688
-532.966133,499,50689.951852
-551.630885,499,50735.78046
-580.906785,499,50781.907076
-517.779391,499,50827.796717
-517.186699,499,50875.360414
-553.148322,499,50921.307393
-560.37924,499,50967.500721
-456.996408,499,51013.584734
-537.092078,499,51059.612279
-645.236747,499,51106.714729
-482.306983,499,51152.655517
-562.537381,499,51198.855001
-623.922017,499,51245.108863
-675.002032,499,51291.203595
-531.399189,499,51338.478667
-491.570423,499,51384.461686
-587.922927,499,51430.509417
-576.260053,499,51476.432875
-520.037738,499,51522.565153
-606.970296,499,51569.575791
-608.645023,499,51615.303056
-564.45764,499,51660.953731
-628.352639,499,51710.079821
-504.817179,499,51756.421874
-532.786728,499,51803.653391
-515.531036,499,51849.82179
-563.463554,499,51895.97149
-523.324532,499,51942.316551
-502.32324,499,51988.641441
-603.040239,499,52035.865647
-489.594185,499,52082.072311
-511.240039,499,52128.093536
-487.433853,499,52174.305855
-666.50469,499,52220.214233
-572.68306,499,52267.619819
-499.059602,499,52313.416771
-657.998704,499,52359.723483
-625.248205,499,52405.589102
-490.604157,499,52451.94959
-470.878168,499,52499.311146
-548.635784,499,52545.473607
-546.564649,499,52591.449901
-484.378366,499,52637.610073
-563.945554,499,52683.841512
-591.75829,499,52731.389897
-569.747245,499,52777.356111
-614.715232,499,52823.708401
-567.750378,499,52869.816901
-537.042472,499,52916.05138
-549.336736,499,52963.339374
-597.484143,499,53009.439885
-466.938554,499,53055.572603
-487.039125,499,53101.84497
-616.052347,499,53147.753029
-478.284035,499,53195.378762
-522.495382,499,53241.271241
-496.141762,499,53287.320772
-628.916121,499,53333.494731
-528.26005,499,53379.840844
-537.972447,499,53427.229589
-627.198562,499,53473.229907
-609.438756,499,53519.294412
-526.077537,499,53565.69465
-456.888755,499,53611.711951
-539.760931,499,53658.961058
-548.674137,499,53704.961903
-501.312792,499,53751.028812
-558.246053,499,53797.252268
-576.628854,499,53843.292177
-600.607796,499,53890.447909
-581.161919,499,53936.323188
-502.545892,499,53982.246406
-585.371557,499,54031.611185
-545.56805,499,54077.776485
-580.365386,499,54124.833904
-499.170589,499,54170.853159
-493.75964,499,54217.040351
-562.676129,499,54263.124445
-436.759052,499,54309.134792
-511.179821,499,54356.495477
-522.51794,499,54402.515636
-555.632012,499,54448.819156
-612.489031,499,54495.134159
-502.564318,499,54541.32248
-761.684396,499,54588.637557
-564.988836,499,54634.450047
-504.155472,499,54680.967411
-442.016883,499,54727.04498
-552.77838,499,54773.18988
-515.594446,499,54820.609998
-577.249753,499,54866.586762
-504.112801,499,54912.463661
-576.812892,499,54958.431601
-628.212941,499,55004.658315
-583.53594,499,55051.828428
-513.591843,499,55097.687903
-585.035521,499,55143.876072
-511.060668,499,55190.273961
-578.223128,499,55236.499148
-509.239913,499,55283.82484
-498.897655,499,55329.908575
-572.735388,499,55375.996713
-464.168627,499,55422.101562
-513.803437,499,55468.23854
-526.934689,499,55515.660693
-543.895306,499,55561.41391
-638.58585,499,55607.749132
-466.225275,499,55653.864483
-687.014831,499,55699.818993
-549.841095,499,55747.079098
-507.385409,499,55793.162991
-444.789147,499,55839.163893
-558.609394,499,55885.253475
-519.572779,499,55931.389736
-514.43977,499,55978.864534
-497.954116,499,56024.848236
-573.142856,499,56071.121092
-678.432401,499,56117.179663
-560.53323,499,56163.272099
-483.056017,499,56210.455536
-570.552018,499,56256.598265
-496.026473,499,56302.613226
-554.390993,499,56352.193979
-500.932277,499,56398.157139
-467.354794,499,56445.373858
-615.593859,499,56491.495853
-427.657829,499,56537.433924
-529.570621,499,56583.462207
-522.279464,499,56629.646011
-560.571006,499,56676.858851
-585.923253,499,56723.261437
-543.177967,499,56769.462077
-645.0743,499,56815.706268
-563.418548,499,56861.93547
-505.894034,499,56909.433732
-509.304528,499,56955.506131
-504.445686,499,57001.471781
-547.76369,499,57047.781435
-521.466867,499,57093.682138
-593.386124,499,57140.700997
-577.758111,499,57186.808572
-633.992594,499,57232.965868
-546.916591,499,57279.067349
-466.68814,499,57325.006497
-518.898151,499,57372.238053
-522.674753,499,57418.093913
-609.326494,499,57464.243187
-509.40006,499,57510.399122
-476.863322,499,57556.650455
-633.379585,499,57604.162564
-448.720095,499,57649.96393
-519.839097,499,57696.042546
-534.817222,499,57742.485995
-561.417793,499,57788.694201
-596.452183,499,57836.048237
-579.467223,499,57882.105219
-603.36434,499,57928.526192
-564.172952,499,57974.821766
-537.776879,499,58021.056638
-534.73498,499,58068.492248
-561.109691,499,58114.411624
-528.776956,499,58160.791827
-522.933938,499,58206.929005
-623.398346,499,58253.396517
-558.433591,499,58300.853939
-591.536364,499,58346.883703
-525.136587,499,58393.151737
-466.663101,499,58439.161445
-527.946068,499,58484.951214
-544.880419,499,58532.103276
-518.435001,499,58578.263546
-537.92421,499,58624.472554
-528.892178,499,58673.824299
-611.342842,499,58720.532173
-446.664076,499,58767.975083
-529.080859,499,58813.763417
-603.390243,499,58860.380999
-488.384117,499,58906.734437
-585.696184,499,58953.150649
-589.350572,499,59000.358038
-694.184104,499,59046.200062
-525.441929,499,59092.36622
-499.595016,499,59138.403692
-579.641099,499,59184.340636
-549.408329,499,59231.642694
-536.630071,499,59277.84388
-592.11714,499,59324.005622
-653.618244,499,59370.436121
-535.782854,499,59416.549266
-619.783257,499,59463.898011
-529.123444,499,59509.864709
-479.326597,499,59556.168466
-491.159919,499,59602.280332
-541.230659,499,59648.503612
-491.506674,499,59696.245455
-502.624773,499,59741.942319
-590.747776,499,59788.237514
-534.676564,499,59834.322411
-494.729243,499,59880.218555
-501.859951,499,59927.619476
-573.83905,499,59973.663729
-503.267408,499,60020.026364
-553.103672,499,60066.078248
-628.134003,499,60112.131988
-651.692011,499,60159.430674
-490.023466,499,60205.884114
-546.448905,499,60251.899678
-578.312359,499,60297.964039
-589.687089,499,60344.107813
-509.664843,499,60391.82388
-593.743105,499,60437.691611
-574.354138,499,60484.112495
-538.35712,499,60530.177448
-623.399767,499,60576.343526
-509.365584,499,60623.675969
-528.258788,499,60669.438741
-509.848339,499,60715.507964
-574.610473,499,60761.584031
-461.177951,499,60807.576349
-546.908227,499,60854.920621
-597.07386,499,60900.991569
-509.548416,499,60947.168122
-536.917923,499,60996.524853
-495.418435,499,61042.883632
-628.982723,499,61090.195678
-516.736819,499,61136.365113
-559.006875,499,61182.49604
-635.21926,499,61228.558592
-604.827666,499,61274.43397
-546.499994,499,61321.681389
-446.732958,499,61367.641645
-562.204271,499,61413.877496
-575.651629,499,61459.956772
-504.843338,499,61506.061816
-574.883788,499,61553.506899
-571.568177,499,61599.682422
-580.762025,499,61645.844012
-560.287986,499,61692.331874
-510.600723,499,61738.302135
-562.865196,499,61785.80626
-552.389475,499,61831.909393
-553.989957,499,61878.093657
-472.13841,499,61924.245944
-501.89149,499,61970.314979
-596.129714,499,62017.763652
-458.905194,499,62064.249716
-527.278485,499,62110.311832
-544.634271,499,62156.335299
-586.582895,499,62202.378934
-582.454849,499,62249.798496
-478.759574,499,62295.852184
-706.30702,499,62342.278778
-539.949912,499,62388.610018
-515.864617,499,62434.776494
-441.316876,499,62482.430189
-581.031522,499,62528.511767
-484.473729,499,62574.716991
-548.129647,499,62621.324188
-521.340188,499,62667.209701
-587.4705,499,62714.581506
-612.888974,499,62760.677248
-563.257659,499,62806.857392
-505.518824,499,62853.162144
-570.339927,499,62899.370679
-513.024664,499,62946.809192
-565.060977,499,62992.945912
-503.135331,499,63039.339331
-497.281869,499,63085.377913
-579.395539,499,63131.664231
-459.936381,499,63179.047257
-498.550983,499,63225.105443
-525.996036,499,63271.466933
-605.609131,499,63320.890234
-631.323782,499,63367.12152
-487.08932,499,63414.492469
-709.383577,499,63460.275078
-559.79107,499,63506.468071
-515.237906,499,63553.041409
-462.847103,499,63599.338313
-537.763876,499,63646.78292
-497.668068,499,63693.024245
-510.751326,499,63738.991274
-523.086446,499,63785.132177
-592.224013,499,63831.517115
-653.936478,499,63878.836104
-563.159235,499,63925.017074
-474.525236,499,63971.001451
-566.318993,499,64017.202434
-514.159143,499,64063.347824
-545.165723,499,64110.75332
-516.283924,499,64156.805014
-474.188456,499,64203.028317
-594.387003,499,64249.238091
-451.670003,499,64295.410725
-515.165558,499,64342.46664
-515.923229,499,64388.777099
-559.558628,499,64435.029032
-604.557424,499,64480.972026
-553.014109,499,64527.044952
-628.237351,499,64574.669936
-548.291281,499,64620.861085
-525.089031,499,64667.154528
-513.04206,499,64713.085847
-518.165256,499,64759.844781
-530.781879,499,64807.178256
-519.329291,499,64853.400362
-579.390437,499,64899.59019
-586.027845,499,64946.048822
-662.859811,499,64992.155517
-600.435079,499,65039.398682
-510.718798,499,65085.515988
-519.729359,499,65131.56339
-504.684248,499,65177.607169
-582.092642,499,65223.858347
-474.427851,499,65271.035589
-481.941615,499,65317.139851
-619.826561,499,65363.740848
-433.598985,499,65409.751298
-515.201664,499,65456.205684
-558.164771,499,65503.509325
-534.831659,499,65549.663032
-578.270666,499,65595.974862
-591.516125,499,65645.44963
-615.686975,499,65692.068932
-551.890581,499,65739.281294
-531.606864,499,65785.432555
-521.151919,499,65831.767555
-519.774759,499,65878.124569
-539.506221,499,65924.461011
-571.641236,499,65971.96566
-606.404384,499,66018.624005
-536.943764,499,66064.736776
-585.467001,499,66110.917061
-512.590508,499,66157.080374
-462.447669,499,66204.334116
-500.141334,499,66250.391394
-543.871631,499,66296.657017
-502.71835,499,66343.08253
-525.916912,499,66389.255016
-532.98526,499,66436.662024
-598.157685,499,66482.969008
-462.115494,499,66529.236585
-539.205814,499,66575.317629
-616.831793,499,66621.48526
-471.009613,499,66668.576324
-611.262204,499,66714.693713
-600.472635,499,66760.846411
-663.574591,499,66807.124166
-496.404857,499,66853.671589
-504.217825,499,66900.928687
-561.207583,499,66947.032929
-578.187357,499,66993.388949
-515.48362,499,67039.698065
-582.70299,499,67085.914089
-629.605801,499,67133.082472
-546.655998,499,67179.559676
-633.096656,499,67225.698597
-524.701295,499,67271.833689
-516.365577,499,67317.77877
-499.199128,499,67364.882412
-576.121963,499,67410.9855
-495.964923,499,67457.337462
-516.123762,499,67503.636181
-577.782701,499,67549.706985
-562.647952,499,67597.172344
-510.432802,499,67643.311892
-544.760706,499,67689.433493
-610.303634,499,67735.529879
-485.701597,499,67781.736521
-548.473591,499,67830.074063
-636.94672,499,67878.596537
-713.422446,499,67926.8712
-517.490025,499,67978.784834
-522.823633,499,68027.642078
-591.90409,499,68077.804952
-591.679595,499,68126.523978
-515.30262,499,68175.316373
-557.09677,499,68224.452856
-573.456803,499,68273.654434
-555.921793,499,68324.205085
-606.55979,499,68373.219331
-516.386724,499,68422.430191
-557.835281,499,68471.901229
-508.976314,499,68521.190478
-596.394676,499,68572.065616
-456.24775,499,68621.665376
-493.229719,499,68671.142068
-607.743471,499,68720.739527
-496.939397,499,68770.634294
-519.508105,499,68821.84577
-486.382843,499,68871.779632
-638.684807,499,68922.094828
-532.269041,499,68972.50368
-536.0651,499,69022.670038
-614.434357,499,69074.284689
-634.442678,499,69124.392286
-531.620813,499,69174.475057
-465.681963,499,69224.430774
-568.590165,499,69274.707933
-584.942861,499,69326.092496
-503.991126,499,69376.125077
-563.925433,499,69426.546106
-579.93225,499,69476.658877
-577.911375,499,69526.719344
-605.807329,499,69578.269833
-485.777807,499,69628.645677
-572.632026,499,69679.090435
-584.249087,499,69729.329132
-560.44824,499,69779.495131
-497.24326,499,69831.194469
-470.239872,499,69881.493603
-586.679314,499,69931.697119
-458.471236,499,69982.03809
-530.072797,499,70032.511676
-515.441036,499,70084.134965
-588.215926,499,70134.551866
-549.937284,499,70184.831948
-474.268787,499,70234.812817
-704.014237,499,70285.354055
-587.570772,499,70337.329549
-509.774484,499,70387.864568
-451.930356,499,70438.12196
-552.016373,499,70492.317877
-493.070752,499,70543.207893
-525.956716,499,70593.381718
-525.277009,499,70645.691302
-577.28677,499,70696.36393
-600.930555,499,70746.929784
-560.369297,499,70797.547827
-533.969724,499,70847.591208
-590.884379,499,70899.908321
-535.963014,499,70950.27662
-548.378828,499,71001.201401
-481.2568,499,71051.884787
-469.676003,499,71102.282094
-585.424476,499,71154.568062
-446.475219,499,71205.292305
-511.035761,499,71255.901547
-527.84042,499,71306.133523
-578.041428,499,71356.617938
-610.744987,499,71408.879741
-475.648295,499,71459.808664
-697.393448,499,71510.681987
-556.748805,499,71560.981202
-506.553048,499,71611.7056
-453.057037,499,71664.153829
-537.906909,499,71714.632216
-518.047544,499,71765.319532
-518.080853,499,71815.760277
-517.08564,499,71866.449085
-578.66266,499,71918.848517
-646.200277,499,71969.464067
-540.282771,499,72020.322156
-483.844929,499,72070.780119
-570.508838,499,72121.461809
-513.831777,499,72173.414638
-531.854928,499,72224.139399
-491.140285,499,72274.744972
-487.691466,499,72325.430018
-600.061299,499,72376.050156
-444.465078,499,72428.495083
-496.570528,499,72479.256362
-529.252083,499,72529.959668
-563.454284,499,72580.60463
-579.993741,499,72631.10331
-540.598124,499,72683.385364
-618.800651,499,72733.895872
-511.017997,499,72784.761562
-523.641732,499,72835.544875
-500.969234,499,72886.516434
-508.217867,499,72938.942088
-536.36855,499,72989.832106
-509.488636,499,73044.785187
-534.913631,499,73095.524672
-572.344302,499,73146.113966
-627.343674,499,73198.201707
-570.35051,499,73249.152698
-481.038213,499,73299.968569
-552.772454,499,73350.541756
-497.678375,499,73401.46923
-590.890642,499,73453.949488
-466.619246,499,73505.047558
-464.811896,499,73555.901021
-632.553568,499,73606.454375
-434.3468,499,73656.776892
-532.256157,499,73708.818121
-539.128373,499,73758.864311
-571.010934,499,73809.026387
-570.331878,499,73859.189497
-600.177256,499,73909.511701
-627.497552,499,73961.740376
-570.405817,499,74012.042053
-519.004577,499,74062.480598
-517.210802,499,74112.578144
-543.416296,499,74162.624254
-542.899738,499,74214.468098
-503.605395,499,74263.890868
-595.719505,499,74313.328351
-573.475732,499,74361.991633
-596.338392,499,74410.752614
-542.079935,499,74460.860344
-459.417346,499,74509.206881
-488.235265,499,74557.678144
-553.401325,499,74605.882246
-522.674789,499,74654.330115
-518.973461,499,74703.473541
-496.887393,499,74750.804226
-609.209635,499,74797.180942
-468.232385,499,74843.335198
-516.497749,499,74889.625019
-577.213575,499,74937.32319
-484.3028,499,74983.476154
-543.593909,499,75029.999101
-596.623375,499,75075.995145
-649.038402,499,75122.437317
-493.710797,499,75169.789769
-508.439345,499,75216.144345
-580.400557,499,75262.438502
-535.473545,499,75308.43546
-527.1143,499,75354.711805
-598.225156,499,75402.101407
-589.028378,499,75448.382296
-524.578976,499,75498.312931
-650.141918,499,75544.493702
-507.363877,499,75590.672613
-494.526871,499,75638.32712
-495.026086,499,75684.466926
-600.04523,499,75730.447425
-491.708969,499,75776.53975
-513.607553,499,75822.807388
-562.136845,499,75870.112965
-565.546577,499,75916.19968
-477.645135,499,75962.467194
-548.486469,499,76008.839746
-569.220485,499,76054.941173
-543.328883,499,76102.277392
-544.295353,499,76148.034571
-622.918437,499,76194.437987
-642.108683,499,76240.597833
-485.721457,499,76286.950494
-508.966504,499,76334.174446
-567.834424,499,76380.571038
-555.479702,499,76426.675497
-491.739742,499,76472.655199
-589.846255,499,76519.164419
-629.521251,499,76566.594995
-559.557801,499,76612.829393
-611.397368,499,76659.101575
-527.632917,499,76705.614671
-515.395019,499,76751.67269
-537.784491,499,76799.023706
-575.553572,499,76845.358649
-447.886779,499,76891.529739
-490.05661,499,76937.705271
-595.313623,499,76983.830507
-508.029193,499,77031.594572
-526.169084,499,77078.059863
-516.725768,499,77124.098793
-610.295826,499,77170.008281
-527.306278,499,77216.251115
-548.393798,499,77263.686922
-631.024535,499,77310.123155
-673.347789,499,77356.694493
-516.630634,499,77403.06812
-453.261327,499,77449.660519
-551.772774,499,77497.669582
-539.142509,499,77543.516081
-539.679332,499,77589.858734
-578.044595,499,77635.910615
-592.052871,499,77681.966169
-587.488541,499,77729.279694
-599.980647,499,77775.663418
-498.625763,499,77825.334392
-559.823856,499,77871.435123
-536.483247,499,77917.561081
-552.719525,499,77965.046157
-482.183049,499,78011.159927
-521.122108,499,78057.327169
-606.448233,499,78103.742393
-436.3956,499,78151.9834
-522.080015,499,78201.3435
-544.206304,499,78250.31718
-622.483145,499,78299.08757
-513.80438,499,78347.711851
-542.775711,499,78396.46011
-723.798044,499,78446.814734
-553.159431,499,78495.59764
-498.366898,499,78544.247965
-447.882173,499,78593.040314
-562.319847,499,78641.884661
-504.834147,499,78692.16512
-510.038938,499,78740.995028
-525.06489,499,78789.592826
-579.85565,499,78838.533763
-610.305301,499,78887.287117
-560.027428,499,78937.567834
-513.675661,499,78986.344623
-611.021233,499,79034.957343
-503.537784,499,79083.672738
-564.936068,499,79132.552908
-498.23129,499,79182.680868
-497.325609,499,79231.484697
-574.670786,499,79280.003345
-452.486804,499,79328.736893
-507.227172,499,79377.481965
-554.375493,499,79427.672869
-604.465242,499,79476.394675
-623.65157,499,79525.070195
-491.198132,499,79573.794577
-725.156057,499,79622.611995
-575.530844,499,79673.019949
-504.03949,499,79721.780252
-454.778959,499,79770.385307
-551.60218,499,79819.190622
-511.286474,499,79868.077281
-525.788132,499,79918.271191
-495.844426,499,79967.03234
-612.010275,499,80015.492204
-635.481786,499,80064.268981
-530.671153,499,80112.993342
-494.004774,499,80163.156176
-587.063207,499,80212.034579
-503.957821,499,80264.169873
-544.883217,499,80313.023317
-516.89388,499,80361.946843
-474.661123,499,80412.328214
-609.695783,499,80461.11694
-426.80761,499,80509.66807
-483.56909,499,80558.376066
-525.884131,499,80607.081222
-567.085059,499,80657.316758
-600.422941,499,80706.020266
-559.746773,499,80754.531853
-626.555454,499,80803.365229
-518.400614,499,80852.209132
-559.775509,499,80902.525458
-465.665739,499,80951.348255
-534.362906,499,80999.941071
-514.563424,499,81048.818881
-506.228182,499,81097.526772
-539.996167,499,81147.813801
-604.882881,499,81196.46635
-653.457311,499,81245.132261
-555.277388,499,81294.021573
-533.538943,499,81342.683211
-568.483892,499,81392.884277
-509.316529,499,81441.585268
-589.641646,499,81490.093722
-456.701268,499,81538.938226
-500.840299,499,81587.757359
-622.934964,499,81638.092273
-446.359476,499,81687.014343
-505.828312,499,81735.467284
-550.723481,499,81784.140672
-562.844146,499,81832.780724
-591.766469,499,81883.040723
-605.206443,499,81931.831529
-610.121386,499,81980.499752
-544.073646,499,82029.18641
-513.237526,499,82077.935898
-528.286364,499,82128.071118
-533.63415,499,82176.707157
-530.097303,499,82225.258275
-493.604362,499,82274.009739
-623.682377,499,82322.655562
-575.028809,499,82372.502815
-578.144234,499,82421.114584
-566.181456,499,82469.549297
-452.534928,499,82518.125738
-512.644646,499,82566.873767
-538.333979,499,82616.893414
-543.329675,499,82665.57394
-522.96922,499,82717.79235
-475.204995,499,82766.601929
-596.039579,499,82815.192881
-442.247042,499,82865.306251
-513.476297,499,82914.112202
-599.443227,499,82962.639974
-507.202978,499,83011.174075
-573.480829,499,83059.740429
-617.757844,499,83109.906742
-638.689908,499,83158.413887
-514.576824,499,83206.746093
-497.669254,499,83255.185113
-586.608349,499,83303.69093
-552.228775,499,83353.661775
-513.17254,499,83402.133874
-572.893058,499,83450.327155
-577.937121,499,83498.915043
-533.793155,499,83547.448039
-659.09382,499,83597.306294
-502.373045,499,83645.961339
-489.78965,499,83694.185334
-468.181595,499,83742.569629
-557.876001,499,83790.995972
-483.38092,499,83840.816213
-524.849428,499,83889.362723
-573.766537,499,83937.530917
-543.958948,499,83985.991184
-493.896984,499,84034.629169
-555.362306,499,84084.453729
-568.760137,499,84132.841851
-496.231415,499,84181.015595
-549.562139,499,84229.497448
-620.804561,499,84277.832345
-653.36735,499,84327.690075
-510.840677,499,84376.092924
-516.690188,499,84424.39086
-579.234867,499,84472.94579
-572.312388,499,84521.421872
-464.059025,499,84571.29519
-579.416707,499,84619.774912
-613.965124,499,84668.108471
-517.030938,499,84716.56099
-600.890606,499,84764.854479
-503.798572,499,84814.702488
-575.961219,499,84863.146419
-524.458984,499,84911.667783
-568.676751,499,84960.194515
-470.7123,499,85008.63697
-511.386407,499,85058.51892
-585.019601,499,85106.906388
-533.622898,499,85158.701194
-508.428853,499,85207.95785
-496.580425,499,85256.218692
-655.90007,499,85306.264477
-515.861677,499,85354.649931
-539.14811,499,85402.853169
-653.213477,499,85451.297803
-616.240588,499,85499.782099
-532.827945,499,85549.698361
-471.137996,499,85598.469397
-576.974513,499,85647.119957
-576.723239,499,85695.861537
-510.573427,499,85744.591187
-571.403903,499,85794.720682
-587.929335,499,85843.568735
-570.322637,499,85892.170222
-571.418101,499,85940.908
-509.524763,499,85989.712152
-563.291082,499,86039.856949
-532.936507,499,86088.323982
-537.968701,499,86136.69984
-478.056066,499,86184.963659
-510.346218,499,86233.250368
-599.218076,499,86283.076773
-469.734622,499,86331.504771
-530.268332,499,86379.638873
-510.95862,499,86428.267458
-595.157252,499,86476.925732
-503.896175,499,86527.231259
-550.86475,499,86576.225199
-705.253676,499,86624.605856
-551.136366,499,86673.457616
-498.060748,499,86722.373356
-468.945515,499,86772.613433
-570.716513,499,86821.33217
-533.020032,499,86870.003755
-503.407881,499,86918.865555
-550.921121,499,86967.654116
-592.497175,499,87018.058188
-598.960673,499,87066.858863
-532.63216,499,87115.308096
-498.374302,499,87164.021631
-599.325245,499,87212.598449
-516.406642,499,87263.077315
-592.33119,499,87311.859712
-481.760487,499,87360.407921
-495.725632,499,87409.274026
-573.26954,499,87458.02692
-474.221679,499,87508.3016
-511.986674,499,87557.150284
-526.972591,499,87609.782082
-578.649824,499,87658.423606
-628.738018,499,87707.07374
-447.978112,499,87757.418395
-714.113225,499,87805.96846
-561.001849,499,87854.601164
-494.046418,499,87903.112324
-442.727464,499,87951.588455
-548.431816,499,88001.351052
-523.86996,499,88049.746253
-520.60783,499,88098.036869
-492.815326,499,88146.371871
-593.562774,499,88194.737528
-629.202158,499,88244.407533
-566.99094,499,88292.917892
-515.806397,499,88341.261254
-578.93881,499,88389.591018
-505.964614,499,88438.128931
-558.301861,499,88487.825732
-507.675204,499,88536.356186
-493.805311,499,88584.772583
-604.046137,499,88633.407889
-437.115363,499,88681.943103
-506.769654,499,88731.92064
-556.490139,499,88780.371169
-572.145533,499,88828.919054
-614.472433,499,88877.695662
-547.779016,499,88926.42828
-671.59062,499,88976.551881
-566.859536,499,89024.994975
-501.680937,499,89073.539238
-492.520746,499,89122.192368
-548.312127,499,89170.949964
-538.528398,499,89221.171731
-515.45104,499,89269.652639
-535.707188,499,89318.305597
-595.554488,499,89367.021651
-695.928441,499,89415.60057
-539.195991,499,89465.579346
-475.327206,499,89513.796481
-585.371469,499,89562.488649
-497.594761,499,89611.16596
-571.814522,499,89659.480423
-494.027932,499,89709.610342
-476.213615,499,89758.047273
-632.274885,499,89806.629682
-440.444204,499,89855.20846
-506.788832,499,89903.781867
-525.474739,499,89953.859045
-547.989039,499,90002.267246
-613.288528,499,90054.508131
-563.79586,499,90102.92945
-611.836651,499,90151.610926
-546.671491,499,90201.645244
-496.197559,499,90250.146496
-533.896845,499,90298.383176
-490.121015,499,90347.096262
-549.280238,499,90395.630498
-476.495373,499,90445.849616
-610.052881,499,90494.062995
-550.436327,499,90542.743754
-616.086667,499,90591.390376
-555.294548,499,90639.933144
-492.571619,499,90689.784582
-515.523931,499,90737.960667
-538.093806,499,90786.485129
-557.627469,499,90835.203475
-486.370798,499,90883.715991
-493.671938,499,90933.592118
-630.282631,499,90981.8361
-446.560071,499,91030.373294
-505.461154,499,91078.949392
-562.379127,499,91127.512574
-542.682205,499,91177.472744
-566.925964,499,91225.789539
-616.237368,499,91274.452033
-626.03088,499,91323.007962
-494.527471,499,91371.334189
-512.345345,499,91421.470789
-556.159072,499,91469.218683
-509.336593,499,91517.807356
-545.260622,499,91566.446511
-549.387996,499,91615.10113
-595.314521,499,91665.097541
-537.802809,499,91713.269731
-653.653685,499,91761.702024
-509.625767,499,91810.348346
-483.11266,499,91858.91588
-486.836834,499,91909.013282
-597.152082,499,91957.73722
-505.843451,499,92006.388193
-536.411665,499,92054.893262
-547.684864,499,92103.707155
-545.48855,499,92153.810591
-454.344451,499,92202.390649
-542.341402,499,92251.103046
-580.782182,499,92299.874107
-499.447337,499,92348.643886
-548.53051,499,92398.918145
-621.428134,499,92447.525459
-637.164696,499,92500.242854
-504.975981,499,92548.886413
-530.283323,499,92597.599644
-588.981649,499,92647.723972
-523.516892,499,92696.345636
-503.585681,499,92745.089405
-529.214084,499,92793.750162
-634.724439,499,92842.466488
-525.105349,499,92892.543401
-615.988594,499,92940.922119
-524.86669,499,92989.490978
-487.4587,499,93038.199588
-519.619867,499,93086.865409
-562.605792,499,93136.971215
-473.61429,499,93185.012857
-559.131941,499,93233.60884
-581.155881,499,93282.021757
-548.998206,499,93330.618105
-525.405139,499,93380.773247
-511.044052,499,93428.838255
-599.825068,499,93477.541957
-497.426445,499,93526.048718
-561.212193,499,93574.873615
-650.371892,499,93624.915805
-593.392879,499,93673.168304
-528.748814,499,93721.849245
-551.471882,499,93770.588104
-589.487763,499,93819.382909
-578.477699,499,93869.216074
-537.078193,499,93917.705251
-593.92109,499,93966.417252
-593.607312,499,94014.708548
-571.085749,499,94062.17619
-571.254509,499,94111.341039
-512.468497,499,94158.953117
-518.588225,499,94207.018424
-557.180389,499,94254.703443
-523.896744,499,94302.151618
-473.8558,499,94351.810359
-489.4873,499,94399.873945
-622.63855,499,94448.001293
-476.251482,499,94496.111258
-510.498829,499,94544.332329
-514.869725,499,94594.17196
-601.202591,499,94642.117532
-482.999539,499,94690.880186
-552.178096,499,94739.036156
-701.902296,499,94787.776451
-536.9726,499,94837.570478
-515.826178,499,94885.407841
-483.365625,499,94937.857357
-545.536442,499,94986.716582
-535.193785,499,95035.404219
-565.717165,499,95083.622534
-565.865847,499,95133.59218
-606.961329,499,95181.952507
-598.445436,499,95230.478878
-528.105828,499,95278.78989
-488.542922,499,95327.379123
-609.346705,499,95377.127499
-523.226724,499,95425.703655
-563.555336,499,95473.903153
-482.396074,499,95522.619042
-533.220447,499,95571.044407
-582.04472,499,95621.005147
-457.320805,499,95669.477299
-513.540186,499,95717.568863
-519.607886,499,95766.374761
-588.48934,499,95814.586699
-613.478017,499,95864.454623
-499.18373,499,95913.037469
-727.897569,499,95961.484937
-556.567331,499,96009.767792
-487.049526,499,96058.267771
-464.594565,499,96108.023721
-551.395066,499,96156.500484
-519.757051,499,96205.237871
-520.61239,499,96253.406273
-527.596878,499,96302.026854
-592.950351,499,96351.795946
-648.554128,499,96400.121545
-535.642014,499,96448.5578
-537.929997,499,96497.116237
-603.226842,499,96545.433213
-503.969391,499,96595.28655
-563.979622,499,96643.641285
-504.521487,499,96692.114061
-481.460499,499,96740.682078
-604.219981,499,96789.018311
-435.762342,499,96838.839039
-489.152073,499,96887.341636
-534.13113,499,96935.492556
-595.135335,499,96984.011
-574.220427,499,97032.360184
-532.723323,499,97082.047371
-629.391572,499,97130.46867
-552.368489,499,97179.04401
-494.328697,499,97227.756628
-509.684936,499,97276.02222
-549.718466,499,97325.66227
-517.448002,499,97377.720448
-522.125144,499,97426.578232
-519.373987,499,97475.001179
-595.035015,499,97523.272485
-667.429666,499,97572.970341
-531.855449,499,97621.399691
-528.076537,499,97669.560639
-584.018314,499,97717.855094
-526.14852,499,97766.192733
-584.420737,499,97815.888616
-492.015025,499,97864.30376
-460.347318,499,97912.466972
-609.240543,499,97960.773217
-430.422192,499,98009.298119
-500.191726,499,98058.839725
-546.624938,499,98107.461995
-556.002975,499,98155.960052
-580.523944,499,98204.251996
-543.50364,499,98252.645703
-630.411316,499,98302.169772
-560.027497,499,98351.019365
-467.630334,499,98399.860467
-515.135967,499,98448.396065
-498.019696,499,98497.12095
-534.542494,499,98546.908152
-517.632013,499,98595.888639
-592.698706,499,98644.601337
-560.559132,499,98693.35972
-629.402487,499,98742.063123
-545.783791,499,98792.005232
-483.744942,499,98840.721573
-523.1135,499,98889.223519
-533.238788,499,98937.895134
-570.734081,499,98986.521658
-482.342818,499,99036.495709
-449.405106,499,99085.194478
-581.65168,499,99133.852728
-445.870813,499,99182.450159
-506.353134,499,99231.113282
-575.343667,499,99281.182242
-501.824049,499,99329.662102
-570.315503,499,99378.337279
-621.874746,499,99427.11009
-645.186648,499,99475.764505
-502.216584,499,99525.926693
-522.903733,499,99574.756914
-572.133338,499,99623.492608
-505.672513,499,99672.15861
-507.145969,499,99720.866352
-524.920502,499,99770.800613
-589.121659,499,99823.258759
-567.129453,499,99872.112724
-665.187868,499,99920.852892
-501.942906,499,99969.359175
-472.672699,499,100019.649449
-513.413275,499,100068.323123
-541.490059,499,100117.093074
-504.613547,499,100165.81899
-531.575168,499,100214.332557
-569.419514,499,100264.487097
-543.816023,499,100313.348614
-443.371675,499,100362.172393
-557.874184,499,100410.96807
-559.531875,499,100459.657617
-541.00579,499,100509.81648
-550.596336,499,100558.706203
-607.376328,499,100607.460874
-635.726624,499,100656.07287
-517.047144,499,100704.654333
-487.944862,499,100754.841184
-611.856008,499,100803.500928
-513.18903,499,100852.114829
-539.719688,499,100900.876818
-538.318661,499,100949.285257
-604.517828,499,100999.228506
-541.08902,499,101047.49559
-633.501475,499,101096.064054
-488.779938,499,101144.476263
-486.428346,499,101192.59338
-503.56363,499,101242.342665
-556.947459,499,101290.703301
-505.256618,499,101339.30874
-500.031741,499,101387.802188
-581.381607,499,101435.859648
-538.150507,499,101485.472229
-515.56634,499,101533.766187
-529.845851,499,101582.275852
-597.819165,499,101630.790916
-510.444537,499,101679.315241
-546.543102,499,101729.208808
-634.332822,499,101777.569085
-582.709328,499,101825.825835
-514.372122,499,101874.203786
-514.72158,499,101922.498253
-584.592115,499,101972.662357
-582.506923,499,102021.175342
-532.304066,499,102069.44544
-607.437773,499,102117.858351
-569.857098,499,102166.220329
-593.788395,499,102215.968608
-559.644907,499,102268.525591
-509.85421,499,102316.96556
-510.852861,499,102365.378786
-500.721323,499,102413.60973
-573.338862,499,102463.353064
-488.140338,499,102511.413569
-511.79498,499,102559.347548
-607.253141,499,102606.797632
-485.816145,499,102654.143977
-516.01796,499,102703.101849
-512.7321,499,102750.791371
-614.151455,499,102798.777567
-477.418546,499,102846.580735
-546.503959,499,102894.448888
-700.647242,499,102944.113494
-595.432654,499,102992.178542
-537.340068,499,103040.232157
-499.491859,499,103088.645188
-561.443185,499,103137.0565
-577.255526,499,103186.712343
-550.383778,499,103234.852453
-546.35551,499,103283.152111
-621.346141,499,103331.622046
-630.44407,499,103379.50076
-519.306205,499,103429.284593
-472.890741,499,103477.938907
-570.550026,499,103526.237736
-498.57571,499,103574.439998
-565.382176,499,103622.534058
-478.528157,499,103672.492484
-526.577071,499,103720.725823
-561.508077,499,103769.091155
-484.478796,499,103817.616268
-515.861007,499,103865.758171
-531.772836,499,103915.332221
-616.118404,499,103963.560212
-578.069803,499,104012.328539
-458.836451,499,104061.086269
-736.522167,499,104109.580208
-542.074256,499,104159.741667
-498.610253,499,104208.408309
-490.276156,499,104256.898156
-596.388349,499,104305.101885
-501.817459,499,104353.194189
-531.801426,499,104402.715113
-506.634928,499,104450.933444
-602.433675,499,104499.073414
-621.94772,499,104547.122753
-540.705051,499,104595.086909
-485.00692,499,104644.804251
-554.233068,499,104697.02783
-509.987046,499,104745.100972
-559.085752,499,104793.195191
-496.570482,499,104841.041461
-497.691146,499,104890.534862
-609.707101,499,104938.887251
-465.922657,499,104986.944441
-496.970599,499,105035.014648
-576.634172,499,105082.847376
-616.878762,499,105132.54963
-599.292684,499,105180.834413
-539.37747,499,105229.256818
-666.415754,499,105277.450576
-562.634099,499,105325.561714
-492.721803,499,105374.97338
-501.602606,499,105423.353633
-508.760204,499,105471.660058
-478.488115,499,105519.853404
-526.592351,499,105567.72709
-514.937364,499,105617.65551
-599.381847,499,105665.948454
-648.662919,499,105714.293001
-521.768093,499,105762.467185
-502.031652,499,105810.537002
-586.475344,499,105860.366857
-532.03748,499,105908.48387
-541.844242,499,105956.840149
-504.927866,499,106005.013491
-479.737259,499,106053.111701
-605.417983,499,106102.934899
-420.484759,499,106150.992617
-476.380205,499,106199.146519
-535.007037,499,106247.37992
-547.556302,499,106295.164427
-595.473828,499,106344.951844
-515.554973,499,106393.076464
-680.120676,499,106441.675204
-548.062123,499,106490.218582
-473.304492,499,106538.682277
-556.817578,499,106588.833988
-524.10248,499,106637.235928
-521.852209,499,106685.516776
-557.994914,499,106733.695172
-570.973034,499,106781.352484
-559.856293,499,106830.652729
-671.088807,499,106878.827916
-536.160996,499,106927.007311
-464.94701,499,106975.100646
-532.431719,499,107023.010495
-521.293576,499,107072.637861
-586.411671,499,107124.737921
-495.776051,499,107173.208389
-487.430134,499,107221.625387
-565.903074,499,107269.458547
-476.271279,499,107318.940633
-496.816748,499,107367.156067
-572.892492,499,107415.336306
-501.026501,499,107463.462586
-604.267833,499,107511.470034
-669.002585,499,107561.224457
-611.044774,499,107609.665253
-511.731218,499,107657.845399
-510.887266,499,107706.146931
-562.23016,499,107754.20886
-484.436269,499,107803.988867
-542.933585,499,107852.39832
-558.140487,499,107901.07153
-581.81132,499,107949.734581
-546.145142,499,107998.241663
-646.965588,499,108048.366129
-493.094032,499,108097.043179
-463.737279,499,108145.765791
-517.598154,499,108194.568033
-545.869202,499,108242.93784
-493.465965,499,108292.738144
-514.499372,499,108341.184622
-550.739541,499,108389.144276
-547.680819,499,108437.051791
-449.336488,499,108485.056066
-557.588312,499,108534.508745
-551.690954,499,108582.748003
-513.56728,499,108631.029861
-536.068464,499,108679.279161
-621.058072,499,108727.20394
-654.637072,499,108776.792373
-531.458017,499,108824.825305
-478.962916,499,108873.044649
-594.16486,499,108921.2305
-496.123129,499,108969.03723
-513.739277,499,109018.582113
-523.290985,499,109066.993088
-623.754942,499,109115.361679
-541.142407,499,109164.182224
-630.091469,499,109212.979717
-492.492639,499,109263.31089
-500.478513,499,109312.032876
-491.287405,499,109360.381409
-587.984049,499,109408.666652
-499.784267,499,109456.734096
-482.462062,499,109506.347978
-545.968622,499,109558.524549
-542.690569,499,109606.759972
-494.393244,499,109655.125779
-516.413171,499,109702.977144
-593.962532,499,109753.219903
-500.786132,499,109802.073823
-544.611064,499,109850.818085
-660.016459,499,109899.372099
-576.673984,499,109947.33518
-530.758339,499,109997.03516
-537.652401,499,110045.232113
-550.88279,499,110093.512372
-594.389266,499,110141.866956
-520.069176,499,110189.777682
-558.354693,499,110239.572822
-568.784548,499,110287.78096
-554.802473,499,110336.019153
-603.691236,499,110384.333812
-510.890007,499,110432.327251
-522.554998,499,110481.918444
-485.80895,499,110530.16956
-570.875965,499,110578.580066
-477.102037,499,110626.778984
-531.114895,499,110674.859625
-601.614806,499,110724.66158
-496.024247,499,110773.357049
-520.147774,499,110822.221944
-516.921852,499,110871.210407
-614.729774,499,110919.734818
-494.764334,499,110970.04518
-573.661805,499,111018.800601
-703.350955,499,111067.657946
-543.979623,499,111116.009611
-526.831341,499,111164.018552
-470.928962,499,111213.599298
-582.95637,499,111262.495903
-555.791254,499,111311.269321
-523.358935,499,111360.138047
-547.073703,499,111408.412228
-608.996594,499,111457.924666
-606.175677,499,111506.139512
-525.966809,499,111554.357538
-477.021222,499,111602.621779
-603.211901,499,111650.603964
-533.143811,499,111700.6998
-570.089765,499,111749.554221
-471.260759,499,111798.392593
-517.38089,499,111847.286167
-573.953589,499,111895.890246
-491.659914,499,111946.21563
-522.081452,499,111999.332884
-534.929842,499,112048.42188
-576.13187,499,112097.29564
-539.700522,499,112145.987647
-498.204832,499,112196.305729
-737.773745,499,112245.136536
-539.461773,499,112294.006382
-512.42607,499,112342.422262
-495.924015,499,112390.579511
-598.342361,499,112440.229448
-499.600813,499,112489.071261
-522.532269,499,112537.934671
-538.844522,499,112586.805906
-612.487965,499,112635.330401
-635.983514,499,112685.516819
-525.223634,499,112733.709953
-481.146955,499,112781.868134
-597.204048,499,112829.769416
-495.832455,499,112878.196214
-543.8262,499,112927.880204
-488.308039,499,112976.49933
-483.868039,499,113024.824247
-605.982022,499,113072.92958
-471.357045,499,113121.313868
-512.339233,499,113171.158545
-542.624178,499,113219.538281
-599.04306,499,113268.24002
-573.613901,499,113316.679429
-531.770628,499,113365.462367
-686.321987,499,113415.441894
-563.302229,499,113463.872992
-511.676585,499,113512.41181
-492.980813,499,113560.891647
-501.044891,499,113609.499043
-467.354451,499,113659.613682
-581.845043,499,113708.330501
-521.327426,499,113756.789437
-568.915907,499,113805.104357
-656.86735,499,113853.555231
-537.343652,499,113903.341975
-500.764874,499,113951.810134
-586.047673,499,114000.4659
-507.207703,499,114048.843791
-552.301714,499,114097.454412
-507.420452,499,114147.290087
-479.952665,499,114196.205401
-593.221209,499,114245.241105
-413.757815,499,114293.937285
-501.257809,499,114342.928697
-599.633709,499,114393.383191
-557.214795,499,114446.455271
-573.749871,499,114495.478243
-538.913044,499,114544.094144
-632.088946,499,114592.476908
-550.922795,499,114642.123189
-476.185578,499,114690.487882
-521.18833,499,114738.566616
-500.797293,499,114787.06143
-535.800204,499,114835.830067
-538.980467,499,114886.205535
-561.495017,499,114934.852803
-577.783922,499,114983.685776
-651.887207,499,115032.169064
-556.361179,499,115081.048227
-463.448584,499,115131.394586
-525.920761,499,115180.256375
-502.330388,499,115229.219669
-607.617594,499,115277.926422
-512.34367,499,115326.721465
-453.241957,499,115377.147247
-579.442176,499,115426.024573
-476.336942,499,115475.000596
-493.252605,499,115523.801323
-609.541791,499,115572.698899
-505.887364,499,115623.152805
-554.119276,499,115672.109745
-621.47834,499,115721.149488
-597.585753,499,115770.021361
-508.483499,499,115818.851198
-511.880463,499,115869.294631
-558.975204,499,115918.419023
-518.928361,499,115967.253564
-520.488351,499,116016.019978
-523.01727,499,116065.002218
-594.504127,499,116115.496869
-568.163216,499,116164.242166
-654.31894,499,116213.104161
-493.537311,499,116261.636388
-492.872629,499,116310.496113
-523.351876,499,116360.706108
-556.438368,499,116409.092501
-499.377688,499,116457.764868
-516.66653,499,116505.983034
-570.303312,499,116554.857768
-557.49268,499,116605.403111
-471.530257,499,116654.252889
-530.659062,499,116703.250515
-572.727729,499,116752.007172
-480.125164,499,116800.924033
-552.464043,499,116851.532396
-609.579115,499,116904.346339
-649.235004,499,116953.498921
-515.157583,499,117002.113327
-488.606556,499,117051.033043
-605.887672,499,117101.494548
-511.86552,499,117150.431562
-504.114709,499,117199.282739
-542.718402,499,117248.264282
-630.066635,499,117297.244059
-557.920769,499,117347.882463
-609.37524,499,117396.745393
-490.873587,499,117445.682648
-478.835716,499,117494.485471
-511.367088,499,117543.305691
-566.703692,499,117593.808079
-487.936978,499,117642.625186
-511.070156,499,117691.657997
-558.433817,499,117740.423488
-544.038966,499,117789.483645
-504.590775,499,117839.890083
-510.803586,499,117888.839737
-572.715873,499,117937.590061
-501.931162,499,117986.295907
-547.208751,499,118035.207621
-625.750491,499,118085.601
-585.376392,499,118134.238925
-512.282948,499,118182.678356
-532.553861,499,118231.429977
-570.906847,499,118280.346447
-605.704852,499,118330.94746
-501.380382,499,118380.010237
-586.58747,499,118429.022711
-581.186798,499,118477.879117
-555.461285,499,118526.826188
-599.007015,499,118577.335506
-511.980306,499,118626.228139
-492.348261,499,118675.240599
-487.871119,499,118723.919375
-587.984817,499,118772.557537
-466.461311,499,118822.866269
-504.789624,499,118871.595562
-625.082815,499,118920.524771
-484.793581,499,118969.436065
-517.808096,499,119018.41891
-518.950719,499,119069.087032
-611.589104,499,119118.015164
-474.021954,499,119167.03881
-558.640291,499,119215.840488
-676.060358,499,119264.884685
-539.724851,499,119313.955716
-563.001614,499,119368.258246
-462.141549,499,119417.327663
-571.595985,499,119466.037911
-552.777879,499,119515.060638
-509.857818,499,119563.992949
-594.488305,499,119614.516327
-624.884267,499,119663.467677
-600.830733,499,119711.981808
-532.190293,499,119760.973261
-481.055033,499,119810.093831
-572.431903,499,119860.386803
-528.348274,499,119909.377153
-566.887105,499,119958.095855
-462.403974,499,120006.98729
-509.118775,499,120055.778949
-622.423438,499,120106.031628
-480.333115,499,120154.939891
-542.434379,499,120203.668087
-538.054582,499,120252.478744
-570.600131,499,120301.383024
-609.965494,499,120351.678864
-497.307558,499,120400.632805
-733.358055,499,120449.326412
-573.456747,499,120498.332056
-506.997901,499,120547.230259
-499.449485,499,120597.666672
-597.085974,499,120646.657382
-481.523272,499,120695.434335
-550.976291,499,120744.451171
-519.880447,499,120793.472444
-596.878127,499,120843.475487
-624.29284,499,120892.392601
-511.195657,499,120941.202475
-505.198716,499,120990.013462
-553.88945,499,121038.853448
-514.563288,499,121089.426857
-542.134781,499,121138.375462
-488.001892,499,121187.008157
-491.89457,499,121235.814824
-593.831871,499,121284.695133
-459.798847,499,121335.210535
-510.168436,499,121384.240155
-562.247314,499,121432.880638
-578.431541,499,121481.777927
-608.15869,499,121530.717155
-521.982168,499,121581.070276
-677.945418,499,121630.087195
-549.571178,499,121678.82937
-489.033656,499,121727.849859
-494.859373,499,121776.283684
-508.746971,499,121830.928587
-484.648462,499,121879.852716
-537.984945,499,121928.509435
-515.820429,499,121977.474981
-579.724097,499,122026.337604
-639.199024,499,122076.872924
-552.703079,499,122125.660829
-513.063125,499,122174.340813
-589.62908,499,122223.393125
-520.584441,499,122272.489883
-555.959731,499,122322.760834
-515.722137,499,122371.686011
-532.883213,499,122420.394971
-602.391417,499,122469.099869
-442.466437,499,122517.9365
-484.381593,499,122568.368127
-533.579191,499,122617.09204
-574.772631,499,122665.889955
-593.338298,499,122714.809753
-525.067934,499,122763.497733
-655.903018,499,122813.881729
-540.837716,499,122862.829036
-487.1414,499,122911.514633
-533.92793,499,122960.436014
-501.045335,499,123009.399512
-513.807948,499,123059.701315
-505.035536,499,123108.582004
-553.056921,499,123157.259472
-574.145495,499,123206.171269
-657.879561,499,123255.126081
-559.648024,499,123305.689559
-454.591185,499,123354.773479
-528.788137,499,123403.609046
-501.807161,499,123452.63142
-607.731323,499,123501.501392
-492.793513,499,123552.004846
-452.485808,499,123600.859824
-583.85933,499,123649.283852
-420.332331,499,123698.107379
-520.802156,499,123747.111956
-577.071829,499,123797.690846
-532.805522,499,123846.662905
-562.259283,499,123895.492434
-636.129415,499,123944.513126
-596.43138,499,123993.452162
-535.550585,499,124043.900496
-506.51799,499,124092.858807
-538.842696,499,124141.427272
-494.148498,499,124190.41136
-546.572501,499,124239.230135
-519.88512,499,124293.712519
-602.81949,499,124342.633576
-549.959688,499,124391.768807
-650.693325,499,124440.824304
-489.259943,499,124489.863235
-494.493704,499,124540.404258
-502.687092,499,124589.217652
-552.940207,499,124638.339834
-527.032896,499,124687.454015
-520.168248,499,124736.478862
-551.920674,499,124787.165395
-557.590025,499,124836.014426
-445.306882,499,124885.132906
-516.798615,499,124934.229721
-598.192878,499,124983.221894
-468.039429,499,125033.699244
-603.533746,499,125082.467662
-591.805208,499,125131.647243
-666.192856,499,125180.701817
-514.579154,499,125229.728779
-476.726103,499,125280.32993
-596.153549,499,125329.34947
-483.426135,499,125378.452535
-525.317536,499,125427.52634
-557.080413,499,125476.60363
-621.277839,499,125527.302367
-573.042637,499,125576.71853
-629.98925,499,125626.518153
-494.299941,499,125676.166712
-472.159005,499,125725.814719
-492.756681,499,125777.012645
-586.839669,499,125826.262146
-481.63148,499,125875.974954
-521.389591,499,125925.778063
-583.75364,499,125975.419507
-591.989111,499,126027.020128
-506.23014,499,126075.814575
-524.702032,499,126124.684671
-613.629533,499,126173.83843
-504.132388,499,126222.902165
-527.035307,499,126273.546851
-663.28402,499,126322.400056
-582.223817,499,126371.365458
-524.270394,499,126420.437505
-535.550207,499,126469.513948
-577.786885,499,126520.13658
-596.243861,499,126569.075873
-501.249952,499,126618.165766
-563.106002,499,126667.266514
-572.524413,499,126716.355317
-549.908569,499,126771.09304
-593.67427,499,126819.849955
-541.571524,499,126868.769134
-486.936729,499,126917.710654
-515.649633,499,126966.722649
-577.319431,499,127017.205404
-478.7078,499,127065.961341
-516.738687,499,127114.916142
-608.184049,499,127163.893774
-507.068451,499,127212.850184
-523.100768,499,127263.277735
-498.448864,499,127312.141588
-615.239012,499,127361.058125
-472.828819,499,127410.060377
-563.695497,499,127458.999036
-637.631814,499,127509.491499
-568.270665,499,127558.277592
-555.339609,499,127607.294021
-493.626479,499,127656.295234
-551.469633,499,127705.258597
-568.236068,499,127755.811719
-505.96789,499,127804.585908
-583.123496,499,127853.662792
-608.195754,499,127902.587989
-596.793424,499,127951.531198
-523.462861,499,128002.1066
-501.231834,499,128050.978751
-585.25279,499,128099.99643
-503.8132,499,128148.973454
-564.856518,499,128197.993771
-469.426182,499,128248.468638
-505.54349,499,128297.192087
-594.354097,499,128346.031576
-470.890241,499,128395.000695
-513.180632,499,128444.059428
-536.808046,499,128494.426355
-584.938963,499,128542.849418
-600.084952,499,128591.778819
-489.726309,499,128640.745958
-746.718312,499,128689.812665
-553.79152,499,128740.278821
-484.806919,499,128789.119431
-507.725408,499,128837.943066
-576.167114,499,128887.053401
-483.090709,499,128935.850178
-565.708028,499,128986.276257
-517.220111,499,129034.975309
-595.211248,499,129084.023975
-608.517965,499,129132.791518
-510.745694,499,129181.702985
-518.198252,499,129235.534041
-556.401851,499,129284.739144
-497.65001,499,129333.675988
-575.860875,499,129382.453504
-497.143279,499,129431.421435
-493.193104,499,129481.887683
-599.683038,499,129530.597943
-447.127981,499,129579.555396
-510.07183,499,129628.401639
-542.32948,499,129677.27589
-566.755855,499,129727.731106
-598.697912,499,129776.275479
-530.588595,499,129825.225906
-665.203219,499,129874.011315
-575.854565,499,129923.055476
-479.201175,499,129973.466876
-467.426341,499,130022.312671
-529.508032,499,130071.178257
-482.642897,499,130120.102989
-542.661558,499,130169.103393
-514.363702,499,130219.531408
-583.65479,499,130268.212376
-636.75857,499,130317.152508
-515.195371,499,130366.004437
-495.757909,499,130414.950757
-606.449655,499,130465.247151
-493.102943,499,130513.924886
-569.012802,499,130562.852427
-522.444784,499,130611.865623
-473.974855,499,130660.727283
-585.344663,499,130711.000873
-436.470636,499,130759.861396
-472.178057,499,130808.850323
-525.975391,499,130857.761472
-572.517207,499,130906.667111
-592.568908,499,130956.845571
-550.375031,499,131005.657896
-632.340898,499,131054.600405
-537.681373,499,131103.640567
-480.071257,499,131152.478495
-500.509842,499,131202.906642
-507.465692,499,131251.607408
-513.994685,499,131300.58568
-517.823939,499,131349.452384
-605.004118,499,131398.341569
-569.390024,499,131448.621687
-665.360052,499,131497.344614
-546.611478,499,131545.855609
-477.01148,499,131594.672264
-527.756035,499,131643.550695
-504.117556,499,131698.156174
-605.176578,499,131747.150054
-482.769787,499,131796.121882
-488.159858,499,131845.112384
-579.12222,499,131894.140988
-428.334445,499,131944.358589
-511.141831,499,131993.308982
-574.728466,499,132042.212807
-513.882088,499,132091.093369
-623.722161,499,132140.042413
-597.627516,499,132190.401651
-615.094837,499,132239.371083
-529.843482,499,132288.332372
-528.996474,499,132337.323515
-536.289148,499,132386.391825
-525.378975,499,132436.655895
-529.112092,499,132485.623605
-510.503019,499,132534.807505
-590.877585,499,132583.797699
-554.824027,499,132632.825339
-636.081933,499,132683.189424
-508.481849,499,132732.14964
-490.504558,499,132781.180619
-523.198901,499,132830.27533
-539.545072,499,132879.313518
-526.093567,499,132929.63113
-531.472044,499,132978.542677
-536.085582,499,133027.631185
-568.379405,499,133076.329302
-437.323351,499,133125.221158
-519.604639,499,133175.467685
-576.586318,499,133224.285813
-493.901272,499,133273.286489
-567.962501,499,133322.25423
-607.7547,499,133371.181089
-649.919049,499,133421.540052
-530.692164,499,133470.343662
-495.525882,499,133519.410537
-580.212823,499,133568.366869
-493.344504,499,133617.464694
-512.277444,499,133667.615421
-554.143967,499,133716.569698
-633.404779,499,133765.462464
-572.855979,499,133814.524198
-629.218151,499,133863.403868
-550.18971,499,133913.651354
-481.899304,499,133962.663667
-497.802506,499,134011.691539
-585.034872,499,134060.744742
-464.139562,499,134109.700353
-542.294529,499,134164.069539
-579.615277,499,134213.080377
-531.516067,499,134262.152782
-493.108417,499,134311.407161
-506.491536,499,134360.424226
-594.824233,499,134410.827153
-515.843903,499,134459.962889
-528.337997,499,134509.049641
-700.044236,499,134558.094031
-593.930513,499,134607.118162
-540.261891,499,134657.646875
-519.283284,499,134706.698881
-600.133338,499,134755.872961
-570.523434,499,134804.989673
-508.048221,499,134854.147124
-571.399652,499,134904.686931
-589.083675,499,134953.738162
-539.041,499,135002.665252
-596.443301,499,135051.785438
-525.807457,499,135100.78794
-471.283753,499,135151.143164
-514.178474,499,135200.244758
-574.284548,499,135249.277279
-463.053571,499,135298.155604
-509.95685,499,135347.223709
-622.570254,499,135397.702699
-506.0845,499,135446.737488
-532.885122,499,135495.795625
-509.339653,499,135544.973027
-618.71459,499,135593.98448
-461.478869,499,135644.488703
-574.531779,499,135693.674559
-672.593749,499,135742.826145
-594.426533,499,135791.930953
-548.445945,499,135841.198411
-472.861575,499,135891.338286
-562.788842,499,135940.453517
-578.749971,499,135989.435929
-527.520309,499,136038.409459
-591.395154,499,136087.641952
-600.969814,499,136138.135708
-599.208153,499,136187.280462
-533.781644,499,136236.372915
-474.905684,499,136285.309976
-562.813041,499,136334.376283
-490.522871,499,136384.724887
-552.409348,499,136434.034438
-464.754596,499,136483.150567
-527.279227,499,136532.279759
-567.637222,499,136581.390415
-504.476864,499,136635.494151
-528.231983,499,136685.046139
-554.288561,499,136734.241487
-585.272778,499,136783.399596
-548.655902,499,136832.555959
-524.267674,499,136882.811627
-760.283071,499,136931.688924
-518.254524,499,136980.435863
-508.373077,499,137029.338553
-492.278173,499,137078.458901
-574.831345,499,137128.737084
-470.345166,499,137177.771399
-540.026746,499,137226.640855
-545.000514,499,137275.577906
-593.766023,499,137324.572784
-619.707317,499,137374.776751
-537.113026,499,137423.695415
-533.514562,499,137472.55598
-569.471822,499,137521.358015
-573.410785,499,137570.296487
-550.917445,499,137620.654358
-503.634499,499,137669.526454
-494.475884,499,137718.472893
-602.852875,499,137767.381723
-460.482247,499,137816.330276
-549.300075,499,137866.460628
-532.076555,499,137915.463338
-580.230155,499,137964.443326
-630.703393,499,138013.416475
-513.585249,499,138062.361731
-671.838376,499,138112.602412
-587.846948,499,138161.587443
-510.794511,499,138209.009257
-458.052341,499,138255.363232
-556.64102,499,138301.203039
-519.702805,499,138348.602055
-572.647191,499,138394.800991
-514.955874,499,138441.12646
-577.548982,499,138487.61242
-624.726983,499,138533.487293
-506.007636,499,138580.924081
-516.738618,499,138626.857426
-605.156071,499,138673.125461
-508.827545,499,138719.377715
-566.923839,499,138765.701849
-544.481414,499,138812.912125
-489.477684,499,138859.185629
-635.526084,499,138905.321536
-441.551802,499,138951.476715
-499.687583,499,138997.716648
-537.9863,499,139048.944093
-579.089011,499,139095.129556
-610.378994,499,139141.145896
-514.820321,499,139187.232172
-621.13268,499,139233.27822
-546.047639,499,139280.114702
-512.192061,499,139326.009126
-505.729609,499,139372.287082
-532.507379,499,139418.632875
-497.802193,499,139464.481313
-493.068002,499,139511.691704
-556.830021,499,139557.971072
-608.597258,499,139603.829699
-686.942181,499,139650.022466
-540.055875,499,139695.959294
-470.705238,499,139743.489001
-541.054509,499,139789.683329
-512.046591,499,139835.575588
-584.646743,499,139881.729745
-477.951574,499,139927.798529
-491.021623,499,139975.237439
-589.380046,499,140021.296198
-453.875238,499,140067.192413
-511.697982,499,140113.59713
-583.232076,499,140159.920457
-570.932784,499,140206.991746
-610.630612,499,140253.00923
-606.50655,499,140299.054091
-608.280358,499,140345.048339
-553.133402,499,140390.91037
-513.569024,499,140438.031501
-535.717503,499,140484.239203
-499.024616,499,140530.295473
-566.019912,499,140576.44131
-511.22164,499,140622.499284
-584.629483,499,140669.608083
-550.742545,499,140715.576984
-602.825568,499,140761.765237
-514.017602,499,140807.601923
-465.102176,499,140853.902327
-551.87345,499,140900.965436
-538.544587,499,140947.166233
-505.218347,499,140993.18246
-506.368934,499,141039.064258
-524.810197,499,141085.148552
-565.859882,499,141132.314876
-425.753631,499,141178.202679
-523.602793,499,141224.219222
-588.140795,499,141270.190994
-485.970509,499,141316.223428
-590.998458,499,141367.008531
-589.144865,499,141413.02951
-646.724393,499,141458.944595
-507.421594,499,141505.447718
-522.359325,499,141551.595409
-585.55414,499,141598.921841
-506.134248,499,141645.261659
-522.519609,499,141691.386997
-533.972594,499,141737.763877
-612.33192,499,141783.818652
-595.601589,499,141831.114667
-618.560357,499,141877.142027
-538.592783,499,141923.456172
-482.388148,499,141969.501501
-493.585165,499,142015.536395
-571.507393,499,142062.781162
-500.120658,499,142109.09298
-496.602007,499,142155.159036
-556.491176,499,142201.41444
-541.161746,499,142247.603857
-493.799952,499,142294.763821
-503.797747,499,142340.977438
-589.899575,499,142387.196326
-522.7135,499,142433.231377
-533.937129,499,142479.328002
-646.761518,499,142526.689706
-635.436897,499,142572.762634
-509.976306,499,142618.756188
-492.670176,499,142665.053834
-595.670438,499,142711.164166
-550.348682,499,142758.313166
-521.202092,499,142804.505626
-538.0612,499,142850.723743
-625.868101,499,142896.992222
-559.661364,499,142942.779907
-590.013057,499,142990.35501
-519.949346,499,143036.71401
-479.226438,499,143082.882551
-510.322403,499,143129.092232
-615.484068,499,143174.858778
-477.394367,499,143221.415767
-507.0122,499,143270.182476
-637.528482,499,143315.766824
-525.272224,499,143360.501119
-547.348432,499,143406.665806
-528.699178,499,143453.2841
-639.605761,499,143498.009678
-475.8017,499,143541.481599
-570.210057,499,143589.959053
-636.009856,499,143635.298535
-563.527989,499,143680.611377
-576.401266,499,143729.414551
-474.156728,499,143774.954956
-548.396439,499,143825.38462
-595.613914,499,143871.309421
-529.376221,499,143916.296558
