#{"t_start": 1685747403.6850984, "env_id": "quantumEnvExp-v0"}
r,l,t
-202.775707,499,8.136042
-248.153065,499,15.065421
-247.556769,499,23.8894
-247.901547,499,32.783606
-243.558101,499,41.275734
-244.941954,499,50.292784
-247.666278,499,58.357093
-245.971737,499,66.394282
-219.803467,499,72.547087
-248.257549,499,78.547791
-247.418436,499,87.382469
-246.963343,499,95.936763
-238.641555,499,104.269326
-248.239415,499,111.9546
-207.163884,499,119.879541
-243.93072,499,145.521198
-241.749081,499,152.398657
-228.890471,499,158.39069
-246.881929,499,164.419031
-221.19568,499,170.410557
-248.174299,499,178.406209
-211.542515,499,186.045914
-244.135091,499,193.894441
-245.470991,499,200.090843
-248.417361,499,206.068751
-240.179317,499,213.38073
-216.483317,499,219.38603
-240.916992,499,225.381397
-184.836725,499,231.422259
-233.660256,499,237.405563
-227.24242,499,245.348917
-187.997961,499,251.335319
-237.078444,499,257.332723
-209.386432,499,263.82412
-244.337872,499,269.972346
-235.306461,499,276.747359
-232.488796,499,283.01446
-214.117922,499,289.221472
-221.222616,499,295.19918
-165.848869,499,301.221616
-231.314035,499,308.063225
-219.334342,499,314.087083
-209.721991,499,320.273871
-197.388548,499,326.48065
-163.725609,499,333.046492
-158.096438,499,340.325362
-185.369171,499,346.370491
-196.390323,499,352.690257
-184.529124,499,358.746427
-206.815967,499,365.788103
-202.962747,499,375.395555
-160.791034,499,385.982689
-180.569371,499,394.35717
-158.512214,499,402.145853
-203.691437,499,411.09024
-149.105868,499,420.11907
-217.408147,499,427.820571
-176.471702,499,436.200325
-203.160606,499,444.793309
-164.329701,499,453.30406
-131.313751,499,476.73301
-172.021419,499,485.535157
-146.460793,499,493.665984
-190.889103,499,502.456289
-184.114629,499,511.278033
-93.357111,499,536.88897
-190.607586,499,545.717806
-153.809705,499,554.551131
-133.871434,499,561.0942
-211.116961,499,569.847334
-104.573843,499,582.921516
-162.723893,499,591.606103
-119.085776,499,600.629173
-192.197825,499,607.459452
-85.62318,499,616.179686
-104.348612,499,640.466285
-166.501943,499,648.76022
-136.655157,499,657.042841
-116.838052,499,665.341957
-104.32,499,673.650219
-92.869349,499,697.340709
-117.052597,499,703.591894
-143.530448,499,710.933393
-117.358568,499,717.67456
-95.395897,499,726.361211
-126.330055,499,749.216389
-127.540975,499,757.150621
-88.482405,499,766.021237
-82.559318,499,773.798416
-107.904911,499,781.512948
-148.352634,499,789.371692
-98.661629,499,796.265212
-110.817136,499,802.775128
-101.092107,499,808.965366
-106.938757,499,815.210542
-82.763266,499,823.985522
-80.912943,499,830.207615
-101.462478,499,836.455068
-87.460387,499,843.330848
-110.206602,499,849.446498
-116.078949,499,858.400291
-88.014797,499,865.124153
-78.675248,499,871.329652
-75.531247,499,877.440879
-109.410064,499,884.471486
-84.064584,499,892.124636
-82.482683,499,899.626038
-77.253703,499,905.709796
-77.284875,499,911.822616
-77.532725,499,918.501365
-72.586258,499,925.620921
-93.134195,499,931.927104
-71.095151,499,939.232468
-61.885456,499,945.469174
-94.996051,499,951.673995
-65.51232,499,958.87991
-68.77344,499,966.023958
-59.405681,499,972.624626
-82.38496,499,978.814994
-83.985748,499,985.078608
-66.581934,499,992.374894
-80.002541,499,998.48831
-61.854518,499,1004.586345
-79.095589,499,1010.753456
-103.006297,499,1017.694306
-71.689342,499,1025.27503
-68.274839,499,1031.702707
-88.354916,499,1037.793639
-80.933263,499,1043.876642
-68.665663,499,1050.03967
-72.283485,499,1057.203607
-76.860561,499,1063.296828
-67.821352,499,1069.39147
-80.758914,499,1075.487108
-65.571398,499,1081.868689
-89.600742,499,1089.524842
-66.555808,499,1095.711495
-64.832535,499,1101.883509
-81.543471,499,1108.00321
-87.518526,499,1114.103469
-66.937701,499,1121.173949
-66.804755,499,1127.539647
-61.50176,499,1133.67406
-67.376757,499,1140.478322
-72.092708,499,1146.709403
-62.745501,499,1156.235476
-87.443333,499,1162.364194
-67.889966,499,1168.546885
-76.991795,499,1175.944568
-72.469327,499,1182.084923
-65.964107,499,1191.306621
-81.1718,499,1198.624283
-75.87642,499,1205.117614
-56.137851,499,1211.337212
-61.832358,499,1217.601295
-79.265878,499,1224.74474
-59.42786,499,1231.187479
-62.068074,499,1238.211191
-64.594733,499,1244.418969
-68.046592,499,1250.726109
-65.33816,499,1259.316653
-73.198562,499,1265.453309
-70.470398,499,1271.642282
-60.114628,499,1278.041907
-67.681978,499,1284.466592
-53.252713,499,1291.853156
-68.808092,499,1298.049998
-56.381345,499,1304.220847
-58.876973,499,1310.363876
-70.830002,499,1316.878099
-57.774393,499,1323.996826
-70.837265,499,1330.115859
-63.069206,499,1336.264846
-59.628781,499,1342.549306
-67.240907,499,1349.830386
-59.326044,499,1371.009026
-64.526425,499,1379.343699
-70.414612,499,1385.838042
-61.383153,499,1392.833971
-66.951572,499,1399.431827
-62.291866,499,1423.269058
-83.907906,499,1430.515839
-62.089855,499,1437.868884
-70.911958,499,1444.780401
-74.088183,499,1451.642117
-62.503903,499,1458.890262
-61.867504,499,1466.090611
-63.00158,499,1472.898857
-59.404468,499,1479.610711
-77.353253,499,1486.49135
-63.197094,499,1494.196885
-65.155375,499,1500.725641
-54.33985,499,1507.54512
-64.29995,499,1514.273358
-58.573827,499,1521.886198
-56.75091,499,1529.666271
-72.104233,499,1537.960195
-67.935677,499,1545.469706
-58.601289,499,1552.260814
-56.818112,499,1559.224411
-51.716315,499,1584.622311
-62.593204,499,1591.6323
-64.347748,499,1598.184415
-60.830178,499,1604.983488
-62.426444,499,1613.629443
-67.006623,499,1622.019117
-60.142639,499,1628.702392
-58.019259,499,1635.408125
-64.26351,499,1641.894097
-61.598919,499,1648.418027
-57.995978,499,1656.203613
-59.686672,499,1662.858734
-52.682468,499,1669.482327
-67.455149,499,1676.129576
-63.712376,499,1682.710571
-54.27629,499,1690.654128
-51.708759,499,1697.881924
-54.545751,499,1704.383458
-68.646564,499,1710.941813
-62.327429,499,1717.898057
-56.78908,499,1725.638563
-61.449215,499,1732.831225
-60.452337,499,1739.60693
-60.699365,499,1746.510674
-49.859998,499,1753.017818
-56.808379,499,1760.637946
-55.832464,499,1767.360583
-58.123931,499,1774.13661
-54.721222,499,1780.749096
-53.041721,499,1787.671674
-58.245608,499,1795.334885
-54.944925,499,1801.990309
-56.26561,499,1808.494716
-53.193907,499,1815.343535
-50.537795,499,1822.792761
-51.976002,499,1843.736594
-43.966669,499,1850.396178
-45.686833,499,1857.147194
-60.713683,499,1863.600493
-51.216875,499,1870.040647
-58.556738,499,1877.800097
-58.384751,499,1884.491921
-51.967576,499,1891.428735
-58.550279,499,1898.058885
-51.274948,499,1904.697695
-53.971498,499,1927.658136
-53.523202,499,1934.582348
-50.207728,499,1941.945652
-44.842734,499,1948.841208
-51.681801,499,1955.458615
-52.580441,499,1964.905216
-46.604935,499,1972.787971
-54.468523,499,1979.953331
-52.216787,499,1986.684912
-53.051807,499,1993.21172
-56.096303,499,2000.99017
-44.937674,499,2008.014523
-56.314876,499,2014.603575
-54.214433,499,2021.394147
-51.0626,499,2028.42166
-51.342056,499,2036.424884
-46.446728,499,2043.113129
-49.427597,499,2049.741645
-49.216519,499,2056.552357
-51.625464,499,2063.465003
-49.733685,499,2071.2094
-46.00155,499,2078.138061
-50.038731,499,2085.072315
-53.574661,499,2091.611523
-48.90628,499,2098.16696
-58.664301,499,2106.029757
-49.478434,499,2112.595751
-52.475773,499,2119.091559
-49.746314,499,2125.643367
-53.071669,499,2132.525387
-46.09043,499,2140.884292
-47.335696,499,2147.378013
-49.940195,499,2154.030095
-49.449438,499,2160.503304
-47.487312,499,2167.592599
-52.543448,499,2175.360271
-49.42844,499,2182.643207
-45.413115,499,2189.438006
-48.552704,499,2195.914731
-42.41649,499,2203.003479
-47.316972,499,2214.555339
-46.136829,499,2221.439087
-49.819238,499,2228.303593
-45.831026,499,2235.007509
-47.663291,499,2241.508503
-47.446581,499,2249.380601
-47.640148,499,2256.783412
-49.390004,499,2263.714442
-48.380065,499,2270.21234
-51.520663,499,2277.103476
-43.284899,499,2285.562975
-46.763679,499,2292.192648
-49.671686,499,2298.822433
-49.803399,499,2305.337318
-46.254201,499,2311.86446
-47.801392,499,2322.068648
-51.766823,499,2329.057524
-49.732172,499,2335.598059
-45.620678,499,2342.297046
-45.110165,499,2350.099534
-52.112968,499,2357.859524
-47.037397,499,2364.410363
-48.166938,499,2371.217943
-44.776665,499,2378.121844
-50.563861,499,2386.887158
-46.627664,499,2395.624815
-45.081743,499,2402.375088
-41.552799,499,2409.371264
-47.298342,499,2416.460377
-45.909118,499,2424.489153
-50.695814,499,2432.666221
-48.876902,499,2439.616392
-50.915595,499,2446.442291
-43.181834,499,2453.605557
-48.049106,499,2460.831047
-46.855324,499,2469.109906
-48.895041,499,2475.695924
-45.971966,499,2484.616846
-44.698263,499,2493.341371
-44.765712,499,2500.348188
-44.859091,499,2509.900256
-44.644902,499,2516.518246
-48.438565,499,2523.218547
-49.665539,499,2530.568488
-42.050228,499,2539.489601
-49.91081,499,2547.160689
-48.163193,499,2555.315403
-44.127395,499,2561.918807
-47.048136,499,2568.538757
-45.247748,499,2575.681017
-40.371532,499,2585.483471
-40.995135,499,2591.989898
-47.509317,499,2598.520995
-54.923688,499,2605.656053
-45.846585,499,2615.492522
-50.254218,499,2624.503392
-44.618348,499,2631.03446
-46.832015,499,2637.647783
-43.605305,499,2644.185351
-38.610526,499,2652.663804
-46.303792,499,2663.268781
-44.992254,499,2672.330634
-42.682387,499,2681.593163
-43.532357,499,2690.763596
-45.449822,499,2699.352905
-40.37575,499,2726.822979
-49.168774,499,2734.188232
-42.49988,499,2742.121072
-40.309312,499,2750.062835
-46.74059,499,2756.811336
-40.035942,499,2764.737981
-38.94466,499,2771.735943
-44.957207,499,2778.795995
-48.279182,499,2785.655296
-48.338602,499,2792.421645
-46.187561,499,2800.677122
-42.932932,499,2807.247048
-44.74997,499,2814.298872
-43.093485,499,2821.047674
-44.612983,499,2827.578507
-42.548678,499,2835.222552
-48.488238,499,2843.884602
-43.616653,499,2850.440535
-41.343926,499,2857.485399
-48.732834,499,2864.117211
-45.050241,499,2872.138215
-45.264781,499,2878.76342
-50.489112,499,2885.289667
-40.729098,499,2891.916769
-55.466581,499,2898.544486
-42.621689,499,2906.108619
-45.727361,499,2912.628838
-46.541381,499,2919.737288
-43.990372,499,2927.127594
-43.957937,499,2934.187525
-44.178297,499,2941.880388
-42.449692,499,2949.861324
-42.785059,499,2957.196657
-50.515739,499,2964.88365
-42.841691,499,2971.62944
-42.37386,499,2979.629739
-44.676396,499,2986.407665
-46.867393,499,2993.073929
-43.4659,499,2999.745032
-42.633251,499,3006.35464
-47.229501,499,3013.996155
-45.805581,499,3020.572566
-42.625836,499,3027.292021
-41.241916,499,3034.488379
-44.653702,499,3041.238859
-40.11107,499,3048.974931
-43.039858,499,3057.112432
-47.355839,499,3064.636982
-40.951947,499,3071.523033
-46.617321,499,3078.087692
-43.031918,499,3087.903934
-42.420688,499,3095.471426
-42.327899,499,3102.294578
-44.424308,499,3108.931504
-39.635709,499,3115.871455
-46.167802,499,3123.801247
-39.969083,499,3130.415102
-44.166732,499,3137.589619
-43.715621,499,3144.257378
-43.088772,499,3150.829751
-45.357023,499,3159.004005
-43.123037,499,3166.244537
-40.256669,499,3172.821275
-43.163445,499,3179.497887
-37.968523,499,3187.531435
-46.8249,499,3195.22822
-43.142057,499,3201.835808
-42.992029,499,3208.288101
-42.76856,499,3214.992476
-41.573543,499,3221.736212
-46.019348,499,3229.227069
-46.691452,499,3235.536957
-44.080266,499,3242.667972
-44.063605,499,3249.285692
-43.407268,499,3256.852797
-44.354202,499,3264.950443
-39.682086,499,3271.637921
-41.259809,499,3279.012797
-48.113505,499,3285.789511
-42.500525,499,3292.589705
-43.712459,499,3301.750262
-39.265314,499,3309.114187
-44.502025,499,3315.631373
-40.743499,499,3322.031702
-43.413271,499,3328.571111
-49.978207,499,3336.124113
-47.782742,499,3343.015274
-40.941423,499,3350.580859
-43.488082,499,3357.478532
-41.914826,499,3364.117367
-41.837344,499,3372.338522
-39.487018,499,3379.398941
-47.369685,499,3386.512092
-43.837563,499,3393.734401
-45.832113,499,3400.367201
-37.839529,499,3408.450581
-42.696311,499,3415.298517
-42.782175,499,3422.052062
-39.523682,499,3428.638877
-44.685241,499,3435.546434
-44.033114,499,3446.185807
-41.380228,499,3453.504393
-43.942101,499,3459.944484
-40.388368,499,3466.735192
-37.743585,499,3473.326248
-40.027133,499,3480.86335
-41.549663,499,3487.329674
-48.922038,499,3494.267271
-44.422379,499,3500.734826
-43.669096,499,3508.07848
-44.674317,499,3515.713363
-40.981278,499,3522.659044
-39.152962,499,3529.371934
-41.804845,499,3535.984562
-41.578211,499,3543.768851
-42.81139,499,3552.234895
-39.085889,499,3558.816768
-42.220857,499,3565.607058
-40.762111,499,3572.145405
-40.78948,499,3578.709851
-43.551428,499,3586.296546
-41.466022,499,3592.90528
-39.760896,499,3599.389271
-39.142116,499,3605.785002
-38.293943,499,3612.369643
-38.570354,499,3620.039732
-36.814857,499,3626.662189
-44.346996,499,3635.455369
-44.468818,499,3642.718381
-43.627402,499,3650.267518
-36.942164,499,3658.485165
-40.691757,499,3664.980406
-41.731567,499,3671.503416
-40.816699,499,3678.368748
-41.296047,499,3684.840124
-41.85671,499,3692.440671
-40.855531,499,3698.978168
-39.06162,499,3705.630401
-42.922514,499,3714.368348
-43.64312,499,3724.03648
-42.357816,499,3731.538515
-44.843982,499,3739.000166
-39.603813,499,3745.607341
-47.810951,499,3752.907279
-41.418995,499,3760.389199
-38.772845,499,3767.985548
-42.6402,499,3775.238919
-44.832383,499,3782.382557
-38.858092,499,3788.865458
-40.216674,499,3795.437362
-36.994002,499,3804.353832
-41.528094,499,3811.782775
-44.745833,499,3818.353957
-38.409403,499,3825.326127
-41.54749,499,3831.749545
-40.782638,499,3838.158662
-43.092143,499,3845.457923
-39.575931,499,3852.084874
-39.401314,499,3860.712791
-45.164529,499,3868.817367
-43.262033,499,3875.453644
-36.673035,499,3882.952693
-38.00685,499,3889.414294
-41.523079,499,3895.950383
-37.479664,499,3902.889637
-39.622508,499,3909.753241
-42.548403,499,3917.497997
-38.411064,499,3924.270746
-41.687045,499,3931.308987
-44.835825,499,3938.113992
-38.794311,499,3944.555665
-40.336154,499,3952.186776
-42.359116,499,3958.841192
-36.547825,499,3965.567393
-42.464221,499,3973.565108
-39.972288,499,3981.405559
-41.093685,499,3988.962842
-39.550039,499,3995.545251
-38.202291,499,4002.201942
-42.381315,499,4008.940308
-40.793014,499,4016.826986
-37.590557,499,4024.601145
-41.846995,499,4031.41619
-39.3675,499,4038.051025
-40.87934,499,4045.706272
-41.480215,499,4054.025676
-38.595086,499,4062.37607
-42.484278,499,4069.306767
-38.285803,499,4076.339619
-42.991806,499,4082.987056
-42.800499,499,4090.107587
-43.010099,499,4098.203176
-39.474291,499,4105.427325
-40.558532,499,4112.476783
-41.709607,499,4120.559697
-41.109875,499,4127.654965
-39.660388,499,4135.399123
-44.459813,499,4142.26714
-39.782656,499,4148.974525
-41.413382,499,4155.80001
-38.396062,499,4166.471388
-41.86563,499,4175.056158
-41.44962,499,4181.99248
-38.934439,499,4188.602539
-45.188035,499,4195.1269
-42.871049,499,4202.382525
-40.615725,499,4210.960803
-37.083226,499,4217.904784
-39.557055,499,4224.523508
-42.414822,499,4231.219945
-38.482824,499,4238.849668
-40.399089,499,4246.847326
-40.181832,499,4253.457219
-42.967451,499,4260.06181
-37.178751,499,4266.633129
-39.400844,499,4273.415026
-43.303226,499,4282.080734
-38.558914,499,4288.778135
-37.919466,499,4295.651799
-43.661286,499,4302.705223
-38.27641,499,4309.397746
-43.515885,499,4317.115906
-43.987047,499,4324.504731
-38.17364,499,4331.242977
-37.383867,499,4337.965217
-39.282986,499,4344.893395
-48.017178,499,4352.864545
-42.635342,499,4359.883803
-39.785589,499,4366.470203
-41.799411,499,4373.623998
-40.817259,499,4380.459373
-39.087496,499,4390.221337
-39.347169,499,4397.090329
-36.642564,499,4403.867902
-40.35866,499,4410.467625
-41.386225,499,4417.209749
-39.2441,499,4425.069347
-38.363721,499,4431.868407
-40.371987,499,4438.668951
-41.031622,499,4445.430941
-39.766183,499,4452.110542
-39.959665,499,4459.732212
-35.601562,499,4466.683055
-38.642526,499,4473.803028
-35.85584,499,4480.66634
-35.19471,499,4487.631564
-44.305894,499,4495.505994
-40.277139,499,4502.518663
-43.956204,499,4509.822108
-41.797751,499,4516.675653
-35.641778,499,4525.713416
-39.795487,499,4534.206928
-39.830548,499,4540.922806
-39.70803,499,4547.541345
-43.516989,499,4554.415628
-40.158241,499,4561.138053
-38.759539,499,4569.012816
-40.055989,499,4575.996857
-40.416396,499,4582.775046
-39.98707,499,4589.694078
-41.729928,499,4596.663375
-41.65019,499,4604.231866
-40.319758,499,4610.857671
-46.044786,499,4618.157907
-35.715758,499,4624.813933
-40.911347,499,4631.417827
-42.814653,499,4655.513125
-39.853046,499,4662.07123
-40.387099,499,4669.613281
-36.443015,499,4676.518032
-37.02157,499,4683.524003
-43.313966,499,4691.19192
-42.279866,499,4697.758283
-38.886798,499,4704.358302
-38.795349,499,4710.989379
-40.286478,499,4717.140168
-39.322366,499,4724.128451
-35.253831,499,4730.218366
-43.606805,499,4736.268426
-43.222261,499,4742.35083
-41.031281,499,4748.394463
-39.474227,499,4755.379908
-38.905248,499,4761.436927
-36.830798,499,4767.788459
-37.547096,499,4774.891064
-40.87377,499,4781.696479
-38.528582,499,4790.404778
-38.540854,499,4796.977168
-44.178721,499,4803.653414
-38.933522,499,4810.201601
-39.364056,499,4816.870782
-40.483115,499,4840.40715
-37.634951,499,4846.983919
-40.085374,499,4853.481246
-36.911101,499,4860.208828
-41.186339,499,4866.868315
-38.085899,499,4874.491627
-35.253991,499,4880.98316
-42.129977,499,4887.82989
-40.940421,499,4894.548991
-40.069827,499,4903.744294
-37.227924,499,4911.798521
-39.469487,499,4918.590422
-37.228453,499,4925.224803
-39.123256,499,4932.913609
-38.26952,499,4939.950118
-39.422832,499,4947.898987
-37.901949,499,4955.352822
-39.824965,499,4962.59575
-41.727656,499,4969.735246
-42.358645,499,4976.286039
-38.529698,499,4983.887248
-39.205236,499,4990.709713
-41.180322,499,4997.312395
-39.811467,499,5003.822901
-39.79487,499,5010.780782
-39.326205,499,5018.435752
-43.557114,499,5024.863638
-38.931553,499,5031.378674
-39.548189,499,5038.238031
-36.485114,499,5045.079479
-41.507776,499,5052.607536
-38.142078,499,5059.351786
-42.185419,499,5066.045012
-44.454932,499,5072.858811
-40.929151,499,5079.965925
-37.341298,499,5088.091208
-40.010805,499,5094.673156
-38.765172,499,5101.132428
-38.761995,499,5108.336943
-38.012532,499,5115.199525
-40.743855,499,5122.790402
-38.627568,499,5129.81173
-39.935387,499,5136.408692
-36.87373,499,5143.05661
-40.710545,499,5149.526617
-39.850807,499,5157.129038
-33.604979,499,5163.727091
-44.908254,499,5171.616025
-37.643492,499,5178.95095
-40.648476,499,5185.540939
-41.360285,499,5193.254638
-38.811073,499,5199.7882
-35.541658,499,5206.252139
-36.47475,499,5212.729877
-42.646789,499,5219.384389
-44.955698,499,5226.875546
-40.169844,499,5233.792245
-42.679521,499,5240.245661
-39.40613,499,5246.924067
-36.892898,499,5256.133896
-36.8208,499,5263.986766
-36.277345,499,5270.801485
-39.873534,499,5277.822849
-39.195721,499,5284.623142
-37.496039,499,5291.920373
-38.606405,499,5299.665569
-40.559344,499,5306.416589
-36.059954,499,5313.067023
-43.903067,499,5319.792353
-35.902368,499,5326.819419
-35.880729,499,5335.144098
-40.105219,499,5341.633964
-35.706265,499,5348.204695
-34.085231,499,5354.750527
-40.710797,499,5361.320585
-40.701551,499,5369.282182
-44.240933,499,5376.127734
-42.11945,499,5382.784769
-37.614926,499,5389.525836
-37.899969,499,5396.176619
-38.249853,499,5404.476171
-41.077694,499,5411.452043
-39.459034,499,5418.388602
-39.35953,499,5425.543263
-39.400246,499,5432.591573
-40.449873,499,5441.213121
-39.960796,499,5447.673219
-40.554052,499,5454.189457
-38.388594,499,5460.985308
-40.540581,499,5467.435008
-39.161194,499,5475.034892
-42.915195,499,5482.213254
-36.024185,499,5488.62835
-39.662039,499,5495.167012
-40.658105,499,5501.649789
-38.701515,499,5509.171941
-38.332971,499,5515.746234
-37.294812,499,5522.395231
-37.447873,499,5528.858539
-40.585334,499,5535.474944
-41.661922,499,5542.846699
-40.086344,499,5550.488966
-37.66972,499,5557.04125
-39.18937,499,5563.72439
-40.237479,499,5570.162143
-38.738956,499,5577.72514
-39.000478,499,5584.521471
-41.082126,499,5591.199275
-40.216656,499,5597.760858
-37.67871,499,5606.813467
-34.90824,499,5615.980959
-36.854203,499,5623.014317
-35.914442,499,5629.524005
-40.697743,499,5636.02995
-40.239101,499,5642.793435
-38.232505,499,5650.785084
-43.46204,499,5657.412673
-41.087533,499,5664.108214
-37.930743,499,5670.729035
-39.129578,499,5677.447921
-40.735731,499,5685.538626
-36.946711,499,5692.625569
-37.463619,499,5699.167255
-41.437703,499,5705.662706
-36.465164,499,5712.43165
-36.221224,499,5720.230757
-39.295508,499,5726.950088
-39.673153,499,5735.077584
-39.884797,499,5742.500594
-36.865662,499,5749.333938
-42.452525,499,5757.092589
-35.195438,499,5764.345234
-40.039361,499,5771.541869
-39.656894,499,5778.356479
-38.781578,499,5784.896755
-40.145431,499,5792.569814
-36.507666,499,5799.124106
-43.709893,499,5805.948473
-42.857709,499,5813.097054
-39.444997,499,5819.686582
-40.241082,499,5827.36266
-41.463114,499,5833.905049
-39.274156,499,5840.525938
-37.953737,499,5847.056845
-38.36975,499,5854.590225
-44.292712,499,5862.777224
-40.809115,499,5869.293539
-39.106007,499,5876.716172
-38.320023,499,5883.380559
-41.053327,499,5890.437313
-38.536952,499,5898.037684
-40.583273,499,5904.767882
-43.148759,499,5911.263873
-41.353501,499,5918.208598
-37.617814,499,5924.980752
-39.016525,499,5933.559524
-36.582245,499,5940.131803
-43.198768,499,5947.148161
-36.766977,499,5954.190297
-40.81963,499,5963.495692
-38.371444,499,5971.697233
-39.164889,499,5978.242341
-37.115035,499,5984.983541
-37.853967,499,5991.513212
-40.657267,499,5998.487289
-36.604398,499,6006.280811
-41.671639,499,6013.151491
-40.466905,499,6019.600001
-39.224529,499,6026.162855
-38.063597,499,6033.678098
-37.79885,499,6041.114572
-36.910809,499,6047.419083
-36.422862,499,6053.782318
-41.16875,499,6060.447654
-47.464951,499,6066.830217
-39.962861,499,6074.287937
-42.904934,499,6080.627604
-37.717946,499,6087.205194
-36.499149,499,6093.671795
-36.039138,499,6100.491631
-37.538681,499,6108.488053
-39.694446,499,6115.731125
-39.543566,499,6122.105977
-37.08548,499,6128.378139
-39.079181,499,6135.226532
-37.886989,499,6142.929547
-36.365156,499,6149.363659
-39.710749,499,6156.009971
-37.10349,499,6162.892127
-38.762255,499,6170.137299
-37.209916,499,6177.644931
-35.527662,499,6184.050505
-34.653023,499,6191.203424
-36.878032,499,6198.512942
-43.167957,499,6205.392133
-39.361206,499,6213.369179
-41.169555,499,6220.014827
-35.34894,499,6226.962811
-38.911046,499,6233.781109
-37.64728,499,6240.333562
-40.553546,499,6247.711563
-37.92663,499,6254.201894
-40.025716,499,6260.790538
-39.65455,499,6266.92189
-37.359884,499,6273.024867
-43.543096,499,6280.211782
-39.972715,499,6286.869516
-39.892995,499,6293.6966
-38.958724,499,6300.688384
-38.897578,499,6312.400475
-44.102737,499,6320.630449
-39.641197,499,6327.310747
-39.781004,499,6335.304889
-39.145775,499,6342.03038
-43.8642,499,6348.687542
-38.432512,499,6356.408149
-37.760028,499,6363.046017
-35.677357,499,6370.059369
-41.05746,499,6376.678567
-44.26617,499,6383.360444
-38.229283,499,6390.882631
-38.795215,499,6397.3777
-38.017566,499,6403.896791
-44.419141,499,6410.484047
-35.404985,499,6417.201791
-39.604814,499,6424.472807
-41.025771,499,6431.413207
-40.338061,499,6437.768602
-38.12804,499,6444.241096
-35.528397,499,6450.597506
-38.119813,499,6457.904387
-37.264197,499,6464.315601
-38.196405,499,6471.277759
-42.547093,499,6477.686137
-37.025632,499,6485.016803
-38.721141,499,6492.946075
-43.115467,499,6499.790791
-38.609347,499,6506.822945
-39.863698,499,6513.228108
-39.735313,499,6519.783597
-35.24444,499,6527.10164
-37.7566,499,6534.414739
-39.070731,499,6541.301186
-42.233687,499,6547.321904
-37.633495,499,6553.345083
-36.637455,499,6560.273705
-42.43272,499,6566.282914
-37.517865,499,6572.334942
-38.581706,499,6578.379181
-41.618218,499,6584.379545
-36.805225,499,6591.429707
-39.048826,499,6597.436455
-41.433521,499,6603.454655
-38.823622,499,6609.470536
-41.739597,499,6615.488028
-35.598449,499,6622.442183
-41.684861,499,6628.538737
-41.916428,499,6634.580619
-40.963876,499,6640.683642
-38.982042,499,6649.180799
-37.589059,499,6656.260298
-39.136984,499,6662.268282
-40.590381,499,6668.304193
-36.646102,499,6674.328866
-41.796252,499,6680.33489
-37.748974,499,6687.343603
-39.133435,499,6693.546277
-39.566129,499,6699.793821
-39.132954,499,6706.086966
-38.857533,499,6712.399774
-39.530733,499,6719.638901
-43.353983,499,6725.999415
-42.0353,499,6732.210378
-37.706233,499,6738.943827
-38.022828,499,6745.561967
-36.783934,499,6752.879459
-41.450821,499,6759.098607
-35.834486,499,6765.579296
-40.963988,499,6772.006476
-39.963653,499,6778.721193
-39.029796,499,6786.572944
-35.657192,499,6793.375889
-36.840874,499,6799.812204
-39.075608,499,6806.198306
-39.309531,499,6812.822868
-38.157945,499,6820.446488
-40.494518,499,6827.005357
-40.188846,499,6833.534872
-39.743389,499,6840.276666
-37.958171,499,6846.845215
-35.379719,499,6854.052166
-36.744756,499,6860.753913
-38.772907,499,6866.940884
-44.8588,499,6873.707531
-41.218526,499,6880.141327
-41.009926,499,6887.883301
-40.61057,499,6894.455903
-39.0209,499,6900.921379
-37.123172,499,6907.408022
-40.317474,499,6913.96523
-36.360437,499,6921.841215
-39.115844,499,6928.307698
-38.752955,499,6934.965375
-37.982212,499,6941.305965
-35.979945,499,6947.539489
-37.687033,499,6954.776293
-37.29578,499,6961.0939
-37.145672,499,6967.531266
-38.407284,499,6974.745932
-35.899036,499,6983.67417
-35.648634,499,6991.184118
-36.344362,499,6997.505584
-34.383672,499,7004.038818
-41.041039,499,7010.462318
-38.920401,499,7017.296281
-41.03165,499,7024.902393
-38.428691,499,7031.453026
-35.43785,499,7037.941298
-38.986838,499,7044.70568
-39.806913,499,7051.451604
-39.15579,499,7059.027321
-40.582407,499,7065.403839
-38.4057,499,7072.198699
-38.254264,499,7079.201311
-39.058052,499,7086.025834
-40.904831,499,7093.648733
-37.751167,499,7100.509758
-40.368546,499,7107.013938
-38.659079,499,7113.254402
-42.231126,499,7120.389161
-41.535354,499,7128.842689
-35.625059,499,7135.457759
-39.075179,499,7141.80252
-41.915351,499,7148.028034
-37.565529,499,7154.173112
-38.571153,499,7161.49386
-35.686642,499,7168.239372
-37.190375,499,7174.547781
-42.39599,499,7180.984884
-41.568038,499,7187.174786
-40.775864,499,7194.655134
-38.593816,499,7201.288755
-40.986401,499,7207.428502
-36.472969,499,7214.596403
-37.338649,499,7221.2832
-42.490693,499,7228.731027
-40.512537,499,7236.261336
-36.817208,499,7243.432562
-39.554584,499,7249.969136
-37.428906,499,7256.262719
-37.439779,499,7263.501502
-38.269436,499,7270.080099
-40.253934,499,7276.488581
-36.990198,499,7282.839444
-37.47508,499,7289.373489
-43.194642,499,7296.569016
-37.595188,499,7302.760798
-37.317353,499,7309.318815
-41.528024,499,7315.655067
-36.722682,499,7324.838266
-37.599711,499,7331.25344
-38.287225,499,7339.060575
-40.717805,499,7345.398463
-38.365365,499,7351.680655
-34.454788,499,7357.933065
-40.766704,499,7364.680436
-39.282049,499,7371.880175
-37.13812,499,7378.144058
-37.966512,499,7384.236091
-38.912055,499,7391.083618
-38.461199,499,7397.495535
-39.096852,499,7404.710625
-40.444262,499,7411.319897
-39.898183,499,7417.591927
-38.584409,499,7423.955121
-38.549612,499,7430.364603
-41.861138,499,7438.171755
-40.527324,499,7445.106083
-38.649005,499,7451.473434
-39.32984,499,7457.609852
-39.202473,499,7463.795248
-39.919586,499,7470.924382
-38.58315,499,7477.617585
-42.008028,499,7484.730049
-40.354466,499,7491.652704
-37.887996,499,7497.83438
-37.935314,499,7505.187549
-36.874696,499,7511.352739
-39.578494,499,7518.480548
-37.264738,499,7524.805806
-40.131903,499,7531.573504
-42.169146,499,7539.639415
-41.443628,499,7545.879581
-35.504698,499,7551.936786
-38.930756,499,7558.052376
-40.143953,499,7564.111164
-37.07505,499,7571.057273
-37.774809,499,7577.030229
-40.383841,499,7583.274883
-38.543985,499,7589.328073
-37.172933,499,7595.399479
-36.868517,499,7602.414243
-39.886142,499,7609.267404
-38.631353,499,7617.873055
-35.317901,499,7624.294037
-39.953145,499,7630.814762
-37.684222,499,7638.066704
-38.87804,499,7644.656439
-40.567731,499,7650.944449
-35.4083,499,7660.078828
-35.470917,499,7666.985881
-35.243001,499,7674.242005
-44.653374,499,7680.377237
-44.345618,499,7686.724161
-39.717478,499,7693.341857
-40.903225,499,7699.522395
-39.233366,499,7706.82231
-37.35759,499,7713.526452
-36.643849,499,7720.245559
-36.331313,499,7726.634006
-40.292084,499,7733.705569
-39.615606,499,7740.808099
-35.404517,499,7747.279449
-36.975498,499,7753.492895
-38.030656,499,7759.720218
-36.326158,499,7766.110578
-40.454708,499,7773.874175
-35.771202,499,7780.026474
-35.652213,499,7786.35082
-35.901881,499,7792.679463
-36.700613,499,7799.139424
-33.499099,499,7806.772525
-39.408486,499,7813.063019
-37.722035,499,7819.743224
-38.60028,499,7826.10753
-39.23155,499,7832.309319
-35.268148,499,7843.834429
-38.261424,499,7849.981723
-39.897043,499,7856.026408
-39.004951,499,7861.99643
-39.95697,499,7868.075131
-38.247608,499,7875.140579
-39.285198,499,7881.134242
-37.639676,499,7887.077164
-39.254081,499,7893.026829
-39.398475,499,7899.009607
-39.422337,499,7905.934223
-41.915149,499,7912.36116
-39.371294,499,7919.215273
-42.470996,499,7925.614076
-35.965332,499,7931.967352
-41.330492,499,7950.004464
-41.063775,499,7956.568074
-38.943441,499,7963.238259
-37.621568,499,7969.664078
-36.038144,499,7975.818978
-36.447698,499,7983.291921
-40.50477,499,7989.695155
-39.0385,499,7996.707693
-40.599903,499,8005.663375
-37.33818,499,8012.280811
-38.574486,499,8019.455076
-42.321682,499,8025.986655
-36.262331,499,8032.206438
-39.980844,499,8038.388378
-39.837107,499,8044.814947
-40.020841,499,8051.974265
-38.213083,499,8058.257678
-35.762454,499,8064.487437
-36.588145,499,8070.861615
-37.767949,499,8077.542156
-40.336093,499,8085.408547
-38.318681,499,8091.727873
-39.505533,499,8097.936474
-41.253223,499,8104.039773
-37.96109,499,8110.329873
-37.827229,499,8117.61038
-39.680575,499,8124.713837
-38.541669,499,8131.652162
-36.476641,499,8137.939354
-38.588206,499,8144.366592
-42.771261,499,8151.504234
-35.340191,499,8157.859299
-36.215958,499,8164.277356
-38.708382,499,8170.606833
-40.633176,499,8176.852885
-39.295322,499,8183.8374
-38.054743,499,8190.639268
-39.509504,499,8197.178405
-35.016152,499,8203.998227
-38.498714,499,8210.534626
-39.402195,499,8217.838877
-40.254739,499,8223.980975
-40.234052,499,8230.02121
-37.995962,499,8236.139287
-40.68381,499,8242.769098
-42.009839,499,8250.127561
-38.436145,499,8256.377113
-37.998818,499,8263.002501
-40.360654,499,8269.379208
-40.294529,499,8275.786786
-38.636816,499,8282.950561
-37.234549,499,8288.963708
-40.948301,499,8295.074109
-39.143357,499,8301.43036
-37.916435,499,8307.783151
-38.734665,499,8315.665109
-38.138239,499,8321.770375
-38.87552,499,8328.525024
-39.831728,499,8337.012473
-44.764889,499,8344.045343
-38.967508,499,8351.308007
-36.577239,499,8357.434043
-40.630825,499,8363.612456
-38.181764,499,8370.434699
-41.109812,499,8376.835235
-37.225256,499,8384.275012
-40.039862,499,8390.721171
-40.080853,499,8396.933223
-35.855925,499,8403.625402
-34.391178,499,8409.825909
-37.20927,499,8417.674964
-40.182817,499,8423.838706
-35.871889,499,8429.981393
-41.993606,499,8436.248181
-39.264925,499,8442.320874
-38.818244,499,8449.47424
-39.795025,499,8456.103185
-37.440113,499,8462.288376
-35.861691,499,8468.753656
-33.680967,499,8475.338084
-40.905219,499,8482.608479
-47.169609,499,8488.941475
-40.33859,499,8495.14493
-40.913182,499,8501.457614
-38.950472,499,8508.252844
-36.997153,499,8516.252543
-34.231639,499,8522.665156
-36.275595,499,8528.801774
-38.155923,499,8535.514834
-38.856519,499,8541.751339
-35.77374,499,8549.924401
-38.766131,499,8557.008155
-38.530808,499,8563.569984
-37.983385,499,8570.13533
-39.425194,499,8576.282145
-34.679528,499,8583.709775
-37.068169,499,8591.169501
-38.997917,499,8598.175456
-33.588277,499,8604.632618
-35.283252,499,8611.282409
-37.735624,499,8618.514714
-41.660212,499,8624.861849
-40.288858,499,8631.346758
-40.513518,499,8637.696221
-36.22363,499,8645.382978
-37.729244,499,8652.867276
-39.002128,499,8659.649482
-39.925951,499,8667.232399
-39.65811,499,8675.997647
-39.379827,499,8682.449381
-39.310124,499,8689.644791
-37.999968,499,8696.226689
-43.790253,499,8702.590698
-39.119761,499,8708.768083
-37.309089,499,8714.976807
-41.880764,499,8722.365622
-38.473687,499,8729.170205
-43.415431,499,8735.403582
-37.641797,499,8741.637442
-41.732527,499,8747.882507
-37.340766,499,8754.957064
-40.543511,499,8761.245167
-39.643176,499,8767.762403
-39.19551,499,8774.134004
-32.932382,499,8780.847433
-41.752001,499,8788.071215
-44.867735,499,8795.00598
-39.014337,499,8801.433169
-37.724569,499,8807.939587
-37.287648,499,8814.833434
-42.133287,499,8821.975299
-35.39409,499,8828.049914
-38.639609,499,8834.393797
-39.443365,499,8840.531101
-40.427966,499,8847.250635
-37.210584,499,8854.377187
-34.9348,499,8860.602037
-39.779762,499,8866.622885
-36.578273,499,8872.788083
-39.985923,499,8878.794415
-41.383407,499,8885.727065
-35.25546,499,8891.826531
-39.772154,499,8897.777213
-39.527472,499,8904.124025
-39.780922,499,8910.333564
-38.647837,499,8917.245782
-41.965237,499,8923.851014
-36.636276,499,8930.042358
-40.385779,499,8936.004251
-39.999632,499,8942.127526
-40.551491,499,8949.197176
-36.212704,499,8955.620369
-37.029446,499,8961.893846
-42.321322,499,8968.628502
-38.078545,499,8974.814438
-36.75926,499,8983.001914
-40.728726,499,8989.413285
-36.208229,499,8995.655778
-39.585477,499,9004.130642
-38.767504,499,9011.119282
-40.844462,499,9018.534964
-41.621895,499,9024.784338
-35.109258,499,9031.23571
-42.433023,499,9037.559164
-41.015835,499,9044.255455
-39.869157,499,9051.400388
-38.669311,499,9057.647715
-38.497705,499,9063.852244
-39.319951,499,9070.523024
-38.554786,499,9077.540258
-36.579424,499,9091.477038
-41.171217,499,9097.988434
-41.289061,499,9104.720966
-38.075568,499,9111.176875
-38.694419,499,9117.370613
-39.818307,499,9124.931625
-36.679859,499,9131.370666
-40.834327,499,9137.913935
-43.587285,499,9144.258254
-42.106506,499,9150.511063
-37.563977,499,9157.605377
-36.321733,499,9163.95849
-37.451533,499,9170.58077
-39.766701,499,9176.914224
-36.579725,499,9183.875175
-39.744827,499,9190.95857
-38.972039,499,9197.255545
-38.989189,499,9204.128813
-37.367004,499,9210.255146
-37.102421,499,9216.811197
-37.684725,499,9224.5142
-37.298777,499,9231.331174
-39.846346,499,9238.622874
-38.729519,499,9245.027477
-40.328714,499,9251.471958
-39.719061,499,9258.844403
-36.380754,499,9265.289856
-34.761185,499,9271.679041
-36.187509,499,9278.238462
-39.279888,499,9284.579248
-44.782393,499,9291.981202
-42.888675,499,9298.321538
-40.118664,499,9304.784252
-40.613935,499,9312.691354
-37.367465,499,9319.269291
-35.229922,499,9328.296558
-38.206145,499,9336.33407
-38.209821,499,9343.002842
-35.606485,499,9352.321839
-37.826267,499,9359.544158
-37.827494,499,9367.046567
-36.537088,499,9373.639692
-37.868288,499,9380.182849
-39.657318,499,9387.4377
-37.264798,499,9394.100803
-38.410774,499,9401.786776
-35.352139,499,9408.716139
-34.644903,499,9415.369224
-34.766043,499,9421.944102
-35.226953,499,9428.910586
-39.655791,499,9436.555128
-40.906122,499,9443.195108
-41.781753,499,9450.409238
-35.379504,499,9457.43958
-36.480095,499,9465.06535
-39.139639,499,9473.270563
-39.207711,499,9480.177823
-38.601357,499,9486.790279
-39.540906,499,9493.588036
-39.82298,499,9500.144366
-38.616334,499,9507.949534
-39.27439,499,9515.018325
-41.646577,499,9522.476972
-39.325974,499,9529.19826
-39.655738,499,9535.829926
-38.508949,499,9543.531453
-40.64138,499,9550.339187
-39.298639,499,9557.632787
-36.922037,499,9564.294138
-39.584437,499,9570.81881
-40.557424,499,9578.745167
-37.231929,499,9585.553322
-39.737636,499,9592.09808
-34.61911,499,9598.697564
-38.592939,499,9605.540887
-42.493169,499,9613.285851
-36.801419,499,9619.699844
-41.541903,499,9626.363584
-37.387587,499,9633.678401
-42.03982,499,9640.336402
-37.464805,499,9648.130325
-36.945339,499,9654.671887
-40.479433,499,9661.34936
-39.237994,499,9668.269222
-34.901905,499,9675.174711
-35.924821,499,9683.410036
-38.621162,499,9690.270602
-36.454035,499,9697.006498
-38.476869,499,9707.638121
-39.807316,499,9714.746056
-37.678829,499,9722.388036
-38.358362,499,9728.882822
-42.507594,499,9735.676551
-39.107649,499,9742.462495
-39.531287,499,9749.594826
-41.522483,499,9757.24084
-36.265795,499,9764.292088
-38.264702,499,9770.86701
-36.516297,499,9777.543314
-40.284627,499,9784.803306
-36.605275,499,9792.398109
-35.346615,499,9799.039333
-40.894275,499,9806.303907
-39.272081,499,9813.082
-37.445762,499,9819.698899
-37.336228,499,9827.57606
-38.431531,499,9834.40183
-38.516746,499,9840.91598
-38.351804,499,9847.873142
-37.890116,499,9854.66692
-40.031814,499,9862.751394
-36.914126,499,9869.801821
-39.345575,499,9876.394904
-42.544695,499,9884.269677
-41.366037,499,9890.858988
-37.904234,499,9898.809217
-39.385061,499,9905.434264
-37.373145,499,9912.116801
-41.534616,499,9918.939115
-37.276439,499,9926.544405
-43.850016,499,9935.691035
-38.716486,499,9942.218941
-40.559792,499,9949.461314
-39.051641,499,9956.415251
-39.741557,499,9963.242964
-39.462607,499,9970.952147
-39.281496,499,9977.836445
-39.693611,499,9984.600944
-40.153725,499,9991.272896
-37.790907,499,9997.800527
-36.707406,499,10005.395529
-37.764413,499,10012.057315
-39.320883,499,10018.549739
-37.351465,499,10025.142128
-38.693466,499,10032.128974
-40.256212,499,10040.313822
-38.670549,499,10047.15758
-37.660816,499,10053.664901
-35.161576,499,10062.653308
-40.423911,499,10070.277349
-39.364122,499,10078.459334
-36.840335,499,10085.068256
-41.212995,499,10092.388149
-40.164307,499,10099.587655
-39.795124,499,10106.450445
-39.596383,499,10114.184054
-34.204774,499,10120.991314
-35.431677,499,10127.661693
-35.86602,499,10134.451357
-45.830081,499,10140.918441
-42.953141,499,10148.490805
-39.453755,499,10155.279875
-39.758514,499,10161.839964
-39.209862,499,10168.710364
-37.177554,499,10175.177971
-35.216268,499,10182.898432
-36.556299,499,10190.493021
-39.113536,499,10197.32655
-38.421148,499,10204.486991
-36.488472,499,10211.896047
-35.948124,499,10219.527367
-36.892196,499,10226.165903
-38.218922,499,10232.554024
-40.452481,499,10240.624429
-38.025775,499,10247.268953
-36.769393,499,10255.072973
-36.76518,499,10261.718352
-35.849512,499,10268.323643
-33.486156,499,10275.818151
-41.368976,499,10282.296076
-39.115,499,10289.829254
-40.72409,499,10296.673956
-39.344309,499,10304.463256
-37.007698,499,10311.784979
-38.696838,499,10318.731378
-39.74384,499,10326.511433
-38.815362,499,10332.9814
-40.009913,499,10339.709002
-38.123889,499,10346.158471
-38.757961,499,10352.784144
-38.682713,499,10360.603166
-37.803596,499,10367.666026
-38.572818,499,10374.500969
-40.483973,499,10381.841465
-39.581758,499,10388.490533
-38.923147,499,10396.400461
-43.478429,499,10402.931234
-34.718035,499,10409.890199
-41.437662,499,10418.829179
-39.655813,499,10425.707721
-37.858699,499,10433.670335
-37.765944,499,10440.327959
-34.843116,499,10447.184099
-37.970826,499,10455.582942
-41.314768,499,10462.284914
-39.842994,499,10470.112168
-39.84082,499,10477.091215
-37.370442,499,10484.155089
-38.196884,499,10490.763099
-41.341922,499,10497.562109
-34.918979,499,10505.30519
-40.884595,499,10511.926232
-38.986615,499,10518.599394
-37.700664,499,10525.113658
-39.204341,499,10532.833189
-36.408335,499,10550.322078
-35.931872,499,10556.834722
-38.227492,499,10563.415196
-39.054848,499,10570.317345
-37.777124,499,10577.294946
-37.402609,499,10584.782202
-41.117983,499,10591.227362
-37.329154,499,10597.799476
-38.486812,499,10604.385447
-38.903142,499,10610.970961
-37.421524,499,10618.638682
-38.531501,499,10625.122824
-35.838035,499,10631.564389
-42.142601,499,10638.502832
-35.03516,499,10645.152844
-35.324685,499,10652.809841
-39.106889,499,10659.281669
-37.679307,499,10665.975698
-37.615505,499,10672.738083
-36.6462,499,10679.267401
-40.146214,499,10686.891404
-37.291271,499,10693.445477
-36.175211,499,10700.05724
-39.961483,499,10706.689414
-39.919709,499,10714.072363
-37.894466,499,10721.801984
-38.271815,499,10729.125906
-42.497869,499,10736.134619
-42.484583,499,10743.087555
-37.382831,499,10749.838608
-37.966481,499,10757.569019
-41.414235,499,10764.059977
-38.555754,499,10770.746392
-38.12681,499,10779.983379
-37.839308,499,10787.125349
-43.0262,499,10793.740112
-39.221495,499,10801.319365
-39.151135,499,10808.160333
-36.89495,499,10814.946237
-40.077511,499,10821.501704
-40.793827,499,10828.045934
-40.486917,499,10835.857669
-41.237487,499,10842.820812
-40.029724,499,10849.379404
-35.865925,499,10855.886006
-37.653876,499,10862.619354
-38.542836,499,10870.059183
-39.501434,499,10876.469226
-38.619651,499,10882.90467
-39.574757,499,10889.296367
-39.0245,499,10895.677128
-38.508481,499,10903.150014
-36.712856,499,10909.678468
-38.057171,499,10916.116163
-40.858575,499,10922.778015
-34.431493,499,10929.193365
-42.907782,499,10936.712421
-37.930067,499,10943.353348
-39.636785,499,10949.74318
-38.755385,499,10956.236474
-34.706151,499,10962.630286
-35.782687,499,10970.107787
-34.383639,499,10976.558682
-40.868991,499,10982.976676
-43.802397,499,10989.789395
-40.466551,499,10996.339349
-40.31152,499,11003.846901
-37.490981,499,11010.242569
-37.422813,499,11017.183177
-35.78879,499,11023.693684
-35.329242,499,11030.143809
-39.452559,499,11037.586073
-39.191564,499,11044.1334
-37.574324,499,11050.84152
-38.489187,499,11057.747647
-37.603152,499,11064.686357
-35.889506,499,11073.36378
-41.814348,499,11079.964298
-35.798231,499,11086.771452
-35.806177,499,11093.494121
-39.485474,499,11100.716705
-34.983418,499,11108.366898
-33.192736,499,11115.34498
-38.624602,499,11125.20362
-40.667618,499,11132.743026
-40.324872,499,11139.843167
-38.441383,499,11147.882344
-37.057441,499,11154.601917
-37.067833,499,11161.474473
-37.888275,499,11168.154339
-40.066241,499,11174.902553
-38.198649,499,11182.805486
-40.168882,499,11189.615974
-37.116174,499,11196.721718
-38.197837,499,11203.462175
-39.529878,499,11210.294131
-40.196445,499,11217.924745
-36.462633,499,11224.429919
-41.250447,499,11231.182694
-38.785962,499,11238.040931
-44.47698,499,11245.329243
-35.270924,499,11253.230681
-40.667452,499,11259.952382
-39.83746,499,11266.561296
-39.648376,499,11273.183717
-37.881101,499,11279.873018
-38.397967,499,11288.838983
-35.636579,499,11295.509101
-39.811891,499,11302.648871
-41.859362,499,11309.415787
-39.70187,499,11316.302265
-36.140561,499,11323.827643
-36.385763,499,11330.340833
-40.273618,499,11336.803189
-36.773658,499,11343.514164
-38.332204,499,11349.98586
-40.375787,499,11357.526022
-38.596258,499,11363.999533
-37.400754,499,11370.588911
-36.502744,499,11377.291655
-35.874391,499,11384.044647
-36.171441,499,11391.67706
-40.831516,499,11398.342462
-38.399721,499,11404.736891
-35.170086,499,11411.265778
-41.558467,499,11417.63037
-36.875116,499,11425.045278
-38.79009,499,11432.148256
-38.666031,499,11438.580523
-40.320261,499,11445.107481
-34.927398,499,11451.644532
-38.122933,499,11459.230212
-38.517711,499,11465.588458
-37.13333,499,11474.496282
-36.189261,499,11481.243602
-38.399135,499,11487.774948
-40.210167,499,11495.231867
-38.941387,499,11501.618526
-35.932187,499,11507.980047
-41.175191,499,11514.594362
-32.935643,499,11520.996174
-40.291891,499,11528.496308
-37.607391,499,11534.897134
-39.858133,499,11541.299993
-39.263548,499,11547.663679
-35.686853,499,11554.15653
-40.556267,499,11561.561915
-40.547389,499,11568.079191
-38.256062,499,11574.852121
-36.352186,499,11581.555242
-38.480774,499,11588.041525
-38.805875,499,11595.737372
-37.526355,499,11602.281448
-38.282891,499,11608.952931
-41.756639,499,11615.388096
-39.296044,499,11621.935914
-36.089464,499,11629.384513
-38.285449,499,11635.827805
-39.020785,499,11642.575711
-37.32944,499,11649.043601
-40.09294,499,11655.559383
-42.61483,499,11663.524044
-41.753993,499,11670.197935
-36.392306,499,11676.741644
-38.225168,499,11683.42362
-35.57538,499,11690.086192
-40.564682,499,11697.596263
-36.699627,499,11704.599548
-38.453458,499,11711.04226
-37.920641,499,11717.536283
-39.285504,499,11724.364694
-35.720944,499,11732.145984
-36.073544,499,11739.107392
-40.43954,499,11745.946965
-35.525165,499,11752.466111
-39.508007,499,11759.664167
-38.994212,499,11767.172244
-39.413488,499,11773.615745
-39.052052,499,11780.237829
-38.13569,499,11786.69152
-36.096998,499,11793.786983
-35.868624,499,11801.850285
-39.020516,499,11809.202408
-44.848951,499,11818.315183
-40.078603,499,11826.033106
-41.212101,499,11832.613309
-38.936078,499,11840.324218
-36.71079,499,11847.233739
-35.95387,499,11853.714365
-37.483526,499,11860.168198
-38.310756,499,11866.795196
-38.45261,499,11874.427296
-35.544074,499,11880.981202
-38.267904,499,11887.695987
-36.640312,499,11894.354438
-35.311126,499,11901.026577
-38.802332,499,11908.613893
-37.754243,499,11915.24398
-39.166424,499,11921.817028
-35.387055,499,11928.270154
-35.962405,499,11935.494407
-35.53698,499,11943.114812
-35.462734,499,11950.588424
-42.363356,499,11956.983887
-39.639033,499,11963.385472
-40.575825,499,11969.805437
-34.821592,499,11977.913418
-38.934868,499,11984.013972
-36.663641,499,11990.125756
-38.082119,499,11996.201721
-38.856467,499,12002.373898
-38.390169,499,12009.339577
-38.351229,499,12015.402766
-36.642159,499,12021.488034
-40.232878,499,12027.504834
-38.619644,499,12033.968534
-36.595593,499,12041.130253
-37.365199,499,12047.223334
-37.359928,499,12053.451031
-40.915787,499,12059.576591
-38.178673,499,12065.775175
-36.27415,499,12072.867688
-37.763619,499,12079.01631
-41.710828,499,12085.179753
-37.066885,499,12091.299724
-38.269032,499,12097.464033
-34.422938,499,12104.536786
-39.987165,499,12110.735285
-43.248726,499,12116.860134
-37.20897,499,12122.944533
-39.516202,499,12129.003278
-37.283444,499,12136.049434
-41.482238,499,12142.133806
-36.139471,499,12151.620611
-37.094423,499,12159.024906
-38.731878,499,12165.696942
-40.556098,499,12173.36952
-35.67894,499,12179.97742
-36.558259,499,12186.704081
-35.95096,499,12194.417347
-37.715195,499,12200.99492
-37.622042,499,12208.569274
-41.348304,499,12215.181324
-35.139333,499,12221.6167
-38.143491,499,12228.222398
-41.107848,499,12234.660915
-37.667782,499,12242.182542
-38.484542,499,12248.691246
-37.7217,499,12255.717841
-35.125317,499,12262.523547
-39.433437,499,12269.201523
-35.817249,499,12277.160106
-39.468223,499,12283.779434
-36.457855,499,12290.520176
-34.652249,499,12296.94534
-39.773374,499,12304.382822
-38.427954,499,12312.261926
-35.673988,499,12318.71953
-39.432481,499,12325.203697
-36.074696,499,12332.442348
-38.963459,499,12339.120287
-39.565911,499,12346.817338
-37.474414,499,12354.097065
-40.918279,499,12360.757446
-34.621045,499,12367.161146
-39.571024,499,12373.688621
-39.443583,499,12381.36292
-42.136128,499,12388.368777
-36.755281,499,12395.05679
-36.512817,499,12401.95084
-39.242887,499,12408.84472
-37.9459,499,12416.300939
-35.98767,499,12422.698012
-41.796025,499,12429.445798
-39.296673,499,12435.942995
-39.03863,499,12442.951502
-37.203321,499,12450.414612
-38.257019,499,12456.792097
-38.4026,499,12463.470959
-37.994048,499,12469.98764
-42.414875,499,12476.74698
-40.208009,499,12484.410547
-38.3336,499,12491.502945
-35.398108,499,12501.646282
-36.002337,499,12508.711259
-39.689213,499,12515.416644
-35.326271,499,12523.030025
-38.095576,499,12529.453651
-40.35371,499,12535.991805
-38.700835,499,12542.567971
-35.032943,499,12549.034575
-35.055085,499,12559.606162
-38.352351,499,12566.041541
-37.409443,499,12572.84496
-36.405308,499,12579.305335
-39.628989,499,12585.940676
-39.842202,499,12593.431209
-37.852234,499,12600.652088
-39.854623,499,12607.106632
-34.309216,499,12613.576831
-35.827478,499,12620.236158
-35.532312,499,12627.936955
-45.092374,499,12634.539682
-40.254578,499,12641.338543
-39.021414,499,12647.987959
-38.266632,499,12654.479266
-38.139739,499,12661.994993
-36.01122,499,12668.449919
-37.619262,499,12674.851177
-35.193755,499,12681.568345
-35.787064,499,12688.057898
-37.9175,499,12695.506121
-36.88864,499,12702.120814
-36.031211,499,12709.088774
-37.490219,499,12715.841718
-37.831237,499,12722.201287
-38.111162,499,12730.788383
-37.013812,499,12737.327266
-35.094946,499,12743.998245
-34.572024,499,12750.504429
-35.023157,499,12757.181318
-32.848696,499,12764.851676
-39.066675,499,12771.606325
-37.15701,499,12778.144384
-40.162432,499,12785.048608
-39.376655,499,12791.754237
-36.237816,499,12799.193921
-38.347321,499,12805.734683
-38.541019,499,12812.530251
-37.981861,499,12819.76871
-39.802216,499,12826.610129
-37.827983,499,12834.130269
-37.751896,499,12841.255225
-38.158558,499,12850.170041
-38.973863,499,12857.290823
-38.086485,499,12863.800465
-38.55911,499,12871.927943
-38.399755,499,12878.349691
-40.263278,499,12885.205969
-41.425928,499,12892.143422
-36.040915,499,12898.566345
-39.964113,499,12906.119285
-38.741394,499,12912.927796
-39.237433,499,12919.317402
-38.10484,499,12925.728109
-34.31331,499,12932.598297
-38.146792,499,12940.74141
-41.545561,499,12947.476801
-39.96072,499,12954.135621
-39.148533,499,12960.594976
-37.239308,499,12967.802649
-38.153165,499,12975.43735
-37.669563,499,12982.444655
-35.235458,499,12990.012246
-40.256269,499,12997.181582
-39.138033,499,13003.834112
-36.974415,499,13011.38097
-37.935486,499,13018.611548
-35.817883,499,13025.139806
-37.080957,499,13031.636556
-37.206137,499,13038.03453
-38.163555,499,13045.45457
-35.893847,499,13051.874683
-37.103128,499,13058.46548
-41.625936,499,13064.913016
-36.511815,499,13071.708494
-39.134481,499,13079.258486
-38.851036,499,13085.725174
-36.671094,499,13092.480325
-37.056885,499,13098.936843
-36.39042,499,13105.690634
-41.098951,499,13113.751492
-36.304806,499,13120.893696
-34.928327,499,13127.538731
-41.597096,499,13134.023827
-38.775139,499,13141.031362
-37.810387,499,13149.131412
-35.042635,499,13156.31021
-39.433303,499,13163.119461
-36.943261,499,13170.377134
-38.653665,499,13177.078396
-38.963834,499,13184.777828
-40.072497,499,13191.400195
-36.844045,499,13200.560021
-36.949805,499,13208.013552
-41.571587,499,13215.147126
-41.167185,499,13223.122327
-37.301084,499,13230.39631
-37.702419,499,13237.565069
-39.863751,499,13244.52964
-37.354934,499,13251.264757
-39.089835,499,13259.610779
-38.204613,499,13266.136693
-42.321197,499,13272.687366
-36.989355,499,13279.11364
-38.347338,499,13285.580643
-37.211405,499,13293.77252
-40.108239,499,13300.286127
-37.326486,499,13306.680299
-40.742312,499,13313.227781
-42.01378,499,13319.953043
-37.566529,499,13327.569032
-36.495558,499,13334.036711
-37.837968,499,13340.745989
-39.398512,499,13347.237927
-38.271944,499,13353.922803
-36.892422,499,13361.575289
-39.200681,499,13368.091062
-36.950686,499,13374.771526
-36.535316,499,13381.255179
-34.581117,499,13387.725854
-39.61018,499,13395.226204
-37.734525,499,13402.053776
-33.706867,499,13408.892514
-41.413323,499,13415.881271
-37.253456,499,13422.370626
-39.495681,499,13429.828528
-37.960737,499,13436.488239
-33.888824,499,13442.949466
-35.690956,499,13449.368971
-34.069253,499,13455.907514
-43.466223,499,13463.74009
-43.105916,499,13470.560994
-38.088905,499,13477.090079
-40.703195,499,13483.942585
-38.293816,499,13490.446103
-35.996843,499,13498.005409
-36.829696,499,13504.500731
-35.127257,499,13511.09016
-38.896397,499,13517.678994
-38.068772,499,13524.046053
-35.03183,499,13538.154289
-35.690216,499,13546.14557
-37.462423,499,13555.384198
-35.57505,499,13561.897773
-39.868844,499,13568.41805
-35.873886,499,13576.237027
-35.568964,499,13583.086722
-37.77991,499,13590.103916
-36.105238,499,13596.620198
-33.194787,499,13603.302494
-40.20441,499,13611.189676
-37.937129,499,13617.578011
-40.902561,499,13624.063743
-39.03803,499,13630.893566
-36.146937,499,13637.884649
-38.423552,499,13645.700792
-38.199633,499,13652.219136
-39.332673,499,13659.008855
-38.736747,499,13665.606833
-39.355303,499,13672.283535
-37.127528,499,13679.691991
-37.250173,499,13686.57798
-40.679013,499,13692.779145
-39.03307,499,13698.947655
-38.429318,499,13705.248285
-40.374132,499,13712.407585
-37.504152,499,13718.835601
-41.681265,499,13725.350318
-35.71453,499,13731.8217
-40.926043,499,13738.356903
-39.704311,499,13745.965319
-38.147829,499,13753.09931
-36.499529,499,13760.379806
-35.395543,499,13767.14714
-37.071815,499,13773.471857
-38.872714,499,13786.023598
-41.785127,499,13793.286146
-39.909718,499,13799.936774
-37.664909,499,13806.390633
-37.352312,499,13812.94889
-39.164135,499,13820.40797
-35.210038,499,13826.843853
-37.605332,499,13833.243749
-38.088535,499,13840.383526
-37.526078,499,13846.753501
-36.999912,499,13854.459773
-35.845615,499,13860.957829
-37.417353,499,13867.747569
-34.956085,499,13874.685824
-40.2303,499,13881.254954
-39.006317,499,13889.479538
-37.395326,499,13895.82732
-40.3444,499,13905.404856
-37.646795,499,13912.224513
-39.528046,499,13918.589696
-37.936878,499,13926.196357
-37.862089,499,13932.840405
-36.483658,499,13939.256695
-37.428187,499,13946.005058
-40.648111,499,13952.345204
-35.463833,499,13959.797355
-35.667185,499,13966.051115
-39.451752,499,13972.550247
-38.033286,499,13979.291205
-39.04469,499,13986.29488
-35.334256,499,13994.031187
-40.664241,499,14000.774882
-34.900528,499,14007.140576
-38.525256,499,14013.511502
-38.794263,499,14020.226407
-38.673287,499,14027.605057
-39.767001,499,14033.879155
-34.607377,499,14040.693107
-42.009001,499,14047.050118
-40.76489,499,14053.468038
-36.55827,499,14061.25378
-38.02057,499,14068.062568
-39.418203,499,14074.430932
-38.868832,499,14080.705376
-37.287243,499,14086.850485
-37.173401,499,14094.39321
-41.627327,499,14100.544018
-40.5529,499,14106.874532
-36.609428,499,14113.272232
-37.513104,499,14119.483682
-39.668879,499,14126.79871
-38.64598,499,14133.838695
-38.863728,499,14140.456378
-42.506404,499,14146.59295
-38.346835,499,14152.731823
-38.979515,499,14159.888185
-38.184227,499,14166.262467
-36.950105,499,14172.965183
-39.178374,499,14179.513993
-35.172284,499,14185.926218
-39.807783,499,14193.236808
-37.807521,499,14199.842498
-37.127389,499,14206.598949
-36.175356,499,14213.157156
-36.87934,499,14219.550636
-39.456304,499,14227.7031
-34.923069,499,14234.099856
-39.764204,499,14243.005898
-38.356096,499,14249.80068
-38.331385,499,14256.263588
-37.195419,499,14263.190898
-38.643599,499,14270.868394
-34.741996,499,14277.290171
-33.091781,499,14283.871918
-39.449373,499,14290.334872
-44.211486,499,14296.820469
-38.343306,499,14304.262028
-41.375362,499,14310.590771
-37.857254,499,14316.756179
-37.271034,499,14323.055163
-32.603723,499,14329.173487
-37.11306,499,14336.280748
-37.985827,499,14342.857203
-38.623818,499,14349.421827
-37.512067,499,14356.900085
-36.261077,499,14363.423345
-37.267965,499,14370.851236
-36.993534,499,14377.293545
-38.435171,499,14383.822297
-36.047735,499,14390.833503
-37.828732,499,14397.471014
-35.789884,499,14405.597394
-33.900781,499,14413.246614
-33.62352,499,14419.933534
-34.899734,499,14427.054355
-41.151455,499,14434.574437
-39.462385,499,14442.334037
-40.705827,499,14448.97548
-34.637817,499,14455.44436
-36.156171,499,14461.89796
-36.136343,499,14468.604845
-40.464637,499,14476.083684
-38.644923,499,14482.429946
-39.352519,499,14488.775901
-37.400103,499,14496.50389
-36.864673,499,14502.854183
-40.803156,499,14510.891592
-38.905565,499,14517.326655
-35.020919,499,14524.244302
-40.018687,499,14530.644364
-37.712886,499,14538.415922
-40.356035,499,14545.698705
-35.288461,499,14552.545324
-38.440121,499,14559.254153
-35.963799,499,14565.64451
-41.469213,499,14571.880991
-36.882061,499,14579.064022
-36.77165,499,14588.46664
-32.361915,499,14595.017714
-38.862107,499,14601.218947
-43.154779,499,14607.34462
-37.539657,499,14614.510371
-37.465294,499,14621.003453
-35.239701,499,14627.641836
-39.836718,499,14633.892442
-36.062193,499,14640.064824
-36.285672,499,14647.44691
-39.344891,499,14653.650826
-40.076776,499,14659.908362
-36.851912,499,14666.775872
-34.602209,499,14673.002573
-38.169459,499,14680.508224
-35.844548,499,14686.862517
-39.142399,499,14693.342123
-40.261075,499,14699.769733
-34.150697,499,14706.019714
-38.023335,499,14713.750457
-38.603182,499,14720.602385
-38.664347,499,14726.755953
-38.515872,499,14733.04082
-39.077355,499,14740.273854
-35.814877,499,14747.456809
-37.223496,499,14753.798206
-37.614064,499,14760.602625
-38.161185,499,14766.814474
-35.93184,499,14772.977947
-35.782801,499,14780.364451
-40.16898,499,14787.002949
-37.020877,499,14793.672762
-34.407139,499,14800.268162
-39.896765,499,14806.510159
-34.599969,499,14813.782017
-38.553107,499,14820.421274
-37.267003,499,14826.752772
-37.803975,499,14833.377258
-41.769709,499,14840.187626
-34.037109,499,14847.461031
-41.318728,499,14853.810343
-38.942104,499,14861.231916
-40.397771,499,14868.033031
-37.56046,499,14874.455591
-37.936875,499,14882.217013
-39.066452,499,14888.72565
-38.793081,499,14895.089441
-36.258096,499,14901.490042
-41.122821,499,14907.56906
-39.009133,499,14914.824597
-38.262001,499,14924.294749
-38.949375,499,14930.940472
-38.143936,499,14937.222365
-36.796169,499,14943.640654
-39.709322,499,14950.71143
-41.34671,499,14956.878275
-40.747595,499,14963.121753
-37.122834,499,14969.301334
-35.876948,499,14975.670465
-37.053485,499,14983.352038
-41.524201,499,14989.709275
-35.465277,499,14996.132425
-38.26969,499,15002.344303
-39.742796,499,15009.843715
-37.905346,499,15016.965427
-34.16382,499,15023.287984
-35.637866,499,15031.208863
-38.131009,499,15038.340522
-35.631688,499,15044.842999
-37.976035,499,15052.636226
-39.985292,499,15058.738223
-39.863108,499,15064.955198
-35.9162,499,15071.312855
-37.730215,499,15077.630017
-34.698473,499,15085.064361
-35.37371,499,15091.263879
-37.816535,499,15097.385375
-43.06519,499,15103.826332
-41.846475,499,15110.27019
-39.90021,499,15117.613866
-38.315161,499,15124.182583
-36.058228,499,15130.6936
-36.353583,499,15137.31706
-39.098746,499,15143.915029
-36.744053,499,15151.343614
-36.768665,499,15157.898859
-37.143961,499,15164.481122
-37.07321,499,15170.697114
-36.986399,499,15177.03072
-36.59509,499,15184.472516
-37.9689,499,15191.212789
-36.027636,499,15197.481742
-37.241914,499,15203.853547
-34.660679,499,15210.743486
-35.458862,499,15222.773243
-34.840632,499,15229.107667
-35.017025,499,15235.278538
-39.888275,499,15241.476307
-38.772247,499,15247.805536
-38.24233,499,15255.972454
-37.526843,499,15265.310881
-36.515929,499,15271.836404
-38.085296,499,15278.513048
-38.776912,499,15284.940927
-39.099596,499,15292.528537
-38.711189,499,15299.491702
-38.910591,499,15306.290334
-37.26717,499,15312.762216
-38.595673,499,15319.828778
-38.912109,499,15327.20651
-36.896974,499,15334.243462
-37.299148,499,15340.786831
-37.788021,499,15347.400055
-41.32396,499,15353.558243
-40.666916,499,15360.737412
-35.218486,499,15367.899132
-38.63076,499,15374.49808
-39.754484,499,15381.35127
-36.949112,499,15387.723401
-38.581858,499,15395.263561
-33.894179,499,15401.665896
-38.014168,499,15408.157695
-40.666454,499,15414.359277
-39.101314,499,15421.12922
-40.107249,499,15428.340179
-37.128919,499,15434.57372
-40.749884,499,15440.692708
-36.373919,499,15446.875407
-35.199901,499,15453.92701
-38.595431,499,15461.453607
-39.25575,499,15467.719413
-36.285127,499,15474.320263
-37.557201,499,15480.595326
-37.212858,499,15486.975581
-37.052882,499,15494.459754
-36.711601,499,15500.77358
-38.453111,499,15507.185543
-37.93798,499,15513.662323
-36.906772,499,15519.905093
-42.030387,499,15527.854297
-38.096287,499,15534.054623
-38.231312,499,15540.339266
-40.808178,499,15547.0712
-35.71174,499,15553.43845
-37.704362,499,15560.69137
-35.125583,499,15567.274264
-40.270904,499,15573.739971
-36.750128,499,15580.226779
-34.104801,499,15587.206107
-41.285305,499,15594.442966
-39.788066,499,15603.799162
-36.926782,499,15610.899011
-37.310775,499,15617.545985
-39.222955,499,15623.806399
-36.839475,499,15632.555125
-36.153101,499,15639.396187
-38.339718,499,15645.629168
-39.886661,499,15651.831086
-37.079326,499,15658.164216
-38.210471,499,15665.576784
-41.027354,499,15671.882504
-42.070486,499,15678.41833
-36.07363,499,15685.01234
-37.923513,499,15691.586893
-38.011834,499,15699.329124
-39.01972,499,15707.029722
-38.15921,499,15713.327946
-41.429062,499,15719.779714
-36.953721,499,15725.972899
-38.442211,499,15733.363281
-38.890309,499,15740.580226
-38.359435,499,15746.709595
-38.477145,499,15753.215227
-37.892504,499,15760.619588
-40.356752,499,15767.833082
-42.222202,499,15774.313759
-39.644562,499,15780.770251
-35.718935,499,15786.895511
-37.361991,499,15793.236599
-40.206672,499,15800.435005
-36.912224,499,15806.635519
-36.914169,499,15813.161004
-40.631924,499,15819.569236
-38.663039,499,15825.80962
-36.784189,499,15833.581294
-34.737598,499,15840.287528
-40.031854,499,15846.845768
-37.763548,499,15854.020232
-35.775289,499,15860.515376
-41.864466,499,15868.327327
-38.648776,499,15875.116057
-39.24265,499,15881.229085
-38.720939,499,15887.816519
-34.185143,499,15894.226124
-36.083767,499,15901.817956
-35.724626,499,15908.541653
-46.131054,499,15915.399776
-41.065707,499,15921.955427
-40.508788,499,15928.527375
-39.739459,499,15936.801688
-37.366448,499,15945.77245
-37.621941,499,15952.032548
-35.09914,499,15958.12384
-36.749506,499,15964.662089
-37.795428,499,15972.761801
-38.361612,499,15979.263451
-35.972916,499,15985.835191
-37.281599,499,15992.543049
-36.690771,499,15999.093451
-36.168135,499,16007.465384
-38.721275,499,16014.496131
-36.822182,499,16021.31914
-34.626136,499,16027.860973
-36.181054,499,16034.341282
-36.342475,499,16042.045381
-33.665075,499,16049.745966
-40.400233,499,16056.325987
-38.448814,499,16062.95448
-39.894419,499,16069.482623
-36.939017,499,16077.025932
-35.82339,499,16083.422492
-37.732239,499,16090.012473
-39.205367,499,16096.572798
-38.455623,499,16103.796028
-39.651762,499,16111.396139
-39.278951,499,16118.25933
-38.282918,499,16124.822374
-36.752252,499,16131.521794
-39.036126,499,16138.976917
-36.977332,499,16146.694572
-40.773609,499,16153.325436
-40.283461,499,16160.154181
-38.601624,499,16166.901407
-42.419696,499,16173.557273
-35.997095,499,16181.192608
-40.109796,499,16187.791434
-38.89713,499,16194.958076
-38.526859,499,16201.887275
-38.301993,499,16208.412092
-35.612359,499,16215.985671
-38.04011,499,16222.447262
-41.222371,499,16229.154733
-40.229674,499,16236.496192
-40.311527,499,16242.963796
-37.097004,499,16250.943671
-37.837557,499,16257.377609
-41.142364,499,16264.504442
-35.605261,499,16271.100309
-39.519772,499,16277.962418
-38.290722,499,16286.079279
-40.470219,499,16295.760855
-38.011776,499,16302.67671
-37.20011,499,16309.289448
-35.960483,499,16315.972788
-37.563069,499,16324.688893
-40.39878,499,16331.594217
-37.93112,499,16338.207418
-38.974226,499,16344.981853
-41.337216,499,16351.671139
-38.059517,499,16359.209093
-37.048339,499,16366.03701
-40.014531,499,16372.881769
-38.351882,499,16379.401972
-36.83498,499,16385.847919
-35.817609,499,16393.518502
-42.632007,499,16400.552718
-35.863298,499,16407.057553
-35.700341,499,16413.955154
-39.60294,499,16421.28575
-38.711625,499,16428.880819
-38.958815,499,16435.811934
-37.46244,499,16443.000842
-39.935597,499,16449.858733
-34.876167,499,16456.641075
-36.442179,499,16465.247605
-39.720578,499,16472.08887
-38.64047,499,16478.613676
-38.58022,499,16485.102334
-36.655236,499,16492.020023
-41.63338,499,16499.753946
-40.955315,499,16506.986862
-38.089528,499,16513.502386
-37.135039,499,16520.094586
-42.12031,499,16526.722028
-38.38264,499,16535.22147
-39.17113,499,16542.273369
-36.173496,499,16549.090307
-42.582938,499,16556.247959
-39.486445,499,16563.540679
-37.299585,499,16572.04621
-36.422409,499,16578.599014
-39.132121,499,16585.281337
-38.23897,499,16592.103532
-40.893894,499,16598.874759
-41.476991,499,16607.106888
-41.569103,499,16613.827801
-37.219132,499,16620.403756
-39.295063,499,16626.878658
-35.80968,499,16633.421982
-39.275602,499,16641.029494
-37.178738,499,16650.194602
-37.803178,499,16657.296232
-38.190512,499,16664.424302
-37.015939,499,16671.022426
-36.91658,499,16679.013535
-37.703168,499,16686.308294
-39.916837,499,16693.194539
-33.919863,499,16701.040823
-41.005291,499,16707.675121
-39.905103,499,16715.728127
-39.197387,499,16722.636637
-40.110031,499,16729.319836
-38.225661,499,16736.053844
-34.847176,499,16742.870126
-34.259145,499,16751.235653
-40.598195,499,16757.802779
-45.64491,499,16765.203677
-38.995187,499,16771.79528
-42.474948,499,16778.340999
-38.612461,499,16785.9861
-38.088461,499,16792.546408
-35.991102,499,16799.045018
-34.821881,499,16805.577498
-38.832933,499,16812.41164
-39.185126,499,16820.187936
-38.001366,499,16827.36147
-37.885391,499,16834.776351
-38.325265,499,16841.75448
-35.384795,499,16848.64869
-41.174483,499,16856.540621
-35.036097,499,16863.547407
-35.318697,499,16870.136839
-38.487708,499,16876.852762
-34.944965,499,16883.299018
-32.675277,499,16891.365087
-37.128516,499,16897.826243
-41.736698,499,16904.305131
-39.738095,499,16911.041368
-40.225349,499,16917.80381
-37.37413,499,16925.393375
-36.913623,499,16931.966405
-36.132481,499,16938.881705
-40.384385,499,16945.799176
-39.513112,499,16952.835346
-40.419056,499,16960.520499
-37.647222,499,16967.682315
-36.726266,499,16974.240533
-42.405356,499,16981.038052
-39.660928,499,16987.93589
-37.155778,499,16995.982808
-40.549828,499,17005.105591
-36.322788,499,17012.165675
-43.203615,499,17019.367522
-37.129967,499,17026.957584
-39.091283,499,17034.534962
-37.864433,499,17041.16996
-37.499282,499,17047.810745
-37.809789,499,17054.259095
-38.126001,499,17060.834937
-34.980725,499,17069.067982
-38.810068,499,17075.749252
-44.383853,499,17082.690162
-39.292159,499,17089.611013
-37.811294,499,17096.248399
-37.087173,499,17104.279461
-41.342759,499,17110.782666
-36.939916,499,17117.270601
-36.62447,499,17123.768123
-39.38076,499,17131.112867
-39.14655,499,17138.712874
-37.48025,499,17145.328268
-34.143504,499,17151.923823
-37.612892,499,17158.690645
-36.194481,499,17165.551769
-40.530491,499,17173.28981
-40.730743,499,17179.77194
-35.337197,499,17186.889668
-38.830396,499,17193.660685
-37.579049,499,17200.163199
-37.568511,499,17207.959422
-38.036933,499,17214.777825
-39.351618,499,17221.374388
-33.814298,499,17228.17301
-37.984956,499,17234.908906
-36.977612,499,17242.946926
-38.518247,499,17249.671318
-37.039363,499,17256.934584
-37.056746,499,17265.335696
-39.936497,499,17274.25961
-37.102567,499,17281.842423
-36.195427,499,17288.225682
-41.102916,499,17294.604526
-34.010913,499,17300.990768
-40.545564,499,17307.494581
-36.541609,499,17315.163858
-38.459551,499,17321.638611
-40.045675,499,17328.153468
-33.961235,499,17334.569035
-41.096912,499,17341.052561
-42.046533,499,17348.538039
-40.426893,499,17357.708268
-39.084122,499,17364.16099
-38.659641,499,17370.665132
-39.38535,499,17377.205878
-35.965013,499,17384.792584
-37.120742,499,17391.253332
-41.418881,499,17397.710387
-39.808944,499,17404.200447
-39.29276,499,17410.587481
-38.259475,499,17418.099489
-38.462638,499,17424.777797
-37.037746,499,17431.693319
-40.345031,499,17438.297237
-42.768269,499,17444.809343
-41.326095,499,17452.478023
-37.582746,499,17459.013857
-37.410147,499,17465.406517
-36.247114,499,17472.017319
-39.137801,499,17478.766158
-34.240892,499,17486.494097
-38.879228,499,17493.782018
-38.022698,499,17500.773285
-39.983335,499,17507.612339
-34.762519,499,17514.196364
-37.434901,499,17522.11584
-39.414585,499,17528.95839
-35.202637,499,17535.443276
-40.11061,499,17543.201267
-39.707716,499,17549.785687
-39.546728,499,17557.546021
-38.038009,499,17564.012421
-37.032788,499,17570.604282
-33.786318,499,17577.094546
-35.499153,499,17583.922017
-37.550714,499,17591.436655
-43.417762,499,17597.96797
-42.764443,499,17604.459732
-40.19393,499,17610.93847
-40.629003,499,17617.735741
-36.910508,499,17625.51552
-35.384902,499,17632.096933
-39.03804,499,17638.712432
-38.513036,499,17645.556067
-36.602507,499,17652.519958
-37.146122,499,17660.140504
-37.700823,499,17667.450243
-36.423911,499,17673.903811
-37.33794,499,17680.35013
-38.230295,499,17687.155699
-38.089995,499,17693.679947
-37.50453,499,17703.924181
-36.526405,499,17712.051612
-35.704235,499,17719.093576
-35.140392,499,17726.369422
-35.174854,499,17733.204545
-40.938459,499,17741.686031
-39.770604,499,17748.167429
-38.945864,499,17755.041359
-35.968086,499,17761.662012
-38.346895,499,17768.119613
-40.005441,499,17776.070541
-38.319047,499,17782.52884
-39.889998,499,17788.975704
-38.553048,499,17795.690922
-38.078103,499,17802.347818
-36.611019,499,17809.83756
-40.35089,499,17816.640386
-40.721944,499,17823.189349
-38.346165,499,17829.694905
-39.794568,499,17836.546143
-37.368152,499,17844.330453
-42.866272,499,17851.318433
-40.225067,499,17857.929792
-37.298673,499,17865.593498
-39.122716,499,17872.267045
-41.232199,499,17879.996792
-36.234642,499,17886.535689
-37.996985,499,17893.236198
-34.442629,499,17899.928847
-39.76589,499,17906.628701
-43.506465,499,17914.493541
-36.732661,499,17921.065757
-41.853689,499,17927.98596
-37.681777,499,17934.958126
-40.736115,499,17941.590479
-36.331088,499,17949.281333
-36.915085,499,17956.133512
-41.467354,499,17962.769433
-39.944644,499,17969.732248
-35.808775,499,17977.168027
-37.47077,499,17984.811662
-38.982656,499,17991.398032
-36.752289,499,17997.940055
-38.500076,499,18004.652814
-40.257637,499,18011.210039
-36.434762,499,18019.056172
-38.493199,499,18025.809245
-41.936162,499,18033.036493
-38.98772,499,18039.761639
-39.278378,499,18046.388788
-41.372457,499,18056.996494
-37.25057,499,18064.377146
-37.736354,499,18071.214074
-37.153016,499,18077.753879
-41.017793,499,18084.318337
-36.962846,499,18092.005497
-36.839046,499,18098.576301
-40.227784,499,18105.059193
-38.464763,499,18112.068401
-36.627991,499,18118.735511
-39.129967,499,18126.436951
-38.204057,499,18133.341764
-37.816886,499,18139.946564
-38.821955,499,18146.407212
-38.665799,499,18153.249991
-40.427109,499,18161.305649
-35.272231,499,18168.04216
-38.077767,499,18174.695475
-42.728281,499,18181.244563
-41.355526,499,18187.70865
-36.853022,499,18195.955827
-40.227092,499,18202.414099
-38.356542,499,18208.871949
-39.905476,499,18215.371666
-38.264034,499,18221.838786
-41.809864,499,18229.426209
-39.035418,499,18235.943329
-40.995607,499,18242.645607
-39.4121,499,18249.078555
-40.038478,499,18255.583138
-39.831016,499,18263.092059
-39.725101,499,18269.64505
-40.448016,499,18276.305613
-37.489359,499,18282.904706
-38.36132,499,18289.55607
-35.552139,499,18297.121922
-38.832634,499,18304.198406
-42.294263,499,18310.879321
-36.039559,499,18318.081657
-37.895364,499,18324.67179
-39.995172,499,18332.254025
-39.618119,499,18340.660444
-36.413861,499,18347.124889
-35.634583,499,18353.634023
-42.552245,499,18360.226227
-38.074473,499,18367.675942
-37.649494,499,18374.269413
-40.290387,499,18380.648248
-39.851866,499,18387.084875
-38.301733,499,18393.614111
-40.505122,499,18403.963492
-35.085277,499,18410.71303
-36.383487,499,18417.410192
-35.608432,499,18424.286566
-46.725998,499,18430.881504
-41.185674,499,18438.431083
-39.26031,499,18444.999507
-41.382834,499,18451.549878
-37.253164,499,18458.150578
-37.629419,499,18464.55362
-39.861312,499,18472.225336
-34.676304,499,18480.029634
-39.407977,499,18487.183221
-39.3917,499,18494.136684
-36.840246,499,18500.610563
-37.289469,499,18508.408694
-36.200317,499,18515.098046
-38.036912,499,18521.583267
-37.400537,499,18528.336237
-38.111098,499,18534.948141
-36.914769,499,18542.741577
-38.486143,499,18549.51619
-36.641212,499,18556.196493
-34.903337,499,18562.731453
-42.263266,499,18569.263008
-36.829341,499,18577.19848
-40.714685,499,18583.84617
-40.434214,499,18590.395497
-36.286894,499,18597.161166
-39.619532,499,18603.760371
-40.503073,499,18611.580499
-38.248237,499,18618.453244
-40.7162,499,18625.187779
-39.666397,499,18631.839989
-39.85616,499,18639.943777
-39.739562,499,18648.734824
-39.370613,499,18656.114355
-37.120817,499,18662.85346
-38.732403,499,18669.481789
-41.680097,499,18675.963425
-40.001219,499,18684.370416
-42.246829,499,18690.873676
-35.98669,499,18697.76672
-40.603868,499,18704.279616
-41.828478,499,18710.863668
-38.901118,499,18718.662134
-39.747083,499,18725.184283
-34.89024,499,18731.614903
-37.166777,499,18738.101001
-43.040956,499,18744.67338
-41.863384,499,18755.017117
-39.742933,499,18761.672658
-38.22724,499,18768.96142
-38.13699,499,18775.64372
-38.87646,499,18782.555921
-35.230673,499,18790.188966
-41.628469,499,18796.608292
-41.705863,499,18803.126359
-38.40376,499,18809.89824
-40.163608,499,18816.708266
-38.031484,499,18824.337569
-36.388767,499,18831.291003
-37.728234,499,18837.854166
-39.350444,499,18844.540123
-37.336741,499,18851.347167
-37.159441,499,18859.270143
-42.23161,499,18866.129176
-38.459653,499,18872.707647
-39.262853,499,18880.003215
-39.46766,499,18886.910197
-38.730753,499,18894.586495
-38.125553,499,18901.144276
-34.966627,499,18907.716583
-42.928408,499,18914.353676
-36.068562,499,18921.248419
-34.917525,499,18929.100535
-42.207258,499,18936.431433
-40.131267,499,18942.884271
-39.436788,499,18949.39888
-35.432434,499,18956.108458
-39.528588,499,18963.702479
-38.073324,499,18970.722152
-36.72892,499,18977.34683
-39.986029,499,18984.703629
-37.831878,499,18991.194045
-37.960092,499,18999.058377
-36.136964,499,19005.634115
-41.764969,499,19012.098542
-43.035935,499,19018.600609
-36.652059,499,19025.171812
-38.951768,499,19032.95447
-40.851027,499,19039.653235
-39.295304,499,19046.32776
-39.38996,499,19053.129523
-39.276441,499,19059.568148
-40.187177,499,19067.09776
-38.122888,499,19073.555962
-39.908532,499,19080.383678
-36.057217,499,19086.992551
-39.290082,499,19093.688716
-38.939982,499,19104.787614
-39.282171,499,19112.25905
-42.982351,499,19119.080716
-39.417861,499,19125.826012
-36.568876,499,19132.443892
-38.355719,499,19140.81701
-38.764064,499,19147.311777
-36.85938,499,19153.803331
-36.737571,499,19160.30896
-38.587079,499,19166.821362
-37.70692,499,19174.476341
-37.275552,499,19181.008219
-35.423865,499,19188.150465
-37.640995,499,19194.546764
-39.421484,499,19202.453494
-32.369131,499,19210.442713
-43.382935,499,19217.405851
-37.942822,499,19224.180464
-38.711231,499,19230.799875
-39.353165,499,19237.905092
-35.588538,499,19246.658696
-36.713549,499,19253.151815
-34.531458,499,19260.005739
-42.062364,499,19266.552433
-42.861446,499,19273.270435
-40.303193,499,19280.940271
-41.559118,499,19287.536095
-37.989088,499,19295.225068
-37.004716,499,19302.818376
-36.846841,499,19309.392694
-34.302128,499,19317.078028
-37.952631,499,19323.526064
-38.639504,499,19329.991231
-36.333542,499,19337.575986
-38.196951,499,19344.054192
-36.849304,499,19351.770325
-35.032977,499,19358.535709
-41.24244,499,19365.121011
-34.79648,499,19371.824767
-35.309759,499,19378.365533
-38.085257,499,19386.459478
-35.533503,499,19392.996256
-34.192805,499,19400.163595
-38.935255,499,19407.280049
-37.871277,499,19413.998776
-40.892625,499,19421.66567
-39.770363,499,19428.184025
-36.383119,499,19434.568927
-39.130493,499,19441.157359
-37.287664,499,19447.973304
-39.507387,499,19459.228606
-37.0894,499,19466.519555
-39.764979,499,19473.216091
-37.918251,499,19480.025251
-38.55092,499,19487.020143
-39.693021,499,19494.960259
-38.451181,499,19501.384818
-37.341874,499,19508.037384
-39.057185,499,19514.752255
-37.680579,499,19521.91157
-41.938471,499,19529.814287
-34.479148,499,19536.478688
-38.997103,499,19543.79106
-38.069715,499,19550.418966
-38.567406,499,19556.985352
-37.469417,499,19564.761367
-36.765346,499,19571.592096
-35.457582,499,19578.140344
-40.216606,499,19584.546685
-41.811339,499,19590.92165
-39.87287,499,19598.755476
-37.110928,499,19605.747487
-38.645074,499,19612.160362
-39.600967,499,19618.722824
-37.588248,499,19625.371513
-38.1917,499,19633.580924
-40.005593,499,19640.406484
-39.30909,499,19648.39703
-37.111657,499,19656.959381
-34.797601,499,19663.996134
-35.458756,499,19673.467433
-35.931624,499,19680.884301
-40.040108,499,19688.324868
-38.163514,499,19695.948715
-37.081465,499,19702.888174
-40.914381,499,19710.637017
-39.482473,499,19717.121099
-38.333697,499,19723.652959
-39.329324,499,19730.149007
-39.771465,499,19736.924514
-36.132227,499,19744.405262
-36.652168,499,19750.93358
-40.823204,499,19757.338511
-36.350116,499,19764.251581
-35.294526,499,19770.669693
-38.355038,499,19779.53948
-39.655133,499,19785.949951
-38.118372,499,19792.424294
-35.397581,499,19799.408534
-41.664379,499,19806.242067
-34.794189,499,19816.798097
-38.446847,499,19823.696816
-36.671279,499,19830.650057
-38.54587,499,19837.786635
-39.667716,499,19844.486122
-35.282619,499,19852.047506
-41.678298,499,19858.783903
-41.76119,499,19865.576042
-38.003483,499,19872.132675
-39.110197,499,19879.053138
-39.561153,499,19886.961345
-37.901896,499,19893.645995
-36.414719,499,19900.200231
-36.953424,499,19906.889245
-42.019296,499,19913.745381
-39.641302,499,19921.795761
-37.420254,499,19928.975159
-38.165021,499,19935.823111
-39.206616,499,19942.67538
-38.41307,499,19949.176905
-39.322904,499,19957.072993
-41.56103,499,19963.997311
-39.209031,499,19970.46785
-36.985919,499,19976.941284
-38.773328,499,19983.563336
-35.917696,499,19991.143575
-41.923367,499,19998.008763
-35.577586,499,20004.566659
-38.653896,499,20011.157264
-38.448563,499,20018.252278
-37.491106,499,20026.300643
-35.739087,499,20032.696812
-35.797466,499,20039.200902
-38.910405,499,20045.648456
-35.245881,499,20052.335251
-39.342058,499,20060.494359
-39.507827,499,20067.960815
-38.353073,499,20074.463061
-37.23946,499,20080.999905
-36.726437,499,20087.598389
-35.205606,499,20095.563855
-35.612192,499,20102.16408
-39.437071,499,20109.083743
-45.142808,499,20115.721653
-38.930987,499,20122.187384
-41.850511,499,20129.78975
-36.464313,499,20136.355133
-35.731643,499,20142.714056
-34.635794,499,20149.116158
-36.970356,499,20155.747959
-37.709588,499,20166.122321
-37.962569,499,20172.711109
-36.557149,499,20179.10581
-37.771133,499,20185.599549
-36.405497,499,20192.128691
-34.781895,499,20199.895022
-37.801455,499,20206.316164
-37.1936,499,20213.064349
-37.684198,499,20219.549001
-36.147472,499,20226.704381
-34.696707,499,20234.752033
-34.806848,499,20242.13336
-35.245261,499,20248.817265
-41.338225,499,20255.475409
-38.191556,499,20261.988258
-39.325413,499,20270.172414
-34.454274,499,20277.152779
-38.07019,499,20283.544107
-35.958909,499,20290.548681
-39.636944,499,20296.995041
-37.79893,499,20305.059276
-39.126824,499,20311.557086
-38.258039,499,20318.604458
-36.614989,499,20325.281085
-41.548883,499,20331.925137
-39.033449,499,20339.462838
-37.830882,499,20345.981032
-37.572529,499,20353.238109
-38.589393,499,20359.716096
-40.224977,499,20366.125806
-38.356866,499,20373.742808
-38.813628,499,20380.447782
-37.473216,499,20386.89676
-41.700374,499,20393.710733
-36.965884,499,20400.059684
-36.257464,499,20407.755972
-34.633353,499,20414.155475
-38.406367,499,20421.755776
-42.434099,499,20428.157817
-38.023275,499,20435.095208
-38.540005,499,20442.81291
-35.644894,499,20449.666847
-41.430127,499,20456.119962
-34.730083,499,20462.529486
-38.070538,499,20469.269481
-39.486494,499,20476.806554
-38.988852,499,20483.303083
-36.426335,499,20489.944327
-34.548047,499,20496.40258
-36.380584,499,20502.7329
-36.250166,499,20513.675233
-37.717843,499,20520.741802
-39.734789,499,20527.288262
-35.377854,499,20534.020163
-36.634931,499,20540.671705
-40.328003,499,20548.897677
-37.603109,499,20556.026549
-38.52694,499,20562.71241
-38.909161,499,20569.564604
-34.847637,499,20576.136331
-37.315957,499,20584.355539
-37.239268,499,20591.038185
-39.994303,499,20597.538047
-36.696252,499,20603.958149
-34.47078,499,20610.386781
-40.454617,499,20617.915459
-35.697622,499,20624.523088
-36.45452,499,20631.403293
-39.930456,499,20637.922489
-36.394355,499,20644.277516
-37.806961,499,20651.718134
-38.274613,499,20658.10083
-38.123597,499,20664.41699
-40.635979,499,20670.688743
-34.290831,499,20677.196958
-40.380881,499,20685.112914
-40.052931,499,20691.356575
-40.681442,499,20698.317147
-37.331701,499,20704.783134
-36.750377,499,20711.116569
-38.435449,499,20718.573184
-38.595141,499,20724.765887
-35.376905,499,20731.419359
-40.894679,499,20737.84969
-37.462649,499,20744.231316
-38.980513,499,20752.033015
-37.420434,499,20759.200066
-38.454768,499,20765.497033
-37.712843,499,20771.855803
-37.879308,499,20778.015161
-42.562913,499,20785.195127
-41.374073,499,20791.415895
-36.925078,499,20797.620569
-35.769697,499,20804.795667
-35.325371,499,20810.941401
-40.352888,499,20817.971993
-34.716421,499,20823.928443
-38.872866,499,20829.960129
-38.912905,499,20836.16644
-38.11697,499,20842.299446
-34.652814,499,20852.283368
-35.305461,499,20858.661016
-38.762202,499,20864.861572
-37.969757,499,20871.349921
-36.508191,499,20877.852326
-38.624979,499,20885.385823
-39.096627,499,20892.7881
-38.281572,499,20899.791275
-37.709762,499,20906.611765
-34.01398,499,20913.101299
-35.254781,499,20920.849296
-36.706658,499,20927.227938
-42.839786,499,20933.693747
-39.484519,499,20940.050644
-39.702153,499,20947.045429
-39.045443,499,20955.204093
-38.292703,499,20962.386161
-34.435389,499,20969.116898
-38.373155,499,20975.668674
-34.892948,499,20983.16107
-36.992131,499,20991.900065
-38.30574,499,20998.315987
-36.931859,499,21004.845746
-33.899783,499,21011.518624
-36.988469,499,21018.324883
-37.273854,499,21026.089488
-36.127608,499,21032.49662
-36.903042,499,21039.35612
-35.516267,499,21045.738503
-34.548995,499,21052.644286
-35.14193,499,21060.677166
-33.612062,499,21067.17686
-40.055893,499,21073.567492
-37.425981,499,21080.181606
-39.501845,499,21086.846959
-37.275601,499,21094.595604
-34.895464,499,21101.395257
-38.453095,499,21108.412335
-37.701875,499,21115.138939
-39.011649,499,21121.556322
-38.814398,499,21129.383638
-38.276843,499,21136.601094
-37.668513,499,21143.175437
-38.225796,499,21149.822586
-39.02208,499,21156.448065
-35.384475,499,21164.56304
-38.748799,499,21170.950289
-37.949352,499,21178.404214
-40.25571,499,21186.654085
-39.747863,499,21193.655391
-35.24789,499,21200.757734
-38.784394,499,21208.264647
-39.73759,499,21215.013527
-36.557026,499,21221.542951
-37.78116,499,21228.054638
-35.373316,499,21234.346625
