#{"t_start": 1691621918.5563638, "env_id": "quantumNonlinearEnvSMEExpPn-v0"}
r,l,t
-1035.755871,499,92.37238
-1037.064538,499,213.912698
-1040.424489,499,336.936513
-1042.190282,499,459.943159
-1035.895686,499,580.292948
-1013.731081,499,720.101121
-1039.778014,499,844.158459
-1041.591575,499,968.224816
-1042.483463,499,1091.476608
-1000.964911,499,1210.9075
-1013.066884,499,1351.248906
-1037.887326,499,1474.811138
-1034.172929,499,1599.092632
-1017.568559,499,1721.660766
-1034.856986,499,1843.800561
-1041.825041,499,1988.259967
-1042.794852,499,2113.371
-1041.112791,499,2238.536101
-1037.267162,499,2362.268064
-1041.634836,499,2481.411662
-1032.877832,499,2627.800584
-1042.520144,499,2754.29242
-1007.919591,499,2881.914157
-1043.475215,499,3004.754419
-1034.008695,499,3124.488135
-1037.688753,499,3270.303401
-1043.472829,499,3396.129015
-1038.920863,499,3521.632673
-1023.018186,499,3644.605875
-1039.706975,499,3763.296022
-1043.163203,499,3910.203224
-1042.001002,499,4036.123447
-1042.225917,499,4160.813818
-1032.775992,499,4279.765358
-1033.819329,499,4404.439081
-1035.068367,499,4548.29694
-1039.210138,499,4674.63717
-1035.539364,499,4797.99004
-1012.414789,499,4917.643169
-1037.660667,499,5040.051996
-1027.718432,499,5186.828809
-990.880961,499,5314.843765
-1038.666328,499,5438.994544
-1042.499751,499,5557.739122
-1043.3847,499,5680.34477
-1042.562933,499,5823.120255
-1024.682891,499,5948.721724
-1040.433901,499,6068.150186
-985.340207,499,6191.196294
-1041.735389,499,6312.653776
-1038.437478,499,6458.36308
-1039.081537,499,6579.376931
-1037.490716,499,6699.441322
-1041.88145,499,6822.314396
-1042.635998,499,6944.217726
-1040.914615,499,7085.406741
-1022.904442,499,7209.764136
-1029.466084,499,7330.445018
-1037.604666,499,7454.680166
-1024.060045,499,7577.826847
-1015.750381,499,7718.735135
-1040.684163,499,7842.62876
-1041.090582,499,7961.738208
-1042.803581,499,8084.437018
-1038.802739,499,8204.940419
-1033.012686,499,8348.720625
-1034.890229,499,8471.615423
-1012.185923,499,8593.610828
-1041.56911,499,8719.039931
-1042.154741,499,8839.979588
-1036.820306,499,8981.738356
-1031.689468,499,9103.519246
-1027.628881,499,9226.99444
-1043.185063,499,9351.267545
-1042.64076,499,9471.847839
-1039.784609,499,9614.54326
-1037.017948,499,9736.80954
-1031.266743,499,9859.49204
-1026.731665,499,9983.454763
-1036.095524,499,10102.917598
-1031.36641,499,10247.712471
-1027.244644,499,10371.795372
-1022.878535,499,10494.886167
-1041.336265,499,10619.069292
-1038.597959,499,10741.637188
-1011.167204,499,10882.161667
-1042.810142,499,11006.903847
-1037.784575,499,11128.722363
-1042.385741,499,11252.304518
-1043.635871,499,11373.381546
-1043.22866,499,11517.553427
-1040.487554,499,11641.460042
-1009.673789,499,11763.090819
-1039.906051,499,11886.32288
-1043.000322,499,12007.619526
-1042.044236,499,12148.51615
-1042.611686,499,12272.843436
-1042.844626,499,12393.100736
-1042.453688,499,12515.737857
-1036.362641,499,12636.030451
-1042.947516,499,12778.696874
-1040.749614,499,12902.700212
-1036.122833,499,13025.604256
-1035.298034,499,13152.232951
-1039.473505,499,13275.631639
-1041.729621,499,13419.319968
-1043.235717,499,13541.874392
-1035.937717,499,13663.181911
-1040.113242,499,13787.71255
-1040.798812,499,13908.936968
-1043.252036,499,14052.313242
-1042.924926,499,14174.592686
-1040.642339,499,14294.694151
-1037.001281,499,14417.64419
-1041.621674,499,14537.010612
-1022.006188,499,14682.234406
-1035.427225,499,14807.529554
-1042.282279,499,14928.733897
-1036.658448,499,15051.185673
-1033.755916,499,15171.681252
-1028.260523,499,15314.692382
-1012.080027,499,15439.230355
-995.310629,499,15562.038674
-1043.028856,499,15684.515779
-1039.70483,499,15804.776107
-1037.698828,499,15952.524026
-1015.284525,499,16075.33912
-1010.134833,499,16198.023833
-1023.386517,499,16320.164024
-1042.086033,499,16442.355103
-1002.402747,499,16586.884168
-1038.496032,499,16711.873687
-1034.608604,499,16835.343613
-1038.378277,499,16954.775928
-1007.055638,499,17078.85904
-1042.846775,499,17221.871832
-1042.99101,499,17345.718894
-1038.358728,499,17469.158574
-1038.422913,499,17590.87412
-1039.798982,499,17715.379601
-1027.252502,499,17862.281795
-1042.444662,499,17984.660352
-1042.213305,499,18106.524719
-1037.937343,499,18227.154663
-1032.807072,499,18350.191507
-1041.595947,499,18493.238235
-1040.978363,499,18616.270952
-1042.607623,499,18739.970062
-1041.266175,499,18860.767589
-1042.840786,499,18982.417356
-1043.188947,499,19129.985635
-1039.123506,499,19252.036703
-1032.266733,499,19371.459784
-1010.428745,499,19494.02429
-1043.098285,499,19616.514495
-1042.835073,499,19760.4987
-1040.645296,499,19881.210294
-1013.241408,499,19998.938335
-1023.821976,499,20121.159863
-1040.653887,499,20243.306904
-1037.246411,499,20386.689358
-1042.81735,499,20508.189478
-1002.511568,499,20628.426877
-1001.389273,499,20753.545757
-1025.284185,499,20876.17136
-993.979046,499,21021.249585
-1040.471031,499,21145.875624
-1039.693847,499,21267.753622
-1037.701607,499,21391.398902
-1039.326965,499,21514.30635
-1040.561825,499,21658.90903
-1032.591799,499,21781.131623
-1042.15083,499,21903.299884
-1018.811959,499,22027.430706
-1039.122322,499,22149.655638
-969.149074,499,22296.703354
-1036.776967,499,22418.485442
-1039.967819,499,22542.743268
-1039.963234,499,22667.430829
-1026.101361,499,22791.651089
-1010.421457,499,22939.553599
-1038.83973,499,23058.991263
-1042.266204,499,23182.688393
-1039.919803,499,23305.358058
-999.350364,499,23429.980647
-1031.897419,499,23576.423887
-1014.339407,499,23697.4182
-1037.299098,499,23819.497886
-1039.427622,499,23943.347494
-1042.333927,499,24067.023129
-1006.733358,499,24215.059978
-1035.852128,499,24335.746465
-1029.748477,499,24462.588247
-1024.078028,499,24588.364196
-1028.699753,499,24713.715515
-1031.778027,499,24857.351698
-1042.41352,499,24979.790452
-1030.382878,499,25107.641149
-1015.950955,499,25232.700816
-1039.867962,499,25357.767221
-1024.893158,499,25504.846551
-1018.05429,499,25626.341593
-1037.102692,499,25752.50087
-1036.145698,499,25877.756095
-1031.92934,499,26003.527906
-997.856507,499,26151.145155
-1043.583262,499,26271.887207
-1041.497285,499,26396.304209
-1040.54861,499,26522.750912
-1042.957943,499,26647.528824
-1033.643279,499,26792.630909
-1033.819876,499,26915.030488
-1027.152366,499,27038.761902
-1039.382612,499,27164.74684
-1039.347426,499,27285.789513
-1043.971865,499,27432.353237
-1038.910276,499,27554.376621
-1034.045563,499,27679.745163
-1034.086609,499,27805.315845
-1040.653193,499,27928.101884
-1005.530883,499,28075.943377
-1039.20231,499,28198.52491
-1032.463269,499,28324.426548
-1024.584831,499,28450.711793
-956.772406,499,28573.349293
-865.813982,499,28719.953449
-1025.562192,499,28844.476819
-1005.450756,499,28968.176399
-1023.776697,499,29090.564679
-796.466127,499,29213.756244
-1021.756637,499,29360.439154
-991.219728,499,29485.494458
-1019.501128,499,29609.010932
-1028.748348,499,29733.242297
-1017.296304,499,29854.573134
-891.944051,499,30002.060544
-972.570606,499,30126.838435
-1020.283073,499,30252.254372
-891.511536,499,30375.543018
-957.27055,499,30498.618694
-944.877613,499,30645.086197
-996.485725,499,30770.311537
-996.95743,499,30892.950904
-1035.354815,499,31015.460808
-995.29447,499,31139.345618
-1028.635168,499,31284.519253
-1027.480745,499,31407.762133
-957.05068,499,31528.956099
-901.566721,499,31653.840752
-961.080498,499,31777.735332
-939.43358,499,31926.206979
-995.791584,499,32053.252951
-931.156695,499,32174.374063
-975.510781,499,32299.133173
-933.831308,499,32423.61488
-896.95148,499,32572.269709
-869.000273,499,32695.225044
-989.339962,499,32817.074642
-988.531292,499,32942.989046
-969.185147,499,33068.432417
-959.440488,499,33216.560741
-939.38749,499,33338.637225
-882.878562,499,33462.273816
-988.297704,499,33586.841377
-792.333515,499,33711.915652
-956.277375,499,33857.742669
-864.609,499,33978.120441
-841.87412,499,34103.153637
-815.806919,499,34230.228723
-938.038185,499,34354.747206
-870.461665,499,34501.209711
-744.010622,499,34621.413508
-817.401553,499,34747.603376
-742.4245,499,34873.148203
-639.382671,499,34998.562799
-935.282586,499,35141.737148
-779.125613,499,35262.527684
-723.058483,499,35388.066908
-765.910198,499,35513.716456
-810.325983,499,35640.996742
-792.789855,499,35784.097267
-811.878081,499,35905.590677
-804.540913,499,36032.637919
-828.939788,499,36158.45286
-809.415652,499,36283.081326
-801.429934,499,36422.028073
-926.051378,499,36545.813946
-868.320181,499,36671.696929
-799.4709,499,36798.874675
-962.385233,499,36923.877178
-799.096175,499,37063.021719
-860.510962,499,37187.753372
-617.472653,499,37313.10322
-989.720791,499,37440.528229
-1133.943751,499,37563.370608
-766.924227,499,37703.616222
-946.011833,499,37828.176127
-1078.144827,499,37954.384542
-940.077279,499,38080.42533
-706.887113,499,38199.809202
-703.986897,499,38344.322918
-648.697499,499,38468.291221
-671.390618,499,38594.681348
-719.499189,499,38719.515514
-647.463462,499,38838.942896
-672.164008,499,38982.24578
-546.535213,499,39107.488516
-589.948158,499,39233.580783
-507.659197,499,39356.431553
-513.854639,499,39476.345244
-507.288201,499,39621.686778
-352.269461,499,39745.740355
-529.184672,499,39872.740769
-475.732592,499,39995.587589
-579.270367,499,40116.686901
-540.075298,499,40262.187608
-445.204961,499,40386.150192
-614.263928,499,40510.849313
-371.139728,499,40633.63198
-649.936474,499,40756.135097
-678.051359,499,40903.140605
-582.509531,499,41027.57465
-467.239245,499,41150.795606
-421.935488,499,41275.367577
-552.420658,499,41398.056084
-456.001844,499,41544.417184
-731.153291,499,41670.785231
-563.716284,499,41793.447628
-629.180442,499,41917.707775
-515.219399,499,42039.704313
-492.189969,499,42182.376391
-629.538456,499,42307.518493
-619.513729,499,42430.381169
-555.610576,499,42556.820461
-589.267219,499,42680.853778
-784.806648,499,42822.730493
-522.399723,499,42945.130647
-474.107731,499,43069.510237
-546.411913,499,43194.59094
-529.079566,499,43316.770207
-417.247217,499,43458.474469
-501.348587,499,43580.721653
-398.902753,499,43703.866471
-697.708282,499,43829.298705
-548.250048,499,43951.942347
-445.164488,499,44094.558888
-356.328117,499,44217.266574
-474.752226,499,44339.883685
-424.918732,499,44466.522238
-452.331456,499,44590.104072
-380.059521,499,44734.11023
-306.519906,499,44858.720524
-319.727758,499,44984.45229
-351.293789,499,45110.403822
-301.005801,499,45233.11642
-318.356958,499,45371.656786
-438.935426,499,45496.765294
-554.502677,499,45623.186754
-412.275431,499,45751.075285
-403.564902,499,45873.543914
-510.904193,499,46015.313701
-299.604162,499,46139.370353
-381.007812,499,46266.95097
-353.133725,499,46392.74168
-453.36134,499,46516.690535
-296.312192,499,46657.730433
-480.972209,499,46783.309352
-334.566747,499,46910.657326
-342.547766,499,47035.472335
-272.699645,499,47158.25426
-339.759788,499,47299.843369
-285.879925,499,47425.509221
-291.938085,499,47551.759179
-344.706921,499,47674.368029
-292.27231,499,47798.401885
-299.339663,499,47939.267335
-291.039899,499,48065.258525
-375.522608,499,48188.759057
-360.23948,499,48310.153516
-359.333851,499,48433.252412
-335.305316,499,48578.377048
-309.939641,499,48704.55004
-444.954683,499,48829.063513
-409.943685,499,48952.436318
-356.370686,499,49074.053708
-291.249698,499,49220.589803
-357.502637,499,49346.8565
-323.92545,499,49470.973313
-293.72918,499,49594.786441
-408.981793,499,49715.283669
-269.909265,499,49859.446723
-405.882019,499,49983.920589
-287.036861,499,50108.534608
-268.413129,499,50232.796172
-325.712498,499,50353.215981
-250.512258,499,50495.259828
-259.560251,499,50620.574898
-260.646914,499,50744.354859
-393.476163,499,50868.615433
-281.284256,499,50989.967008
-405.857753,499,51137.901337
-363.781065,499,51263.293251
-299.050614,499,51389.263902
-306.646191,499,51512.588323
-323.841683,499,51636.20418
-309.066568,499,51780.396228
-348.881183,499,51907.115714
-276.283581,499,52034.227082
-292.82613,499,52159.970021
-216.820442,499,52282.965092
-291.334516,499,52428.522135
-270.49262,499,52553.289016
-268.916616,499,52676.598325
-244.46439,499,52803.086394
-209.092221,499,52925.264359
-245.694072,499,53072.361929
-263.892452,499,53197.039217
-285.278373,499,53320.295185
-254.224172,499,53446.347095
-364.118723,499,53567.123492
-381.365748,499,53710.836495
-250.756399,499,53837.577209
-293.194174,499,53961.287958
-246.756552,499,54085.701365
-264.819269,499,54209.965221
-281.670217,499,54352.651981
-263.284994,499,54477.25999
-307.37906,499,54601.542573
-280.949335,499,54725.184689
-323.074855,499,54850.288697
-228.132629,499,54994.686369
-266.117705,499,55119.478088
-211.587267,499,55244.336599
-228.906289,499,55368.13894
-248.186342,499,55490.403675
-253.621286,499,55635.933763
-283.709876,499,55761.293698
-262.111063,499,55885.374901
-254.44805,499,56009.703423
-267.780149,499,56133.631123
-315.866854,499,56276.573343
-263.244516,499,56405.053219
-286.975713,499,56527.54456
-358.148138,499,56652.445521
-264.145492,499,56775.263642
-273.431195,499,56919.368258
-351.600368,499,57044.342678
-204.269967,499,57169.706635
-202.263544,499,57293.457839
-308.116067,499,57420.734812
-327.315082,499,57566.657665
-232.287869,499,57689.510655
-304.368902,499,57815.535143
-243.586324,499,57937.626795
-307.271154,499,58060.648566
-236.105661,499,58205.100859
-226.615485,499,58327.884128
-252.031747,499,58452.300706
-260.349534,499,58575.899148
-263.267785,499,58699.015508
-284.675595,499,58842.949422
-323.316946,499,58966.678055
-222.971079,499,59091.669026
-312.947159,499,59218.68542
-304.887256,499,59348.386602
-228.305937,499,59494.079201
-260.993451,499,59624.644854
-246.138113,499,59752.792856
-252.822385,499,59881.529714
-290.858984,499,60011.436429
-228.96012,499,60158.139056
-253.60476,499,60288.468315
-234.525294,499,60414.5569
-292.970389,499,60544.308981
-260.248213,499,60671.978324
-234.390239,499,60818.282346
-208.857099,499,60947.944601
-390.695743,499,61074.061895
-391.564172,499,61201.671996
-335.547578,499,61327.968786
-230.473398,499,61476.326376
-263.965788,499,61606.089665
-350.283881,499,61733.883712
-474.416262,499,61862.641581
-289.153218,499,61990.330008
-231.957878,499,62139.017333
-188.013001,499,62269.521437
-261.811495,499,62397.671016
-183.092224,499,62526.632795
-211.180254,499,62653.681101
-240.685986,499,62803.490128
-160.988756,499,62932.663139
-342.177995,499,63063.047853
-296.674658,499,63189.45615
-246.617507,499,63319.425961
-199.490939,499,63469.153302
-300.237893,499,63599.029452
-305.737901,499,63729.272194
-277.184767,499,63854.390489
-357.280425,499,63984.353715
-236.345162,499,64113.391431
-454.676576,499,64266.011059
-199.820395,499,64395.302325
-283.269793,499,64519.73576
-212.000717,499,64650.353139
-174.178321,499,64778.307974
-294.170932,499,64931.377763
-319.161357,499,65061.084104
-314.573904,499,65187.608528
-226.015745,499,65319.109107
-224.900136,499,65447.619752
-202.379628,499,65602.777172
-231.943881,499,65732.503659
-230.278115,499,65859.294335
-261.5235,499,65990.323514
-401.554996,499,66117.600928
-198.585498,499,66272.154146
-304.238351,499,66399.326543
-248.328036,499,66527.149049
-258.251597,499,66658.551218
-270.039277,499,66785.068824
-263.353128,499,66937.323963
-267.844548,499,67064.543226
-293.738388,499,67193.180518
-252.373231,499,67324.953543
-296.607632,499,67456.114999
-284.526849,499,67612.211767
-273.41763,499,67743.344016
-184.119866,499,67878.94845
-220.521815,499,68017.522917
-217.415127,499,68150.369371
-267.855047,499,68308.62611
-198.224322,499,68438.38823
-208.058515,499,68575.335461
-294.175229,499,68709.812224
-335.795217,499,68842.218476
-300.610262,499,68994.828926
-311.444991,499,69125.553586
-307.726512,499,69262.413291
-212.363862,499,69398.86758
-396.747083,499,69530.080775
-529.141121,499,69682.762312
-300.273926,499,69814.420789
-196.165506,499,69948.024964
-315.316044,499,70080.541232
-348.757935,499,70209.792634
-512.272227,499,70359.75018
-546.110353,499,70492.59953
-347.662941,499,70629.621683
-457.849496,499,70763.36168
-429.638876,499,70895.028456
-245.999143,499,71047.366231
-310.796023,499,71179.069149
-289.04031,499,71313.44077
-329.392154,499,71444.37581
-409.412082,499,71574.0372
-394.899407,499,71725.80747
-265.68622,499,71859.042934
-333.64206,499,71993.074749
-361.71125,499,72124.581567
-243.217702,499,72253.693724
-313.281773,499,72408.455699
-324.860207,499,72540.824857
-306.062165,499,72671.887255
-420.070193,499,72805.088375
-357.673174,499,72931.649094
-308.424496,499,73085.548067
-273.19537,499,73215.619194
-283.27778,499,73347.984747
-306.162607,499,73478.591977
-319.265407,499,73604.293311
-317.291727,499,73757.353982
-187.664519,499,73888.939648
-256.815209,499,74022.094841
-255.214029,499,74153.076259
-277.494885,499,74280.975464
-224.929149,499,74430.726768
-275.734174,499,74560.349587
-309.617875,499,74694.757259
-256.731063,499,74825.672755
-317.357406,499,74953.530662
-255.918811,499,75106.551044
-267.567672,499,75236.14053
-331.383993,499,75368.507488
-281.914003,499,75498.456645
-301.484397,499,75626.116935
-332.342048,499,75779.964095
-320.723742,499,75911.683921
-321.146728,499,76044.532953
-321.526262,499,76174.694265
-260.565547,499,76305.297021
-305.737489,499,76458.752504
-280.813175,499,76590.29665
-270.898668,499,76722.303595
-311.017711,499,76851.19988
-267.967839,499,76980.794287
-266.583202,499,77134.152436
-217.587845,499,77265.328761
-297.500444,499,77395.61769
-295.064922,499,77526.782221
-314.221939,499,77657.596678
-277.15495,499,77810.86786
-238.397556,499,77941.5573
-325.428272,499,78073.020261
-375.375892,499,78204.252707
-300.470194,499,78334.615139
-244.945745,499,78487.686907
-257.886316,499,78620.098429
-338.05914,499,78751.732424
-332.315878,499,78882.133216
-320.055838,499,79013.582481
-267.03329,499,79169.993016
-289.757023,499,79300.076266
-263.713294,499,79429.523421
-250.008379,499,79559.464359
-247.722009,499,79690.4382
-221.425517,499,79844.235934
-245.388348,499,79974.554397
-262.990347,499,80105.851811
-294.66197,499,80235.38682
-256.187884,499,80367.185243
-309.097176,499,80521.751775
-355.486806,499,80650.764199
-243.020776,499,80782.624683
-276.055154,499,80912.612798
-268.231834,499,81041.65683
-244.985732,499,81198.141128
-360.972095,499,81328.707313
-301.833511,499,81460.252854
-262.640447,499,81590.447626
-240.689644,499,81720.980541
-231.079455,499,81874.906073
-260.896843,499,82004.153621
-297.514714,499,82134.395147
-266.551908,499,82263.100395
-197.453773,499,82389.600826
-125.648364,499,82542.756705
-207.971281,499,82673.448339
-216.348954,499,82803.803449
-176.429267,499,82933.507679
-371.325961,499,83062.635314
-452.349527,499,83217.470834
-185.059587,499,83347.248867
-210.31759,499,83478.266046
-149.336123,499,83606.105721
-248.844712,499,83735.371286
-282.01342,499,83890.340936
-133.066172,499,84019.506455
-258.880053,499,84151.359486
-260.788683,499,84279.619344
-335.843879,499,84409.749642
-218.782468,499,84564.244197
-252.798227,499,84692.884971
-135.049364,499,84825.446659
-260.038524,499,84952.136612
-257.738497,499,85079.710367
-204.706207,499,85231.356641
-227.473405,499,85360.589835
-183.47986,499,85493.247099
-534.507315,499,85622.673975
-246.490996,499,85750.942019
-272.363515,499,85905.936666
-202.050372,499,86037.054456
-228.956289,499,86170.817688
-280.994426,499,86299.146057
-212.84049,499,86426.973197
-441.375539,499,86584.594688
-285.979451,499,86714.909197
-155.025848,499,86845.685982
-213.682588,499,86976.719165
-317.173867,499,87105.527717
-391.743031,499,87260.571863
-262.585578,499,87391.574903
-333.310567,499,87522.588292
-198.457601,499,87651.639711
-410.077423,499,87779.909385
-427.295194,499,87934.366056
-259.076783,499,88067.220497
-285.997524,499,88197.305697
-341.965341,499,88327.620742
-254.116091,499,88457.591291
-224.604942,499,88609.674349
-323.194011,499,88742.727026
-315.266034,499,88872.618673
-324.701698,499,89003.085916
-329.030771,499,89133.366159
-262.503706,499,89284.597071
-210.032287,499,89416.998392
-234.714895,499,89547.291485
-268.641917,499,89677.317528
-321.807028,499,89806.38571
-235.851252,499,89960.867875
-310.257439,499,90092.831569
-232.458293,499,90223.615383
-231.053458,499,90356.255237
-257.688803,499,90484.931908
-240.932786,499,90640.831113
-165.885283,499,90772.3642
-431.749838,499,90901.192686
-377.492966,499,91033.023751
-345.029554,499,91165.125948
-172.684572,499,91320.612012
-229.781053,499,91452.764345
-383.869637,499,91582.248072
-550.714429,499,91712.877953
-361.451758,499,91841.598177
-367.544371,499,91999.846631
-373.799431,499,92130.724057
-237.180802,499,92260.988788
-403.138491,499,92391.813698
-249.71709,499,92520.483624
-248.816475,499,92673.097309
-203.033657,499,92802.968916
-403.789749,499,92933.050228
-286.550383,499,93062.310846
-331.975977,499,93190.90423
-243.537354,499,93346.455151
-304.619481,499,93477.732
-300.318652,499,93608.831722
-258.795789,499,93739.237537
-270.806073,499,93870.350256
-244.345897,499,94023.563622
-418.412998,499,94156.060317
-246.790298,499,94286.524427
-329.210281,499,94415.279909
-291.154928,499,94546.735188
-292.734524,499,94699.296461
-309.76374,499,94830.139003
-264.99741,499,94960.753616
-355.591074,499,95089.935454
-355.357245,499,95221.163796
-260.564946,499,95373.773362
-183.986704,499,95505.790839
-257.866226,499,95635.916451
-301.877453,499,95764.834594
-278.702336,499,95897.351262
-282.618558,499,96051.35337
-222.626551,499,96180.639343
-335.457713,499,96311.288361
-223.892443,499,96439.54115
-250.627797,499,96569.295965
-226.635105,499,96718.287704
-268.049525,499,96849.954023
-233.919053,499,96979.995129
-297.708793,499,97108.126314
-231.759198,499,97236.770016
-271.454975,499,97389.453709
-319.861798,499,97520.234071
-322.371818,499,97649.98398
-261.353904,499,97778.087016
-259.906054,499,97908.306593
-252.663866,499,98060.482507
-241.053544,499,98192.892641
-309.1299,499,98324.462264
-251.180675,499,98451.377945
-282.45399,499,98581.326952
-265.494757,499,98735.296098
-294.22924,499,98866.165169
-289.073804,499,98996.696752
-248.034025,499,99124.56163
-207.505924,499,99254.493212
-455.766891,499,99408.139668
-448.421889,499,99538.900654
-357.178119,499,99668.781314
-209.491946,499,99797.653939
-296.305699,499,99927.666381
-369.882388,499,100079.446438
-538.662748,499,100209.556894
-411.6886,499,100338.65291
-263.422416,499,100467.826501
-271.728526,499,100596.900794
-224.088479,499,100747.729713
-168.497555,499,100878.817808
-262.02148,499,101008.541864
-226.562389,499,101136.59731
-224.106493,499,101266.234207
-342.536321,499,101422.112858
-241.018912,499,101552.450811
-255.476529,499,101682.877762
-239.0401,499,101811.695924
-285.939206,499,101942.620054
-263.353926,499,102093.961099
-267.879468,499,102224.533328
-298.967343,499,102355.622041
-230.695002,499,102483.857197
-360.172204,499,102611.874303
-275.060742,499,102765.157041
-284.123141,499,102896.257553
-244.204581,499,103027.310522
-203.107386,499,103154.979166
-303.354788,499,103285.013258
-246.093103,499,103439.179368
-305.903547,499,103568.474721
-231.382407,499,103698.560124
-235.023056,499,103826.369196
-219.669238,499,103957.702898
-246.478925,499,104115.416724
-237.167505,499,104246.46568
-248.75416,499,104377.670974
-285.948349,499,104506.479224
-273.678889,499,104638.486267
-332.4893,499,104792.444632
-255.422169,499,104922.023348
-267.543065,499,105052.800878
-276.238115,499,105182.399106
-324.58106,499,105313.057466
-289.491246,499,105470.250048
-308.252313,499,105602.423394
-273.000586,499,105734.200248
-268.891974,499,105863.655218
-269.434667,499,105995.642861
-255.558016,499,106148.115197
-279.085086,499,106279.85861
-265.744572,499,106413.785913
-246.314722,499,106544.617136
-268.633718,499,106675.293868
-291.627161,499,106830.988178
-315.824297,499,106960.873181
-265.897274,499,107092.643132
-305.140085,499,107223.272046
-326.898122,499,107356.528127
-308.119498,499,107511.525357
-293.78843,499,107641.985544
-232.157964,499,107775.266599
-425.540538,499,107907.210837
-502.260001,499,108038.169621
-304.205272,499,108192.205209
-308.423575,499,108322.901853
-309.606336,499,108454.402022
-358.110465,499,108586.667422
-423.633201,499,108718.365793
-378.493082,499,108872.179328
-296.774741,499,109002.401339
-312.94112,499,109134.763079
-345.809798,499,109264.699929
-250.786304,499,109396.514266
-292.783519,499,109549.211622
-224.357923,499,109680.098464
-255.437743,499,109810.404694
-316.781444,499,109940.518454
-340.595788,499,110070.003816
-280.084427,499,110220.914038
-311.058285,499,110350.472299
-311.791206,499,110478.500971
-263.870963,499,110608.331685
-259.288026,499,110738.351743
-312.396856,499,110889.435379
-258.026552,499,111019.378568
-400.920887,499,111147.275803
-338.856021,499,111277.84503
-276.205885,499,111407.886862
-247.936957,499,111556.172785
-298.845927,499,111688.431076
-302.9424,499,111819.124924
-293.810855,499,111949.924294
-279.629299,499,112079.549154
-213.827721,499,112230.298207
-234.043948,499,112362.950073
-275.043905,499,112493.752879
-260.960153,499,112625.936308
-192.246459,499,112757.115232
-291.006354,499,112909.184631
-396.208881,499,113042.561762
-235.04915,499,113174.235373
-343.772496,499,113306.311058
-280.347242,499,113436.414974
-267.578821,499,113589.606253
-288.561924,499,113720.434454
-260.850462,499,113852.00662
-310.535656,499,113984.088282
-265.390583,499,114115.956391
-382.826285,499,114268.135848
-292.903952,499,114401.725209
-279.899493,499,114535.251842
-251.575482,499,114667.330976
-290.612316,499,114796.820585
-274.795192,499,114950.736088
-199.782191,499,115083.090888
-248.960873,499,115214.926831
-216.667025,499,115346.612563
-285.105827,499,115475.773966
-286.402128,499,115629.114966
-303.088499,499,115761.957925
-278.029224,499,115893.450619
-292.253415,499,116024.343078
-314.722507,499,116152.947945
-233.399641,499,116306.084753
-351.493352,499,116438.424399
-434.221873,499,116570.525546
-281.052016,499,116702.753503
-242.090561,499,116831.996138
-332.682176,499,116985.38914
-324.102919,499,117118.843298
-271.710471,499,117249.308819
-351.674531,499,117378.30518
-293.171516,499,117507.452342
-309.879225,499,117659.790813
-259.668998,499,117791.803788
-245.854467,499,117922.747416
-271.762892,499,118053.50018
-247.523711,499,118186.093292
-292.675274,499,118338.065611
-330.940565,499,118470.074661
-339.928374,499,118598.963537
-286.56442,499,118727.353488
-344.931007,499,118857.928385
-340.073324,499,119009.354162
-354.82199,499,119143.313436
-344.117451,499,119272.689378
-354.373083,499,119400.555249
-344.772739,499,119530.670852
-394.614514,499,119684.354586
-317.512074,499,119817.776449
-302.438962,499,119948.406821
-219.815603,499,120075.256495
-280.635021,499,120204.782344
-296.444594,499,120358.534178
-272.586794,499,120491.018554
-247.268036,499,120620.268927
-272.86538,499,120748.654702
-226.041252,499,120877.720828
-306.044479,499,121033.464185
-266.697669,499,121163.733804
-226.808211,499,121292.602981
-324.537825,499,121422.573067
-463.805448,499,121551.982816
-247.106511,499,121707.091995
-297.414271,499,121836.184943
-305.941848,499,121967.814639
-296.981782,499,122098.222438
-309.972836,499,122226.760242
-204.591959,499,122381.692984
-306.607168,499,122511.039633
-270.153109,499,122640.670336
-360.719824,499,122771.148304
-279.03769,499,122899.11501
-283.361131,499,123055.621191
-232.94338,499,123185.773159
-299.650938,499,123315.740141
-295.569686,499,123445.428282
-251.127356,499,123575.318742
-302.543962,499,123727.201963
-274.022753,499,123854.469691
-339.0085,499,123984.032113
-235.12455,499,124114.426125
-331.96515,499,124242.850466
-281.821204,499,124395.93816
-311.394692,499,124525.488074
-325.054596,499,124657.048449
-284.864001,499,124787.270087
-368.589021,499,124917.666028
-417.533383,499,125069.179594
-261.228105,499,125197.773136
-191.848232,499,125327.800729
-302.648866,499,125459.300749
-331.157363,499,125587.13984
-251.89475,499,125741.497324
-314.178825,499,125871.103595
-209.62437,499,126002.830918
-323.491838,499,126134.757594
-222.254378,499,126262.898899
-218.659943,499,126415.280385
-263.079354,499,126544.259397
-310.151275,499,126674.483944
-279.388218,499,126806.430119
-314.554029,499,126935.667395
-374.022283,499,127088.488893
-375.362154,499,127217.649564
-339.181508,499,127348.714951
-318.822335,499,127480.048072
-346.825173,499,127608.53006
-332.275603,499,127761.166729
-265.692199,499,127890.712418
-292.584548,499,128022.304666
-385.600641,499,128154.472847
-342.326306,499,128281.674299
-320.15581,499,128435.342297
-267.486013,499,128565.023451
-314.8902,499,128695.272449
-277.902479,499,128827.00723
-288.228326,499,128955.942226
-184.02267,499,129111.904478
-464.624471,499,129241.142159
-463.193379,499,129370.295033
-356.542237,499,129502.385379
-261.802016,499,129630.892211
-253.049446,499,129785.227517
-389.792169,499,129911.185469
-613.525579,499,130042.658891
-396.400092,499,130173.921145
-296.421852,499,130300.035006
-251.399735,499,130453.889296
-242.15766,499,130584.954218
-256.508569,499,130717.999872
-266.117016,499,130850.050381
-271.199097,499,130977.399732
-238.194286,499,131129.546816
-376.568394,499,131259.951878
-197.561583,499,131390.121385
-273.226099,499,131522.074238
-183.658347,499,131650.998802
-259.548475,499,131780.445703
-243.915846,499,131934.1305
-290.786001,499,132065.041163
-305.141498,499,132198.04842
-278.193922,499,132325.11837
-404.98598,499,132455.498713
-228.572856,499,132610.517556
-286.540101,499,132741.418228
-255.714941,499,132873.881707
-225.106819,499,133004.09214
-334.105609,499,133135.014873
-326.608395,499,133287.469312
-328.547173,499,133418.981529
-326.876981,499,133549.618409
-224.461617,499,133678.673741
-223.188457,499,133805.747597
-328.352835,499,133959.351616
-315.865175,499,134090.825213
-339.663077,499,134219.292692
-382.423477,499,134348.483903
-327.828028,499,134476.948432
-329.902869,499,134629.915478
-331.254149,499,134761.116783
-309.812131,499,134889.792014
-314.1271,499,135018.346134
-357.329173,499,135147.131329
-295.445179,499,135302.673165
-332.25346,499,135433.820471
-369.323796,499,135564.208555
-323.333185,499,135693.379373
-333.942037,499,135823.621283
-319.857883,499,135978.845258
-286.18866,499,136109.508155
-282.998503,499,136239.464365
-272.386907,499,136367.570749
-296.440786,499,136498.251458
-293.942504,499,136653.918568
-283.278936,499,136783.045843
-317.321951,499,136914.668344
-278.061808,499,137042.743582
-310.401837,499,137174.221985
-276.724745,499,137326.724771
-328.426857,499,137457.588053
-243.626838,499,137589.966717
-442.718083,499,137716.759467
-508.061733,499,137849.129814
-321.814017,499,138000.912309
-252.296284,499,138131.889329
-308.037778,499,138263.45328
-346.504199,499,138393.144417
-436.205295,499,138524.941478
-312.791783,499,138678.176633
-304.017947,499,138809.019799
-275.961833,499,138939.48592
-271.705688,499,139066.347946
-230.65433,499,139198.459988
-265.108495,499,139348.159678
-276.542539,499,139480.074046
-291.381031,499,139611.503908
-345.606722,499,139739.778512
-274.055351,499,139869.634828
-247.487306,499,140020.5876
-229.726332,499,140150.427377
-305.687688,499,140278.129782
-236.127562,499,140406.114589
-258.2081,499,140538.520242
-249.510995,499,140692.854943
-248.442542,499,140824.969481
-362.642924,499,140951.545843
-271.504082,499,141081.93312
-275.07181,499,141213.047577
-267.823656,499,141366.078391
-245.266832,499,141496.753128
-304.271416,499,141625.059613
-232.248598,499,141754.943952
-335.422664,499,141884.457583
-214.11683,499,142039.228441
-259.687589,499,142171.467451
-235.100591,499,142297.381375
-273.121904,499,142426.990566
-229.459731,499,142558.08883
-308.883027,499,142710.220536
-315.218081,499,142841.443428
-254.383,499,142966.818539
-301.95197,499,143095.915199
-268.662494,499,143226.258632
-251.364267,499,143379.072925
-268.543609,499,143511.586751
-294.434653,499,143637.455017
-256.206888,499,143766.433393
-273.138558,499,143896.076436
-228.815418,499,144046.619622
-247.637716,499,144177.582985
-262.804108,499,144304.632796
-243.727592,499,144434.155179
-261.635262,499,144563.284864
-258.790282,499,144714.472542
-223.57797,499,144844.420349
-260.893039,499,144972.676427
-232.051318,499,145103.602587
-257.534758,499,145233.910973
-218.44801,499,145388.734942
-281.409993,499,145519.349407
-281.724945,499,145647.696986
-273.377489,499,145777.865412
-301.311293,499,145908.959715
-210.632763,499,146062.34496
-373.886291,499,146193.681887
-389.207441,499,146322.311703
-300.796168,499,146451.098722
-231.899024,499,146581.332445
-284.773099,499,146739.745014
-329.340849,499,146869.520813
-369.835685,499,147000.483174
-318.58691,499,147130.638848
-265.160958,499,147262.361653
-299.389382,499,147418.746999
-272.289091,499,147548.838341
-237.607977,499,147681.596183
-268.210539,499,147817.558231
-264.040125,499,147954.274404
-253.976591,499,148114.970828
-272.180101,499,148254.827076
-319.349214,499,148390.351202
-262.700999,499,148527.163224
-304.745023,499,148666.233598
-332.7054,499,148829.258533
-285.275748,499,148968.622673
-290.847542,499,149106.860293
-307.193227,499,149243.277773
-272.723491,499,149381.412708
-361.729115,499,149541.428718
-345.98167,499,149680.976001
-262.04065,499,149818.426501
-246.847001,499,149956.063658
-245.778606,499,150094.520474
-251.361383,499,150254.448355
-281.775406,499,150392.038715
-259.126734,499,150530.578162
-215.998855,499,150667.502149
-199.690811,499,150807.132988
-248.685922,499,150966.065882
-274.027513,499,151103.126141
-205.22837,499,151241.104045
-302.960468,499,151376.717574
-324.387056,499,151516.319301
-247.875416,499,151672.935861
-274.461663,499,151808.710398
-273.354778,499,151947.578517
-256.344125,499,152083.852116
-271.970147,499,152221.179158
-229.754239,499,152383.140159
-292.685988,499,152520.064822
-230.857147,499,152659.969517
-340.008868,499,152794.987418
-295.500949,499,152934.705369
-279.779556,499,153095.665004
-236.285097,499,153232.899659
-269.029359,499,153371.752419
-233.125436,499,153508.209578
-204.307157,499,153646.45
-294.358457,499,153810.651119
-212.175222,499,153947.973516
-287.594489,499,154086.94257
-211.061803,499,154221.968565
-312.325099,499,154361.328387
-301.891327,499,154522.239798
-309.897839,499,154662.217341
-308.199511,499,154800.522216
-245.906576,499,154935.765747
-409.524416,499,155075.516553
-439.788552,499,155236.404535
-283.108449,499,155375.532565
-231.678296,499,155514.633522
-357.970299,499,155651.992738
-421.867498,499,155790.040403
-345.911786,499,155951.855386
-379.756513,499,156086.959971
-274.847482,499,156222.734986
-361.779741,499,156357.934771
-323.935085,499,156494.427668
-271.636478,499,156655.504375
-305.274237,499,156792.029517
-352.600753,499,156928.999408
-297.836047,499,157063.464309
-321.224506,499,157201.191332
-413.653119,499,157361.823455
-311.287815,499,157499.198085
-332.603274,499,157633.246204
-307.075346,499,157768.497307
-318.817207,499,157905.853633
-297.404669,499,158064.528208
-272.648304,499,158200.630845
-261.674976,499,158333.197845
-381.434521,499,158464.898985
-289.060285,499,158595.731686
-265.044611,499,158750.940338
-221.187638,499,158884.178283
-250.606706,499,159015.130015
-259.918897,499,159147.133916
-257.873125,499,159277.677522
-199.218108,499,159431.425496
-293.324255,499,159564.435822
-263.866082,499,159694.842233
-312.347317,499,159824.866509
-247.268955,499,159954.382619
-213.987872,499,160109.912956
-342.19135,499,160242.789407
-432.015276,499,160372.345822
-272.624185,499,160501.670416
-274.495082,499,160632.30384
-267.528914,499,160788.706268
-228.323814,499,160921.679194
-293.728724,499,161052.794344
-232.436864,499,161183.167953
-283.278323,499,161314.543669
-269.963229,499,161469.485866
-351.907394,499,161602.652691
-235.284352,499,161731.479871
-275.02221,499,161860.685966
-225.370974,499,161991.926201
-261.367119,499,162146.439773
-253.81601,499,162277.63593
-222.247138,499,162407.499572
-301.307013,499,162536.659312
-288.551854,499,162669.486094
-319.984418,499,162825.899349
-259.208375,499,162958.304636
-322.502464,499,163088.508895
-277.901487,499,163217.038254
-271.526377,499,163347.48894
-318.581153,499,163500.881734
-219.245299,499,163632.790581
-329.419336,499,163762.260966
-346.609896,499,163891.975876
-235.22869,499,164024.667534
-242.25563,499,164178.3634
-320.284911,499,164311.526665
-277.719583,499,164440.319043
-235.358348,499,164573.147174
-298.489655,499,164703.770856
-251.980861,499,164866.736553
-371.502492,499,165010.926239
-270.544523,499,165150.087909
-250.876074,499,165292.028431
-273.92312,499,165431.52097
-300.33624,499,165594.804737
-289.65897,499,165738.249588
-323.602371,499,165876.73172
-355.064356,499,166021.486241
-293.027742,499,166160.754974
-318.656368,499,166316.005904
-289.3032,499,166452.05764
-305.445633,499,166583.788327
-291.865962,499,166721.167715
-192.489001,499,166858.472165
-259.114497,499,167017.191738
-284.812177,499,167154.903352
-319.842214,499,167288.569117
-300.118863,499,167428.682392
-310.013574,499,167567.920378
-317.506916,499,167731.760186
-296.043834,499,167871.698584
-281.973668,499,168008.254521
-184.907985,499,168148.628516
-456.145678,499,168287.699942
-430.08989,499,168449.602449
-378.376419,499,168589.815523
-202.436154,499,168725.227354
-310.336504,499,168865.099617
-380.058174,499,169005.416612
-435.533246,499,169166.561763
-341.3877,499,169309.200533
-292.020274,499,169445.483189
-283.747501,499,169586.972121
-252.476725,499,169727.06301
-256.443603,499,169887.178596
-252.527849,499,170028.442309
-278.239757,499,170163.579518
-232.505021,499,170303.567334
-347.544924,499,170440.384889
-343.904989,499,170595.089437
-265.512434,499,170730.477098
-286.25476,499,170862.913301
-348.785948,499,170999.29849
-292.940246,499,171133.472094
-298.645154,499,171290.814318
-327.398244,499,171426.77418
-254.31161,499,171557.989506
-408.426962,499,171697.02365
-264.745804,499,171831.020798
-285.460421,499,171989.594
-245.846095,499,172124.199939
-240.410993,499,172260.998892
-329.670566,499,172395.816154
-299.682302,499,172531.131822
-353.076483,499,172688.262329
-274.295384,499,172825.200266
-272.449753,499,172961.928924
-283.435905,499,173108.569288
-278.247708,499,173245.958637
-230.44958,499,173408.87112
-267.276732,499,173549.957825
-287.097825,499,173687.198095
-263.841856,499,173828.328145
-306.93037,499,173967.795525
-321.986893,499,174134.508499
-281.390448,499,174278.888084
-273.796273,499,174419.759919
-302.296966,499,174562.008582
-273.383937,499,174704.519444
-348.964375,499,174873.14121
-354.615079,499,175016.758183
-293.902945,499,175157.50252
-297.548862,499,175304.084645
-285.938812,499,175443.647625
-299.063194,499,175615.122239
-267.503306,499,175761.687138
-242.232597,499,175905.037268
-264.19143,499,176047.158304
-242.246491,499,176186.894327
-272.70233,499,176358.488141
-255.088129,499,176504.289735
-273.731395,499,176648.858114
-322.74889,499,176794.857229
-320.637654,499,176931.324719
-272.366596,499,177101.735539
-210.825791,499,177248.359556
-380.285598,499,177389.700603
-438.719372,499,177531.840019
-298.309579,499,177674.660333
-255.949627,499,177843.729466
-286.031001,499,177990.059617
-343.31497,499,178129.206966
-413.657525,499,178270.635034
-376.932272,499,178411.384883
-277.475947,499,178575.023477
-318.682025,499,178718.257324
-314.76041,499,178859.611751
-234.490572,499,179000.454194
-289.415171,499,179138.767177
-264.644793,499,179303.538372
-254.423946,499,179444.140474
-287.346818,499,179585.370441
-333.287143,499,179728.568369
-273.180864,499,179869.004098
-297.800343,499,180036.951993
-340.66224,499,180172.720353
-240.142569,499,180314.892644
-312.801529,499,180457.026744
-280.699558,499,180593.973353
-267.351578,499,180758.792738
-418.349038,499,180897.741824
-328.303252,499,181041.665689
-237.111828,499,181181.118382
-264.945416,499,181321.123354
-286.943364,499,181482.789788
-330.109942,499,181620.417357
-309.975468,499,181761.118739
-283.579565,499,181899.709892
-207.270632,499,182042.517817
-221.346597,499,182208.373099
-269.837562,499,182347.826862
-246.812887,499,182491.530017
-177.450929,499,182631.100373
-320.918585,499,182770.609821
-427.454763,499,182935.880873
-234.775578,499,183075.433037
-302.486115,499,183217.090875
-279.969764,499,183356.260622
-261.328834,499,183494.941646
-290.554609,499,183662.198677
-259.059025,499,183800.400088
-323.863794,499,183942.276703
-272.418302,499,184080.598586
-384.479638,499,184218.887582
-340.641832,499,184382.366397
-296.741246,499,184522.473745
-236.728069,499,184662.079288
-345.694975,499,184799.397816
-279.482455,499,184939.445845
-251.510066,499,185104.768571
-293.445924,499,185243.00421
-252.946081,499,185384.318249
-349.408798,499,185519.789575
-241.01809,499,185660.97182
-305.821675,499,185826.816776
-300.753661,499,185964.670224
-307.323798,499,186105.861946
-309.643499,499,186244.187905
-232.400797,499,186387.811161
-377.214369,499,186556.639457
-432.280212,499,186695.218619
-314.656408,499,186834.77687
-244.005457,499,186977.002901
-336.388633,499,187117.531071
-333.044097,499,187284.629789
-332.0116,499,187422.000839
-378.379234,499,187562.783099
-282.544576,499,187708.440364
-327.390295,499,187849.169336
-317.478526,499,188013.607824
-259.219067,499,188153.106353
-275.460624,499,188294.987959
-272.22925,499,188436.945886
-268.771515,499,188578.907839
-295.988316,499,188741.514106
-365.246901,499,188881.582748
-337.204877,499,189023.362144
-346.867291,499,189166.165601
-331.248997,499,189307.797024
-324.405776,499,189470.439525
-331.581356,499,189616.815324
-301.688519,499,189760.498869
-295.448026,499,189901.307023
-440.258867,499,190041.449549
-314.596051,499,190203.517434
-302.650435,499,190347.072161
-238.398222,499,190482.133016
-296.571311,499,190614.380842
-300.566551,499,190746.20457
-289.07266,499,190898.159405
-223.333519,499,191030.902051
-317.657024,499,191163.46556
-258.441206,499,191293.072478
-288.812853,499,191423.366016
-219.622299,499,191575.572839
-225.821427,499,191707.62108
-373.687539,499,191841.989468
-399.612411,499,191972.767913
-292.059408,499,192102.188948
-301.779445,499,192255.624988
-353.992735,499,192388.279811
-278.508967,499,192521.516167
-353.657835,499,192651.617171
-256.242384,499,192783.758953
-348.956056,499,192935.138301
-274.57363,499,193068.653049
-394.459367,499,193202.274468
-307.682653,499,193329.823022
-313.903935,499,193464.012234
-246.398598,499,193616.043668
-292.223071,499,193748.088928
-276.737067,499,193881.165826
-259.406337,499,194010.087577
-301.390889,499,194141.387361
-308.491682,499,194298.020234
-357.337133,499,194431.016366
-251.157576,499,194563.934756
-320.594276,499,194694.390186
-267.337904,499,194826.525055
-306.139409,499,194981.190001
-315.990095,499,195112.074958
-263.136903,499,195243.911107
-375.84795,499,195371.16887
-408.108935,499,195502.930915
-279.769322,499,195657.28975
-217.511081,499,195789.656374
-311.271177,499,195921.687935
-332.910962,499,196050.907074
-260.350496,499,196182.615785
-338.787608,499,196336.873782
-276.568478,499,196468.091462
-335.950345,499,196598.341875
-255.614209,499,196730.139336
-254.184684,499,196862.152507
-299.07444,499,197014.570058
-285.879865,499,197146.035851
-281.098303,499,197275.721618
-325.46773,499,197406.990183
-314.584357,499,197538.709968
-286.604765,499,197690.605055
-334.131351,499,197821.822152
-329.445408,499,197953.264881
-273.079753,499,198085.786489
-289.35404,499,198217.418153
-274.893318,499,198370.672503
-278.258165,499,198503.26733
-342.33517,499,198636.247211
-239.013787,499,198769.080048
-275.28741,499,198900.290293
-239.583261,499,199052.829979
-279.288438,499,199183.224005
-284.458118,499,199316.29112
-240.747898,499,199448.601753
-241.469335,499,199580.164134
-285.54444,499,199730.47193
-231.685809,499,199860.913607
-288.878564,499,199994.248077
-231.220611,499,200125.667177
-247.434004,499,200258.222327
-327.245963,499,200409.127122
-467.587317,499,200540.737164
-261.558476,499,200674.820512
-300.789117,499,200807.192279
-264.091479,499,200939.386011
-272.354626,499,201091.733994
-280.503539,499,201223.264308
-233.886805,499,201358.636703
-306.408481,499,201493.389372
-259.558377,499,201625.98398
-326.43944,499,201749.972076
-240.565097,499,201906.200562
-278.9692,499,202040.397205
-228.557693,499,202172.744164
-274.364013,499,202305.228335
-291.992509,499,202430.4399
-286.205387,499,202584.861111
-322.491103,499,202719.629025
-247.300933,499,202851.880765
-348.786579,499,202983.545073
-263.044774,499,203109.069948
-338.525314,499,203263.123874
-270.60552,499,203397.341933
-269.578349,499,203530.834781
-338.389344,499,203664.126318
-300.73057,499,203790.751851
-330.333114,499,203948.342918
-341.087347,499,204082.706222
-278.991341,499,204215.474781
-230.038986,499,204346.167336
-262.966727,499,204475.687493
-306.006078,499,204630.709115
-241.79538,499,204763.799221
-293.749655,499,204895.08299
-256.827792,499,205023.774621
-342.037271,499,205153.359535
-243.76342,499,205309.200252
-244.515527,499,205442.536103
-284.692326,499,205574.476682
-298.341561,499,205703.304866
-248.816674,499,205832.163551
-313.193034,499,205987.792424
-337.358692,499,206120.09672
-292.224313,499,206249.076064
-302.670264,499,206376.809888
-316.925228,499,206506.969828
-253.233672,499,206659.7425
-297.204275,499,206791.763288
-265.624544,499,206922.158026
-249.431542,499,207050.25859
-306.155045,499,207179.749035
-322.951433,499,207336.443362
-333.833797,499,207467.413334
-339.927449,499,207598.160665
-347.608385,499,207728.706066
-345.149656,499,207859.040393
-301.77136,499,208014.772445
-236.064051,499,208146.110231
-396.001569,499,208276.819103
-450.203203,499,208407.252591
-366.920289,499,208537.63651
-274.048114,499,208693.901747
-340.226937,499,208826.152289
-397.843821,499,208956.08985
-465.283518,499,209085.768252
-379.336961,499,209217.538685
-313.84184,499,209372.130705
-323.122665,499,209504.85375
-322.624324,499,209634.485084
-255.990116,499,209764.810975
-268.981082,499,209896.433357
-270.997072,499,210049.78985
-279.019565,499,210182.41802
-366.520546,499,210312.262305
-328.048974,499,210440.579161
-297.473308,499,210573.134029
-281.942008,499,210726.155833
-334.797145,499,210857.636252
-282.076183,499,210988.456741
-313.410679,499,211117.074807
-320.961333,499,211248.113477
-284.554348,499,211403.975193
-389.137926,499,211535.512001
-327.649001,499,211666.179853
-291.046127,499,211794.380059
-270.579517,499,211927.856401
-241.845006,499,212084.020733
-311.089408,499,212215.593492
-309.77775,499,212347.382432
-333.08061,499,212477.72758
-270.520009,499,212610.716669
-259.044824,499,212766.33278
-244.664592,499,212897.911888
-238.38127,499,213029.431018
-229.874141,499,213159.473319
-284.62572,499,213292.343829
-252.230671,499,213448.235934
-242.448255,499,213581.842511
-326.390128,499,213712.567364
-266.586425,499,213841.933423
-265.068569,499,213976.745706
-256.355608,499,214132.464366
-284.476425,499,214264.755557
-301.539387,499,214396.472975
-283.360381,499,214525.298544
-284.787521,499,214657.960448
-270.105817,499,214813.017396
-256.544072,499,214947.128128
-260.19836,499,215080.532478
-264.999811,499,215209.043102
-232.407214,499,215340.844755
-186.287733,499,215495.144335
-322.682092,499,215628.884387
-283.630096,499,215761.901047
-323.527638,499,215891.869814
-316.202586,499,216025.088888
-365.502784,499,216179.116901
-387.85381,499,216310.702765
-351.27183,499,216442.247346
-364.949133,499,216570.247862
-302.849385,499,216704.970674
-437.942317,499,216859.125684
-550.823038,499,216991.219334
-370.820546,499,217123.121656
-346.514453,499,217253.867476
-358.589561,499,217386.773572
-392.655028,499,217542.322436
-466.484545,499,217674.883596
-426.718813,499,217804.416947
-362.243896,499,217932.215877
-388.012907,499,218066.432713
-361.666996,499,218224.66869
-322.994902,499,218358.53398
-335.575907,499,218487.918786
-308.398841,499,218617.580102
-330.544943,499,218750.160334
-359.166361,499,218905.769586
-400.529321,499,219038.699713
-333.697739,499,219168.178631
-357.919467,499,219297.084773
-371.932047,499,219428.194654
-353.395343,499,219583.691589
-362.751944,499,219725.940157
-413.827517,499,219857.793903
-331.946387,499,219987.933615
-467.041551,499,220120.559853
-395.033031,499,220276.77267
-352.187129,499,220408.572625
-319.880825,499,220537.807406
-324.266166,499,220669.307022
-312.321494,499,220803.703598
-337.397598,499,220960.452004
-345.532899,499,221093.299173
-329.191238,499,221223.839915
-308.870878,499,221354.716646
-342.613373,499,221487.176428
-351.813496,499,221642.691638
-276.527369,499,221775.42608
-343.065885,499,221906.675766
-429.075553,499,222035.636513
-348.723766,499,222168.838206
-350.595776,499,222323.005542
-331.811427,499,222455.1681
-340.252777,499,222585.072713
-368.493765,499,222714.915406
-326.404012,499,222849.574982
-374.43449,499,223006.396864
-345.296415,499,223140.034616
-408.247531,499,223268.909256
-339.805121,499,223401.184695
-331.870999,499,223532.784162
-307.513768,499,223686.59348
-336.413242,499,223819.61569
-327.637575,499,223950.285981
-303.968168,499,224080.76943
-344.634151,499,224212.718465
-292.860222,499,224368.842137
-373.674097,499,224503.798721
-334.159262,499,224634.622918
-355.044551,499,224764.804948
-319.466953,499,224897.611634
-354.492366,499,225051.283293
-337.806828,499,225185.013893
-292.599673,499,225312.735615
-411.2382,499,225441.828075
-518.548407,499,225572.621235
-337.533834,499,225729.028555
-285.662967,499,225862.034748
-372.266126,499,225989.570867
-375.368552,499,226119.834781
-376.43542,499,226250.760881
-441.720231,499,226405.056139
-317.707055,499,226537.316821
-374.785889,499,226666.672363
-319.239893,499,226796.464236
-246.841141,499,226930.626853
-331.452637,499,227086.268584
-311.374674,499,227216.843666
-291.364599,499,227345.20582
-318.314903,499,227473.621938
-381.970335,499,227605.181083
-300.927511,499,227762.486077
-357.870554,499,227892.252504
-362.837606,499,228022.138385
-345.690743,499,228151.009316
-316.531975,499,228283.164775
-288.883123,499,228436.506661
-329.567255,499,228568.801063
-370.81816,499,228700.314596
-258.898718,499,228829.390381
-300.698319,499,228962.185778
-252.067624,499,229116.096211
-316.74246,499,229241.971443
-321.344747,499,229368.952558
-263.268916,499,229494.097283
-255.37292,499,229623.16174
-306.251809,499,229774.794783
-258.160593,499,229900.019158
-335.581806,499,230025.072331
-291.278948,499,230151.989743
-275.643984,499,230281.852681
-355.074634,499,230431.138843
-451.1477,499,230555.922543
-241.587004,499,230682.736594
-270.368167,499,230808.436718
-297.686659,499,230935.385964
-268.217226,499,231085.231824
-318.12473,499,231210.099546
-258.219956,499,231336.436858
-365.155614,499,231461.768179
-274.664059,499,231588.855565
-390.25163,499,231738.51629
-259.426339,499,231864.729953
-303.450888,499,231991.101542
-266.898928,499,232118.973878
-328.1399,499,232246.991308
-281.118323,499,232397.837147
-302.424761,499,232522.658391
-294.888431,499,232648.380046
-289.240288,499,232774.242172
-342.816605,499,232903.179485
-278.049528,499,233051.092105
-344.112066,499,233176.604624
-295.005144,499,233305.085552
-311.846346,499,233432.28694
-348.458657,499,233561.339012
-280.342447,499,233712.320691
-393.722931,499,233838.120943
-389.071478,499,233964.422781
-249.223731,499,234093.638499
-254.295322,499,234222.196648
-302.744485,499,234371.347582
-293.281361,499,234499.280784
-249.923242,499,234624.822214
-347.684272,499,234751.993235
-276.472954,499,234880.975352
-325.027995,499,235028.583384
-268.29481,499,235155.968064
-233.603333,499,235283.665922
-285.356685,499,235411.397341
-277.964621,499,235540.170634
-261.141889,499,235686.204092
-320.832536,499,235814.318882
-350.544561,499,235939.980675
-311.379729,499,236066.675396
-339.01825,499,236195.63176
-310.440787,499,236347.107889
-261.963332,499,236474.202151
-292.741503,499,236598.212457
-261.659575,499,236723.812399
-241.186825,499,236849.790254
-306.917572,499,236997.84173
-259.054006,499,237125.218478
-271.197725,499,237250.370135
-243.38241,499,237379.405151
-300.864762,499,237506.81595
-280.591879,499,237655.888576
-240.088151,499,237784.00159
-221.887409,499,237909.760665
-442.84547,499,238035.316615
-313.962092,499,238165.44691
-305.994629,499,238313.837735
-195.433316,499,238440.588413
-248.085128,499,238566.333592
-361.156506,499,238691.886139
-584.971294,499,238822.418737
-291.358299,499,238967.45408
-261.287801,499,239094.538371
-229.391527,499,239220.605548
-221.10272,499,239346.460825
-240.4463,499,239473.262959
-227.140839,499,239622.654767
-239.831476,499,239750.224325
-215.259099,499,239876.796508
-292.931512,499,240004.225873
-258.420274,499,240133.709732
-259.212208,499,240278.68158
-206.500256,499,240407.298021
-286.610345,499,240532.549037
-226.209048,499,240659.443432
-284.864278,499,240787.808759
-274.495505,499,240935.700559
-215.874892,499,241064.016197
-401.857858,499,241191.357644
-229.810672,499,241319.192577
-251.68305,499,241445.287848
-233.922891,499,241592.675757
-200.041638,499,241721.315633
-280.115132,499,241849.361511
-262.093257,499,241975.218168
-317.925057,499,242102.38156
-249.267479,499,242248.472288
-232.166004,499,242377.014375
-183.406715,499,242503.333618
-246.97904,499,242628.82962
-249.969689,499,242756.089541
-254.911207,499,242903.345969
-231.976844,499,243032.304698
-225.3006,499,243159.315857
-279.093279,499,243285.426843
-241.724198,499,243413.224693
-243.409015,499,243560.999789
-227.965419,499,243688.902806
-276.049408,499,243815.397067
-212.54678,499,243941.203663
-251.854749,499,244068.187027
-190.492096,499,244215.043867
-215.770624,499,244343.943248
-232.96934,499,244471.332031
-272.751949,499,244598.49396
-179.640024,499,244727.122862
-210.003564,499,244875.838259
-227.344952,499,245001.941634
-234.950381,499,245128.424998
-199.492662,499,245254.616803
-292.58929,499,245379.991066
-290.173053,499,245527.735891
-301.391756,499,245653.207252
-368.195081,499,245782.279473
-287.998229,499,245906.85595
-355.882276,499,246031.140624
-255.812822,499,246177.125158
-494.683391,499,246304.142714
-541.709462,499,246431.681955
-346.682373,499,246555.533831
-203.310945,499,246682.200042
-328.750314,499,246826.952621
-379.436424,499,246951.639137
-453.99917,499,247079.750353
-425.40525,499,247201.15438
-287.834661,499,247328.434049
-330.658665,499,247475.773133
-330.310763,499,247601.518322
-233.581259,499,247730.857885
-279.250045,499,247853.857061
-239.332516,499,247981.170081
-245.377882,499,248124.550418
-308.268516,499,248253.716268
-357.638637,499,248384.585671
-256.136359,499,248511.367777
-289.567664,499,248639.014419
-382.008875,499,248787.905222
-282.893312,499,248915.665313
-320.845987,499,249043.879802
-349.945483,499,249169.697204
-309.823028,499,249295.915779
-431.964849,499,249443.794752
-355.771784,499,249571.394354
-273.256229,499,249699.783694
-276.021821,499,249823.977823
-295.641637,499,249949.538399
-318.595587,499,250096.916128
-323.0677,499,250222.667629
-325.553415,499,250351.059867
-218.829938,499,250474.270763
-255.332751,499,250599.616048
-259.078089,499,250748.921696
-288.177208,499,250875.16518
-249.916347,499,251003.938701
-344.580183,499,251126.645822
-346.436936,499,251254.695422
-307.436238,499,251403.03819
-348.016682,499,251531.106779
-299.186845,499,251657.769793
-321.667456,499,251782.187176
-353.665562,499,251906.996054
-312.567809,499,252055.511068
-363.276659,499,252181.593819
-344.152648,499,252311.137013
-351.835035,499,252433.888866
-372.538192,499,252560.600073
-332.472271,499,252711.073817
-302.90709,499,252835.338216
-357.857763,499,252963.810117
-327.578913,499,253089.135573
-322.943872,499,253214.418214
-332.725209,499,253363.396357
-278.826199,499,253485.899458
-312.692425,499,253614.62186
-297.035829,499,253737.68418
-346.220643,499,253862.717968
-364.13253,499,254010.840769
-347.438416,499,254137.90237
-366.697021,499,254266.911409
-270.055885,499,254389.618988
-472.856077,499,254513.201792
-526.22302,499,254659.427369
-319.687274,499,254785.892779
-294.183378,499,254916.022324
-348.075563,499,255039.492609
-377.133623,499,255164.285214
-392.546078,499,255310.33485
-403.230801,499,255438.434249
-313.534549,499,255567.154008
-383.831297,499,255692.734875
-305.603453,499,255817.14083
-296.592459,499,255967.119484
-336.484289,499,256093.208045
-312.147719,499,256221.067902
-296.38849,499,256345.441133
-318.070765,499,256468.093802
-371.91838,499,256619.264672
-312.319508,499,256747.876375
-365.985775,499,256873.946446
-365.131363,499,256997.616756
-317.927999,499,257120.973245
-328.712425,499,257270.139941
-366.407416,499,257400.46155
-317.94598,499,257528.203066
-445.092017,499,257652.826467
-396.508138,499,257780.981485
-335.649978,499,257931.919396
-254.44948,499,258060.980849
-299.973475,499,258187.309121
-298.289169,499,258309.80362
-340.969263,499,258436.691789
-287.978945,499,258582.526827
-311.048271,499,258710.283723
-263.519761,499,258835.894442
-330.408827,499,258959.961417
-329.756885,499,259085.227519
-233.834438,499,259234.088127
-365.008317,499,259361.159091
-444.059255,499,259487.245461
-276.611507,499,259612.092713
-323.816848,499,259741.002198
-294.686611,499,259890.871876
-332.172942,499,260018.300535
-324.563251,499,260147.95583
-272.758838,499,260273.364085
-349.944355,499,260402.255793
-298.454833,499,260548.774033
-431.02339,499,260675.99325
-299.463981,499,260803.302397
-304.612655,499,260928.16386
-253.304346,499,261055.937197
-339.312868,499,261205.520073
-296.649348,499,261334.782476
-257.738165,499,261465.73752
-332.633483,499,261591.440007
-277.790314,499,261720.010156
-377.566152,499,261869.940501
-302.291787,499,261998.150252
-340.194118,499,262128.104907
-293.828384,499,262254.260476
-327.863609,499,262382.195732
-335.004203,499,262533.151092
-264.908448,499,262661.284562
-419.822503,499,262790.796721
-472.443287,499,262918.140881
-291.685956,499,263046.821391
-231.810095,499,263196.038858
-357.327348,499,263325.500208
-375.842404,499,263455.580517
-259.635752,499,263579.081162
-372.221624,499,263707.706418
-272.760843,499,263858.017575
-311.304191,499,263985.424963
-267.23576,499,264116.819769
-248.919553,499,264238.537647
-336.04904,499,264367.193438
-296.055307,499,264516.35673
-253.392271,499,264643.293267
-311.447268,499,264772.579008
-381.627655,499,264895.205523
-293.338144,499,265023.00517
-379.783513,499,265173.342807
-373.416004,499,265301.276633
-324.691403,499,265428.193572
-331.661691,499,265551.467997
-261.395313,499,265678.651149
-292.32598,499,265827.572134
-424.34871,499,265954.810964
-308.785115,499,266080.298139
-350.94079,499,266204.080326
-311.967324,499,266331.409948
-363.313852,499,266478.231548
-376.309521,499,266604.00143
-269.548197,499,266729.80886
-201.320789,499,266854.406975
-410.822372,499,266979.767351
-460.223339,499,267127.656452
-353.167182,499,267255.872177
-228.378944,499,267381.853159
-249.385193,499,267507.395017
-375.109356,499,267632.806389
-537.5321,499,267782.523167
-334.08681,499,267908.960085
-261.560992,499,268037.893848
-314.548174,499,268162.317843
-264.456177,499,268288.684148
-263.90185,499,268415.65658
-266.06396,499,268565.215065
-303.198105,499,268692.741749
-237.745121,499,268816.408126
-402.982935,499,268943.739756
-229.938067,499,269069.901867
-276.510164,499,269219.588115
-215.799626,499,269346.886197
-299.083575,499,269469.510396
-284.487188,499,269597.441038
-260.744797,499,269721.408444
-295.118366,499,269873.325104
-237.986877,499,269999.3772
-381.662782,499,270125.642443
-257.950162,499,270252.414329
-329.545767,499,270378.708889
-294.062663,499,270530.03478
-293.972651,499,270655.359092
-348.35046,499,270782.441063
-275.33199,499,270908.976429
-362.196348,499,271034.545877
-299.802504,499,271184.996137
-227.446316,499,271311.262436
-206.820252,499,271435.683445
-292.658854,499,271562.2882
-294.98603,499,271688.334676
-274.633709,499,271839.749425
-306.274799,499,271965.602579
-217.858781,499,272089.831386
-354.677286,499,272216.209019
-258.353962,499,272340.068732
-267.603775,499,272488.819348
-308.244177,499,272614.321435
-338.663839,499,272737.546033
-292.54814,499,272862.35124
-352.057709,499,272987.308339
-306.780994,499,273136.699224
-344.787973,499,273262.916892
-334.196193,499,273387.06492
-347.612031,499,273512.561956
-289.396102,499,273636.422209
-278.299298,499,273786.674484
-258.414866,499,273913.253467
-282.486964,499,274036.433283
-306.886296,499,274162.385205
-294.329734,499,274286.223929
-323.192724,499,274436.250316
-319.736094,499,274565.249656
-349.203797,499,274689.159745
-280.562998,499,274815.152749
-316.361891,499,274937.81355
-215.156775,499,275085.362947
-473.840081,499,275213.05693
-579.654082,499,275336.739148
-342.554187,499,275463.395957
-202.803201,499,275586.428035
-282.654179,499,275734.965518
-426.952516,499,275861.765235
-577.713857,499,275987.864892
-441.569013,499,276112.090329
-323.259729,499,276235.693138
-360.850911,499,276383.271921
-325.593095,499,276511.05842
-207.421362,499,276637.344893
-264.38321,499,276763.622702
-244.828121,499,276891.105411
-277.660026,499,277041.510669
-340.655448,499,277169.25791
-365.48601,499,277293.917346
-384.456745,499,277418.140166
-279.9109,499,277546.118476
-337.881724,499,277694.583755
-260.95884,499,277820.322707
-281.875804,499,277943.526797
-321.258042,499,278071.385655
-278.395511,499,278199.010463
-475.863604,499,278344.967145
-303.323911,499,278473.16325
-275.687672,499,278595.759349
-249.715545,499,278723.009615
-231.406393,499,278849.487418
-297.206171,499,278997.277117
-295.608824,499,279125.092746
-365.092626,499,279250.708434
-221.385816,499,279377.617005
-247.590565,499,279503.236375
-254.340852,499,279651.582453
-246.867614,499,279778.779904
-230.868882,499,279903.908945
-317.263025,499,280031.454426
-263.815821,499,280154.441173
-245.356455,499,280291.578104
-362.732584,499,280408.523869
-315.605901,499,280525.088842
-319.291249,499,280643.935931
-311.352391,499,280759.639944
-321.356182,499,280896.187956
-318.708758,499,281015.880503
-315.856521,499,281131.973861
-252.766653,499,281248.641145
-326.063335,499,281364.753216
-302.338476,499,281500.706907
-267.791734,499,281618.541927
-303.945005,499,281734.022934
-234.781047,499,281849.344905
-258.026635,499,281965.576387
-257.362585,499,282099.422137
-227.351289,499,282217.483061
-310.331573,499,282334.407259
-304.259116,499,282449.459604
-318.337041,499,282565.020542
-383.288671,499,282700.850242
-325.969981,499,282819.320417
-351.943553,499,282935.384732
-264.86625,499,283049.815129
-519.025136,499,283165.438914
-679.719445,499,283302.897578
-356.98965,499,283421.161448
-301.153433,499,283535.819462
-369.80029,499,283652.374593
-366.624933,499,283767.821606
-505.345961,499,283905.064034
-420.457328,499,284023.17853
-324.020502,499,284137.178196
-348.281981,499,284253.235629
-332.714204,499,284370.265542
-258.63714,499,284511.002511
-301.856982,499,284630.067685
-297.432608,499,284742.992031
-283.886331,499,284859.647993
-334.333149,499,284975.376318
-348.638037,499,285114.372909
-220.957847,499,285233.079718
-307.983867,499,285345.190778
-347.427864,499,285460.830183
-239.45713,499,285576.501133
-305.927655,499,285714.755608
-291.417053,499,285832.66723
-275.458733,499,285944.780225
-493.091982,499,286061.848317
-304.341424,499,286177.027105
-259.290481,499,286314.794299
-269.340949,499,286430.787458
-270.651188,499,286543.825963
-278.91872,499,286661.471708
-288.335816,499,286775.5328
-300.221289,499,286914.250844
-255.303681,499,287033.884827
-233.536014,499,287144.99925
-285.277329,499,287264.802115
-304.013612,499,287380.766112
-218.1391,499,287520.161908
-313.495382,499,287638.121066
-543.119801,499,287749.249383
-281.328093,499,287867.705849
-285.754001,499,287982.089608
-283.244643,499,288123.289632
-268.836037,499,288240.850089
-291.561702,499,288352.958436
-271.644521,499,288471.035445
-313.348492,499,288585.553947
-250.033524,499,288726.045939
-374.676318,499,288840.964812
-274.679063,499,288956.022561
-270.955481,499,289071.807909
-249.248631,499,289186.779091
-296.234587,499,289326.658543
-260.061975,499,289441.876186
-265.442078,499,289555.835943
-289.855486,499,289672.643816
-267.897339,499,289787.662962
-325.380007,499,289925.315733
-264.78616,499,290039.446811
-325.039595,499,290154.293849
-305.364652,499,290271.431147
-329.312882,499,290387.004783
-308.050075,499,290526.561773
-254.040858,499,290642.16802
-408.392355,499,290756.804066
-482.34,499,290873.993155
-311.093593,499,290988.954175
-259.707886,499,291126.459866
-340.064166,499,291242.67236
-338.306569,499,291356.977381
-299.082439,499,291473.396523
-399.929364,499,291588.469464
-265.323279,499,291725.014063
-333.268661,499,291841.895743
-257.650679,499,291956.341402
-237.840194,499,292073.021748
-308.710285,499,292187.349591
-267.616155,499,292323.301414
-218.524926,499,292440.048429
-241.144146,499,292554.586336
-360.367489,499,292673.028175
-262.840126,499,292788.068693
-329.264195,499,292923.978267
-325.005549,499,293044.143934
-239.065132,499,293159.86876
-267.117811,499,293278.737936
-254.922915,499,293392.410355
-223.508699,499,293528.134383
-372.596541,499,293645.374318
-273.780935,499,293760.580702
-248.214114,499,293878.713018
-178.860936,499,293992.095402
-281.899742,499,294129.692397
-285.824585,499,294247.290199
-259.110955,499,294362.47592
-221.142552,499,294480.286239
-266.594023,499,294594.219724
-221.408022,499,294732.335091
-314.838506,499,294848.808571
-259.78385,499,294963.743329
-220.304174,499,295079.312421
-368.204055,499,295193.714962
-447.206463,499,295330.749124
-244.609088,499,295447.536717
-273.441074,499,295562.352839
-288.784614,499,295677.868714
-270.139494,499,295791.962079
-341.799847,499,295933.354264
-203.547564,499,296050.861913
-335.561691,499,296167.621711
-261.861875,499,296283.317742
-371.875805,499,296397.607444
-251.74167,499,296536.350916
-298.826106,499,296652.176683
-215.960207,499,296768.625493
-296.182802,499,296884.08599
-275.642165,499,297000.530332
-250.906923,499,297138.646103
-282.878007,499,297255.059503
-233.792985,499,297370.18299
-358.504999,499,297486.493509
-289.509089,499,297602.805285
-321.216833,499,297744.665525
-256.812315,499,297859.961852
-303.851103,499,297975.465759
-340.410905,499,298091.708326
-225.651105,499,298207.790189
-405.844913,499,298346.947147
-373.169295,499,298461.980623
-247.044773,499,298577.301255
-219.453341,499,298694.473865
-306.117034,499,298811.803261
-315.053594,499,298952.040241
-238.486736,499,299068.664892
-332.65857,499,299184.59445
-251.172877,499,299300.667128
-318.908611,499,299417.438934
-250.466506,499,299557.821682
-281.870697,499,299672.211704
-331.638024,499,299787.005929
-330.729351,499,299903.173229
-318.600422,499,300019.013305
-332.526728,499,300155.151103
-374.333236,499,300270.294897
-344.4171,499,300385.87041
-366.726324,499,300501.917339
-368.290945,499,300619.195345
-339.157664,499,300755.730674
-336.314413,499,300869.236585
-283.46643,499,300984.813456
-320.460592,499,301100.155291
-366.934702,499,301216.75762
-318.030731,499,301351.86434
-339.698119,499,301468.180108
-311.655686,499,301583.4124
-363.30393,499,301698.720953
-349.110131,499,301814.710514
-321.275339,499,301950.547616
-232.640393,499,302065.138428
-420.746057,499,302181.188967
-397.802202,499,302297.60577
-365.409217,499,302414.913928
-259.841895,499,302553.367371
-281.672087,499,302669.184958
-374.108148,499,302785.880527
-534.704656,499,302901.505825
-344.677014,499,303019.498508
-341.663376,499,303156.057042
-315.413334,499,303272.927683
-295.98045,499,303390.444896
-258.112998,499,303507.280109
-285.331038,499,303624.623645
-285.085983,499,303760.30812
-254.209404,499,303877.197405
-366.069088,499,303992.720634
-278.594381,499,304108.7165
-284.836986,499,304224.407245
-258.044622,499,304362.078301
-307.440816,499,304478.21067
-293.325343,499,304594.458466
-309.593055,499,304711.999905
-315.81477,499,304827.382025
-232.711301,499,304965.700924
-412.531873,499,305084.968293
-268.533984,499,305200.334989
-353.186143,499,305317.835511
-292.722704,499,305432.891989
-282.146877,499,305569.576561
-359.405246,499,305687.153903
-290.421049,499,305803.211704
-366.472796,499,305920.85319
-316.943389,499,306035.350494
-282.946558,499,306174.402496
-254.769819,499,306290.84724
-292.875323,499,306407.254502
-279.226279,499,306524.264569
-284.409096,499,306639.354558
-312.556705,499,306777.271253
-286.475362,499,306894.30725
-339.25728,499,307010.961924
-312.924927,499,307127.136553
-263.544263,499,307242.165344
-279.874902,499,307379.516948
-328.261097,499,307495.528059
-302.690846,499,307612.661004
-337.455327,499,307728.606551
-325.29635,499,307843.246691
-314.858185,499,307981.150487
-332.831794,499,308097.365842
-300.307917,499,308214.510225
-280.501471,499,308330.59555
-269.962231,499,308444.673309
-240.648064,499,308582.418396
-275.197001,499,308698.358205
-262.836436,499,308814.443707
-265.532482,499,308929.772302
-293.113072,499,309045.164987
-256.843099,499,309183.442938
-311.687811,499,309298.980821
-249.958883,499,309414.217833
-313.961232,499,309529.433527
-241.668789,499,309644.47881
-461.228151,499,309782.862394
-673.824744,499,309900.316819
-358.428613,499,310015.759257
-245.715002,499,310132.916638
-289.015852,499,310248.05691
-388.751177,499,310390.092437
-455.443496,499,310505.254335
-429.547371,499,310619.552445
-271.630964,499,310734.418784
-308.625282,499,310849.680655
-273.487684,499,310988.367532
-196.461716,499,311106.783345
-241.017829,499,311217.064074
-230.938568,499,311325.764127
-243.318226,499,311435.207656
-285.085017,499,311569.423582
-311.245529,499,311679.624415
-230.974889,499,311787.478207
-261.707042,499,311898.644089
-339.981077,499,312007.565683
-261.016899,499,312138.932753
-292.701361,499,312250.672649
-323.242441,499,312357.516447
-259.68011,499,312463.080926
-448.409498,499,312565.263963
-321.725999,499,312688.604276
-249.47143,499,312791.45568
-262.40411,499,312893.599142
-248.955073,499,312998.599283
-331.361739,499,313100.992308
-296.386248,499,313227.132407
-346.212222,499,313328.939583
-253.57343,499,313431.394343
-278.13791,499,313536.917552
-264.510593,499,313638.660713
-280.158213,499,313763.061697
-265.971887,499,313866.350154
-316.087757,499,313968.730482
-372.562994,499,314071.963249
-303.276236,499,314174.474357
-286.592562,499,314294.87413
-321.399214,499,314392.520102
-296.852957,499,314489.376825
-314.957407,499,314587.447807
-313.983171,499,314683.904649
-340.058935,499,314801.29337
-298.486095,499,314899.688449
-262.749812,499,314996.422164
-332.493996,499,315094.153226
-289.6474,499,315191.126784
-264.07172,499,315306.245185
-315.554562,499,315398.907756
-312.683284,499,315489.167529
-277.431127,499,315579.188422
-300.336288,499,315667.933009
-244.539936,499,315776.106191
-339.042002,499,315865.606825
-314.528984,499,315953.765632
-336.864928,499,316043.998776
-360.685815,499,316132.718639
-338.580832,499,316239.242053
-342.188697,499,316330.187309
-283.724501,499,316416.853233
-521.69633,499,316505.961621
-673.850444,499,316594.435206
-319.21839,499,316700.990748
-271.903024,499,316790.173423
-323.258703,499,316878.257704
-386.49497,499,316967.849233
-486.358143,499,317056.221172
-483.995043,499,317163.683525
-257.468953,499,317252.879011
-414.17134,499,317340.224895
-297.511369,499,317429.816611
-243.237994,499,317517.829422
-324.222216,499,317624.970375
-307.775767,499,317714.288199
-212.27632,499,317801.535522
-300.021418,499,317889.769659
-452.336483,499,317979.530119
-328.786146,499,318089.498557
-350.540519,499,318180.086
-367.3984,499,318268.072839
-268.776309,499,318357.159418
-355.943153,499,318447.470693
-353.175193,499,318555.975942
-289.445839,499,318646.048088
-494.878232,499,318733.651843
-370.303933,499,318822.191139
-327.77158,499,318910.778816
-268.696399,499,319019.970966
-277.932171,499,319109.723052
-321.913675,499,319197.540423
-341.897809,499,319286.124249
-284.369186,499,319374.904103
-295.341897,499,319484.314601
-252.935909,499,319574.145412
-343.990152,499,319661.275865
-305.155089,499,319750.11549
-246.271042,499,319839.763327
-348.79727,499,319948.577738
-604.290398,499,320038.279803
-305.565901,499,320126.101842
-245.3211,499,320215.636234
-274.778769,499,320304.646904
-288.061919,499,320412.983131
-364.738825,499,320502.346073
-257.672173,499,320590.215599
-301.944921,499,320678.732319
-295.778377,499,320767.747116
-441.655233,499,320877.235658
-253.282138,499,320968.674427
-258.581007,499,321055.791362
-220.269393,499,321144.245091
-300.87531,499,321233.075158
-240.576039,499,321343.159658
-254.565619,499,321432.724634
-310.280999,499,321520.629145
-251.825672,499,321609.101222
-347.669645,499,321697.784266
-287.773017,499,321803.451454
-363.659763,499,321892.610892
-303.617858,499,321979.616389
-330.17011,499,322067.431429
-334.349483,499,322151.310939
-278.997519,499,322252.873886
-458.323468,499,322337.103445
-499.249189,499,322420.364159
-317.963604,499,322505.198867
-281.095057,499,322588.852767
-364.191093,499,322690.253873
-407.587246,499,322774.312181
-375.108923,499,322854.40682
-434.608418,499,322934.85598
-304.693692,499,323014.62988
-374.908208,499,323113.010619
-315.05982,499,323193.573154
-299.844004,499,323272.302913
-340.346269,499,323352.981609
-320.364193,499,323432.765242
-347.958787,499,323530.091238
-328.05332,499,323607.832013
-409.262434,499,323683.992651
-333.672993,499,323761.777374
-383.595733,499,323838.005378
-376.317876,499,323932.111585
-348.97369,499,324009.65016
-355.126983,499,324086.438568
-329.863978,499,324164.53357
-336.863568,499,324241.596853
-415.615322,499,324336.916212
-320.486634,499,324414.422646
-356.050408,499,324491.390059
-292.569592,499,324569.067984
-344.589413,499,324644.943215
-369.74842,499,324741.527928
-315.560078,499,324818.420176
-274.818017,499,324895.3318
-356.550375,499,324972.079062
-360.522338,499,325048.581039
-368.84723,499,325126.335146
-286.662799,499,325220.964007
-298.734771,499,325297.55244
-383.591775,499,325371.26434
-476.350127,499,325442.773397
-371.638774,499,325513.108425
