#{"t_start": 1686266956.1005645, "env_id": "quantumEnvMeasureFilter_randomInitial-v0"}
r,l,t
-580.018389,499,28.340236
-610.990036,499,56.356312
-504.066362,499,84.674227
-544.914247,499,112.856694
-608.152981,499,141.471585
-548.913248,499,171.073369
-602.4333,499,199.815627
-590.896629,499,228.015649
-522.978432,499,256.967079
-477.057243,499,285.344663
-548.773381,499,314.392902
-628.881081,499,342.910063
-548.546843,499,371.325463
-365.590591,499,399.953531
-525.912051,499,428.158668
-603.814736,499,457.790313
-594.540979,499,489.012386
-612.018217,499,518.437919
-607.692629,499,547.895452
-541.437346,499,578.393518
-648.825672,499,608.950824
-547.146453,499,638.899727
-466.59561,499,670.902231
-666.037069,499,701.73686
-593.28795,499,732.853881
-568.335596,499,763.905563
-626.508527,499,794.818243
-521.287544,499,824.908608
-425.7349,499,856.31402
-621.414645,499,888.011962
-470.366339,499,919.784216
-539.790726,499,950.21324
-643.314045,499,982.892661
-565.847695,499,1014.161178
-551.850961,499,1045.208007
-614.535716,499,1075.808945
-514.287308,499,1105.108266
-521.214417,499,1135.503617
-577.140149,499,1167.089682
-525.070596,499,1197.611562
-616.9805,499,1228.830504
-555.051767,499,1260.222164
-601.367734,499,1291.512766
-553.026687,499,1322.696138
-513.414429,499,1352.883691
-439.040293,499,1382.787173
-502.799996,499,1414.279397
-465.707544,499,1443.637731
-540.691846,499,1475.374353
-507.97379,499,1506.142677
-524.463675,499,1540.564435
-603.506712,499,1570.695708
-487.973502,499,1600.359976
-572.745225,499,1629.551608
-654.549864,499,1659.444247
-585.264025,499,1689.60491
-544.662094,499,1719.890697
-553.789866,499,1749.004975
-596.868904,499,1779.416739
-599.302037,499,1809.086421
-704.477668,499,1840.096175
-542.287347,499,1869.451719
-538.201958,499,1901.235267
-560.648691,499,1930.96473
-496.338761,499,1960.775796
-437.777502,499,1990.365743
-572.193672,499,2020.492103
-544.441163,499,2050.528711
-519.379232,499,2080.725534
-531.630169,499,2110.043964
-595.848074,499,2141.149824
-512.751651,499,2170.527713
-543.717228,499,2200.606012
-589.613431,499,2229.600856
-588.527562,499,2258.722175
-467.533755,499,2289.009693
-498.736599,499,2318.327882
-559.013012,499,2348.162677
-511.117049,499,2377.825202
-585.026795,499,2407.7925
-503.116317,499,2439.585958
-515.899033,499,2468.845332
-649.199831,499,2498.580137
-501.062079,499,2528.419832
-507.637815,499,2557.390529
-540.185044,499,2587.720928
-657.449588,499,2616.777188
-557.966368,499,2646.144717
-557.92882,499,2675.156615
-588.021737,499,2704.838324
-554.188664,499,2734.646637
-634.302967,499,2764.235142
-650.159494,499,2793.903968
-564.014781,499,2822.51235
-535.889994,499,2851.679155
-463.229111,499,2882.025663
-619.753243,499,2910.773455
-480.507835,499,2939.455345
-589.413779,499,2968.436141
-465.814128,499,2998.070425
-518.137805,499,3030.966457
-533.41413,499,3060.472189
-496.496246,499,3089.688241
-543.078479,499,3118.453291
-587.335837,499,3147.18741
-558.052616,499,3176.951874
-519.404142,499,3205.991902
-598.899323,499,3235.06111
-544.780688,499,3263.984557
-528.403249,499,3293.170497
-505.260726,499,3323.20362
-565.317328,499,3351.98481
-530.258974,499,3380.853086
-538.395335,499,3409.816175
-495.522275,499,3438.606093
-529.398808,499,3468.318806
-548.787303,499,3496.878825
-537.173544,499,3525.490692
-558.798719,499,3554.218428
-567.200542,499,3582.820074
-501.282403,499,3612.648417
-567.606677,499,3641.489385
-515.524176,499,3670.613528
-587.491417,499,3699.406261
-522.862001,499,3728.032137
-563.521394,499,3758.061901
-570.355306,499,3786.969506
-638.821782,499,3815.527513
-559.956962,499,3844.54476
-600.410058,499,3873.131295
-569.295759,499,3902.616616
-481.934977,499,3931.300457
-543.035254,499,3960.045403
-611.026434,499,3988.658757
-567.613475,499,4017.299288
-526.479275,499,4046.789478
-520.420819,499,4075.363299
-606.247647,499,4103.93229
-569.874437,499,4132.4923
-594.223338,499,4161.37129
-567.487793,499,4191.093317
-554.036837,499,4219.937305
-578.515417,499,4248.507435
-497.958061,499,4277.163293
-632.382766,499,4306.29041
-532.290603,499,4335.925659
-551.558893,499,4364.671855
-578.586783,499,4393.295979
-519.584505,499,4422.156558
-511.828435,499,4451.280574
-536.38902,499,4483.071244
-617.846175,499,4512.022169
-683.921148,499,4541.136506
-686.897168,499,4570.772524
-523.119867,499,4599.750259
-697.813806,499,4630.254459
-486.79694,499,4659.287804
-573.793027,499,4688.714384
-483.826337,499,4717.957237
-571.951476,499,4747.253762
-663.288888,499,4777.269776
-529.25702,499,4806.267359
-592.383574,499,4835.867255
-600.214042,499,4865.052771
-580.988945,499,4893.903867
-519.583462,499,4924.206995
-602.769321,499,4953.800686
-510.003981,499,4983.245148
-524.720148,499,5013.918771
-553.995584,499,5043.32373
-524.427842,499,5073.301883
-452.000742,499,5102.348105
-578.112684,499,5131.95595
-510.251351,499,5161.150791
-490.477549,499,5190.326512
-534.610835,499,5220.881953
-568.084397,499,5249.92858
-541.090367,499,5279.534342
-533.223487,499,5308.935102
-545.977952,499,5338.142493
-524.261816,499,5367.86162
-545.62229,499,5396.795656
-588.839129,499,5425.825066
-573.130583,499,5455.42791
-531.396171,499,5484.549874
-592.661673,499,5514.25668
-503.629594,499,5543.118604
-517.365228,499,5572.231624
-465.254412,499,5601.140079
-529.478929,499,5630.104616
-509.690029,499,5659.932701
-532.805977,499,5688.769899
-565.829785,499,5717.556956
-622.983104,499,5746.354407
-597.270928,499,5775.942954
-470.283505,499,5806.250714
-467.53643,499,5835.086096
-590.996874,499,5864.498206
-450.40997,499,5894.281967
-500.402893,499,5924.567273
-521.366439,499,5957.658753
-536.765868,499,5986.661937
-534.062933,499,6015.491388
-505.163415,499,6044.655031
-570.104875,499,6073.975008
-481.291332,499,6104.248006
-651.108892,499,6133.683775
-496.685646,499,6162.838005
-451.156382,499,6193.186131
-573.475084,499,6222.230388
-514.578852,499,6254.071061
-513.86718,499,6283.517634
-520.502957,499,6314.046387
-547.681155,499,6342.821172
-532.100795,499,6372.074244
-561.860448,499,6402.182807
-562.326656,499,6430.914848
-507.164084,499,6459.968027
-508.827212,499,6488.839177
-508.419417,499,6517.518072
-541.600782,499,6547.497819
-559.696039,499,6576.199778
-576.373595,499,6607.166778
-471.30657,499,6637.185773
-591.176804,499,6665.973613
-528.257548,499,6696.252981
-497.666704,499,6726.783876
-535.391461,499,6756.437093
-557.28013,499,6786.318568
-474.253254,499,6816.140952
-497.806124,499,6846.325704
-523.18069,499,6875.182512
-489.878492,499,6903.821734
-526.357991,499,6933.484047
-495.243913,499,6962.780198
-461.426969,499,6992.698278
-539.45275,499,7022.11376
-537.970435,499,7051.753376
-532.62106,499,7082.324236
-443.410676,499,7110.906442
-549.501091,499,7140.592763
-595.710592,499,7169.290931
-540.887061,499,7198.185798
-497.77248,499,7227.139966
-513.564318,499,7256.309294
-535.248423,499,7286.69299
-594.993644,499,7316.893079
-598.681126,499,7346.223113
-515.191819,499,7374.855382
-499.359629,499,7403.714681
-538.315264,499,7436.146972
-617.206123,499,7465.146753
-480.656375,499,7494.345223
-559.930804,499,7523.335548
-587.253665,499,7552.113266
-539.491772,499,7581.824063
-408.915112,499,7610.752415
-562.114084,499,7639.121957
-582.632432,499,7667.646687
-566.281939,499,7696.367832
-566.708523,499,7725.54185
-540.134032,499,7753.92204
-493.40921,499,7782.301752
-565.383312,499,7811.025268
-563.796754,499,7839.355533
-548.799744,499,7868.50912
-552.980723,499,7897.110992
-524.19293,499,7925.485461
-496.68553,499,7954.273566
-498.411773,499,7982.894248
-467.343285,499,8012.272526
-576.304105,499,8041.757956
-516.462607,499,8070.915281
-585.538516,499,8099.718438
-603.357972,499,8128.682507
-626.745108,499,8158.622088
-546.255223,499,8187.867053
-584.191601,499,8217.38817
-582.895243,499,8246.2165
-575.542715,499,8274.891513
-573.930961,499,8304.53516
-615.234362,499,8333.69799
-492.871515,499,8362.888379
-555.166967,499,8391.742876
-525.467386,499,8420.510523
-579.374321,499,8450.936486
-569.795094,499,8479.851413
-560.742945,499,8508.946623
-565.220925,499,8537.846415
-625.435459,499,8566.740007
-534.243123,499,8596.392599
-464.881898,499,8625.258594
-516.997382,499,8654.158411
-548.508857,499,8682.988149
-531.254267,499,8711.976651
-642.146102,499,8742.063779
-576.746829,499,8770.979438
-543.608914,499,8799.890442
-628.283981,499,8828.725532
-525.507894,499,8857.838273
-542.769609,499,8889.912628
-513.055933,499,8919.217125
-504.841722,499,8948.167381
-609.884439,499,8976.917042
-521.568403,499,9005.472371
-558.590051,499,9035.380976
-508.085849,499,9064.771665
-502.146527,499,9094.288592
-512.577711,499,9122.831809
-509.225748,499,9152.145864
-514.623367,499,9182.010822
-626.433401,499,9211.661347
-466.713148,499,9240.360783
-620.148287,499,9269.163179
-469.627924,499,9298.522174
-472.985134,499,9329.005856
-616.180756,499,9358.519479
-496.5995,499,9387.33879
-571.983072,499,9416.759339
-525.359458,499,9446.411877
-515.043391,499,9477.117739
-568.939532,499,9507.289948
-606.778067,499,9537.965183
-498.436707,499,9567.831584
-605.501421,499,9597.210623
-555.248659,499,9627.973741
-490.213023,499,9656.785031
-508.908166,499,9686.496655
-548.241049,499,9716.546652
-635.518948,499,9746.381296
-536.104728,499,9776.914365
-524.312168,499,9805.521689
-550.971703,499,9835.750808
-520.423357,499,9865.164412
-542.167772,499,9894.455372
-607.734001,499,9924.803784
-524.94045,499,9955.079466
-576.48143,499,9985.707464
-484.675565,499,10014.869757
-555.893978,499,10045.21086
-454.104228,499,10075.328999
-659.117816,499,10105.378052
-514.161957,499,10136.424533
-537.976525,499,10166.890972
-541.132618,499,10197.124827
-637.578684,499,10227.678236
-569.092172,499,10257.21706
-450.806242,499,10288.493581
-596.672784,499,10317.838659
-601.791556,499,10348.739867
-509.749036,499,10381.22794
-491.118977,499,10409.842135
-467.659014,499,10438.553557
-519.100416,499,10467.077203
-611.705086,499,10496.006093
-573.372003,499,10525.475961
-542.610243,499,10554.636505
-539.565646,499,10583.134623
-637.713228,499,10612.22969
-571.138456,499,10641.507982
-501.012346,499,10671.413867
-471.473975,499,10700.287228
-561.047642,499,10729.13445
-529.414012,499,10757.938711
-581.901111,499,10786.626516
-559.050933,499,10816.090718
-474.169576,499,10844.724637
-534.629168,499,10874.236058
-471.261421,499,10903.220209
-526.393217,499,10931.765451
-466.400967,499,10961.238559
-489.683973,499,10989.952296
-513.160684,499,11018.466301
-684.421538,499,11047.052326
-598.850952,499,11076.265523
-521.937504,499,11105.738869
-529.992421,499,11134.224057
-569.898691,499,11163.111244
-534.097505,499,11192.401416
-524.570429,499,11221.207072
-552.129234,499,11250.626508
-544.397664,499,11279.207387
-554.425615,499,11307.861753
-496.770756,499,11337.229225
-543.02484,499,11366.245148
-573.953926,499,11396.179283
-521.146396,499,11425.430967
-545.005068,499,11455.291429
-549.377378,499,11484.447768
-565.475053,499,11513.138727
-503.562385,499,11542.6832
-602.964663,499,11571.080596
-419.605044,499,11600.534646
-586.817439,499,11629.651788
-554.509282,499,11658.471405
-578.609113,499,11687.760412
-511.17502,499,11717.235512
-501.983407,499,11745.923196
-570.820461,499,11775.325705
-564.638073,499,11804.498709
-575.882607,499,11836.491292
-543.998292,499,11868.198245
-602.736407,499,11897.570673
-585.760836,499,11926.546034
-587.909027,499,11956.420476
-558.385492,499,11986.917459
-565.810167,499,12015.646215
-574.594129,499,12044.464716
-510.887051,499,12073.516024
-584.484973,499,12102.813155
-549.490995,499,12132.385693
-638.408759,499,12161.05797
-523.115536,499,12190.482307
-537.459059,499,12219.513356
-546.651167,499,12248.554751
-527.657001,499,12278.127209
-555.211297,499,12307.60327
-565.564879,499,12336.322924
-589.355122,499,12365.232774
-540.915874,499,12394.402168
-537.783992,499,12424.219059
-469.20198,499,12452.900387
-507.021926,499,12482.826998
-563.88919,499,12511.581817
-592.922428,499,12542.509142
-540.130552,499,12572.424315
-560.388428,499,12602.094056
-531.788447,499,12631.245839
-578.55733,499,12662.177721
-611.900201,499,12691.694845
-611.891213,499,12721.647778
-507.546051,499,12750.607984
-551.788976,499,12780.790165
-503.384434,499,12809.902756
-441.259684,499,12838.755044
-575.663891,499,12869.685587
-492.641004,499,12898.407649
-487.502584,499,12927.552588
-552.180529,499,12956.518335
-552.326318,499,12986.149328
-487.877504,499,13016.186328
-556.377608,499,13045.389093
-560.127422,499,13074.198638
-498.07039,499,13103.02823
-525.182892,499,13132.49399
-614.639021,499,13162.17789
-511.782422,499,13190.969668
-618.525602,499,13219.62787
-471.371076,499,13249.07081
-492.036521,499,13279.962356
-553.967115,499,13311.799362
-451.41713,499,13341.228677
-530.314665,499,13370.666882
-601.244446,499,13400.038801
-557.405879,499,13429.331726
-542.728933,499,13458.751782
-511.051009,499,13487.643283
-528.123452,499,13516.906906
-444.536128,499,13547.267124
-591.884709,499,13576.314519
-598.323026,499,13606.325367
-536.860387,499,13634.891966
-592.917045,499,13663.772259
-533.935828,499,13694.125412
-623.777097,499,13723.583133
-617.587165,499,13753.412299
-541.464134,499,13782.470217
-558.827788,499,13811.670679
-448.92218,499,13840.590232
-456.514931,499,13870.150069
-429.541067,499,13900.56996
-602.764292,499,13929.879089
-517.980982,499,13959.729349
-535.093945,499,13988.747223
-555.376862,499,14018.223623
-561.132056,499,14048.722819
-632.285774,499,14079.678925
-630.014798,499,14108.442775
-609.170864,499,14138.416347
-612.623742,499,14168.207372
-510.649668,499,14197.855001
-517.25833,499,14226.716709
-505.562375,499,14257.991236
-483.918246,499,14287.677407
-492.921943,499,14316.50961
-471.616744,499,14347.012471
-565.924081,499,14375.734913
-515.500292,499,14404.627203
-470.487222,499,14434.725353
-554.065032,499,14463.945824
-692.511381,499,14494.323256
-519.283206,499,14522.91436
-583.375834,499,14551.700957
-540.447489,499,14581.071781
-552.009245,499,14609.642772
-555.716147,499,14639.821509
-635.7937,499,14668.88395
-557.294722,499,14697.581932
-592.120997,499,14726.22938
-574.763386,499,14755.652349
-536.320375,499,14787.066193
-570.764851,499,14816.741591
-520.361754,499,14845.227762
-572.557559,499,14873.770817
-540.343127,499,14902.575734
-554.603744,499,14931.341312
-542.532758,499,14960.73802
-448.780111,499,14989.425619
-527.233415,499,15018.476985
-627.909827,499,15047.729685
-580.705015,499,15076.546091
-491.737397,499,15106.284554
-567.541311,499,15134.758352
-523.076418,499,15163.070266
-543.113871,499,15191.619717
-549.038068,499,15219.80764
-569.284889,499,15248.974733
-545.066653,499,15277.453381
-602.245916,499,15305.607578
-544.663314,499,15333.8417
-550.526147,499,15362.09561
-520.164809,499,15391.039176
-491.614411,499,15419.491766
-493.764213,499,15447.930192
-600.358398,499,15476.233914
-499.714643,499,15504.698363
-568.928454,499,15533.726594
-474.592169,499,15562.079349
-467.231787,499,15590.449151
-613.36838,499,15618.669006
-560.114736,499,15646.821203
-606.87321,499,15675.792803
-537.4478,499,15704.05091
-475.028908,499,15732.627646
-504.389483,499,15760.79216
-600.272641,499,15789.424313
-528.303836,499,15818.899746
-479.903378,499,15847.277975
-493.855097,499,15875.702423
-489.542979,499,15904.274477
-513.345217,499,15932.431961
-520.622139,499,15961.429326
-437.077464,499,15989.814788
-418.41288,499,16018.141158
-612.484128,499,16046.478413
-507.292751,499,16074.7139
-475.602961,499,16103.684036
-516.63497,499,16132.283294
-597.723256,499,16160.51714
-561.892884,499,16189.04337
-513.021034,499,16219.453401
-495.261278,499,16248.646714
-624.203268,499,16276.957703
-540.948178,499,16306.163111
-569.777442,499,16334.424069
-591.873684,499,16363.150562
-605.266133,499,16392.587582
-485.691482,499,16420.766216
-628.921732,499,16449.022884
-488.258702,499,16477.701141
-498.068086,499,16505.875745
-514.309798,499,16534.707631
-551.54577,499,16562.902685
-566.096968,499,16591.04151
-514.418575,499,16619.514466
-508.172713,499,16647.789806
-496.722502,499,16676.821274
-525.681989,499,16704.875373
-467.527235,499,16733.024839
-568.680293,499,16761.248649
-533.515913,499,16789.529977
-490.404299,499,16818.62386
-538.936857,499,16846.894543
-521.465435,499,16874.982934
-464.177531,499,16903.045985
-475.347513,499,16931.120704
-563.894084,499,16960.082518
-588.748271,499,16988.398644
-556.897235,499,17016.49132
-560.976604,499,17044.532413
-489.87612,499,17072.933576
-616.186766,499,17102.041245
-605.6737,499,17130.072506
-600.563981,499,17158.594976
-588.193327,499,17187.125524
-587.667066,499,17215.33488
-506.537362,499,17244.456376
-608.424629,499,17272.5308
-640.143926,499,17300.948947
-538.797025,499,17329.061651
-502.869492,499,17357.221604
-471.602303,499,17386.2491
-572.814849,499,17414.515739
-631.238765,499,17442.595436
-581.25434,499,17470.797694
-533.464057,499,17499.137511
-676.816677,499,17528.335757
-532.729783,499,17556.435644
-570.773591,499,17584.722291
-587.751862,499,17612.993681
-539.024571,499,17643.505702
-620.125418,499,17672.817809
-487.218254,499,17701.010513
-624.682595,499,17729.231825
-608.83245,499,17757.460677
-544.682949,499,17785.496018
-583.722544,499,17814.561449
-611.658903,499,17842.903856
-645.511737,499,17871.289179
-671.903475,499,17899.276796
-581.500706,499,17927.312802
-527.428229,499,17956.802425
-513.204663,499,17985.186596
-598.314218,499,18013.453818
-607.31626,499,18041.655117
-517.212521,499,18069.6771
-577.666793,499,18098.675779
-544.08935,499,18126.993077
-632.683214,499,18155.194438
-584.820798,499,18183.310345
-631.688385,499,18211.664226
-530.890298,499,18240.367958
-530.518101,499,18268.244058
-574.765005,499,18296.133125
-586.331021,499,18324.249269
-609.04381,499,18352.061227
-592.343147,499,18380.917994
-510.337609,499,18408.972082
-638.592336,499,18436.884175
-455.303411,499,18464.814022
-429.440881,499,18492.809134
-480.38997,499,18521.586145
-498.255327,499,18549.479146
-570.736189,499,18577.356225
-518.260581,499,18605.093343
-560.859205,499,18633.042009
-561.185485,499,18661.683028
-510.456207,499,18689.98812
-479.433666,499,18718.384696
-440.863565,499,18746.432151
-473.227857,499,18774.497334
-510.420441,499,18803.422448
-567.964016,499,18831.501797
-504.455559,499,18859.335405
-649.790527,499,18887.265169
-556.752148,499,18915.196292
-499.8281,499,18943.717096
-483.316616,499,18971.530283
-510.135634,499,18999.476079
-535.886447,499,19027.524194
-551.008335,499,19057.680104
-546.184585,499,19086.440179
-574.855074,499,19114.236164
-572.012486,499,19142.053105
-552.626593,499,19170.045145
-540.050957,499,19197.928916
-505.481553,499,19226.757024
-482.273046,499,19254.915116
-509.283818,499,19282.947942
-640.677837,499,19310.976937
-597.818217,499,19338.873888
-509.611366,499,19367.635068
-583.762829,499,19395.633108
-578.557602,499,19423.646089
-543.809488,499,19451.741414
-475.161487,499,19479.673081
-566.090927,499,19508.280004
-567.52853,499,19536.105018
-564.996729,499,19564.056123
-450.07791,499,19592.176028
-590.961314,499,19620.176795
-527.099449,499,19649.132967
-441.930062,499,19677.149071
-544.054708,499,19705.164031
-512.429128,499,19733.018229
-586.991085,499,19760.993002
-550.523504,499,19789.612997
-578.382166,499,19817.5121
-616.72849,499,19845.512197
-602.930069,499,19873.619818
-554.307421,499,19901.970041
-616.937761,499,19930.594948
-457.327194,499,19958.425328
-485.687497,499,19986.317249
-513.341875,499,20014.129022
-590.47821,499,20042.063104
-570.218815,499,20070.707977
-451.706059,499,20098.530988
-434.402552,499,20126.807446
-549.63959,499,20154.626057
-619.038366,499,20182.385024
-607.523185,499,20211.089982
-457.347729,499,20239.10497
-587.810336,499,20267.954114
-507.03277,499,20295.858011
-529.961016,499,20323.800936
-631.494563,499,20352.437622
-554.652685,499,20380.391938
-510.475815,499,20408.344926
-679.582976,499,20436.354219
-597.366727,499,20466.65121
-549.638086,499,20495.548254
-492.385454,499,20523.420021
-549.722074,499,20551.283096
-605.558137,499,20579.510132
-439.563638,499,20607.380395
-570.077508,499,20636.425042
-494.894629,499,20664.205013
-566.31095,499,20692.104338
-532.113358,499,20720.191041
-592.950868,499,20748.318861
-603.192338,499,20776.847084
-552.455005,499,20805.155056
-544.892896,499,20833.319708
-463.36141,499,20861.274288
-565.557587,499,20889.046031
-540.958024,499,20917.609985
-577.940839,499,20945.475049
-529.335487,499,20973.103988
-552.374155,499,21001.242316
-572.594204,499,21029.040981
-567.276992,499,21057.838336
-514.403501,499,21086.038091
-556.619368,499,21114.14284
-588.625686,499,21142.058139
-440.687843,499,21169.920995
-619.884689,499,21198.826027
-513.436554,499,21226.641115
-603.502095,499,21254.88196
-547.940053,499,21282.723081
-551.120415,499,21310.699977
-516.203433,499,21339.345406
-498.916465,499,21367.34043
-543.152306,499,21395.376208
-522.440091,499,21423.030161
-552.029461,499,21451.182446
-525.638891,499,21479.970458
-536.288891,499,21507.791963
-642.402538,499,21535.995785
-612.859945,499,21564.529089
-537.622834,499,21592.81992
-540.955417,499,21621.321137
-521.619958,499,21649.362996
-538.738876,499,21677.254128
-536.363288,499,21705.123944
-564.394234,499,21733.096169
-661.190211,499,21761.610005
-558.497908,499,21789.392804
-545.477858,499,21817.298015
-492.825456,499,21845.221024
-564.498055,499,21876.002248
-547.548121,499,21904.608651
-469.853703,499,21932.408186
-528.067065,499,21960.185219
-514.643466,499,21988.584532
-467.950904,499,22016.314357
-568.13153,499,22045.103293
-524.600332,499,22073.248416
-487.262851,499,22101.227271
-438.653313,499,22129.149459
-511.640041,499,22157.114245
-512.790422,499,22185.811253
-507.504975,499,22213.888131
-580.123909,499,22241.77263
-482.524817,499,22269.821318
-621.926948,499,22297.82718
-480.849179,499,22326.424191
-558.571494,499,22354.324283
-507.212967,499,22382.450174
-471.77945,499,22410.252187
-582.158539,499,22438.139297
-684.601951,499,22466.859285
-543.540177,499,22494.940365
-493.859676,499,22522.764309
-469.925771,499,22550.868111
-568.690369,499,22578.931777
-459.988436,499,22607.873625
-630.415083,499,22635.850722
-548.377206,499,22663.666362
-571.697757,499,22691.437312
-619.975535,499,22719.239168
-522.011881,499,22747.972495
-626.632025,499,22775.874077
-458.478372,499,22803.982136
-550.960251,499,22831.900128
-585.202147,499,22859.733429
-598.127448,499,22888.236149
-497.801596,499,22916.129368
-558.825887,499,22944.45516
-495.375642,499,22972.369252
-528.988505,499,23000.451336
-520.137877,499,23029.460227
-550.334957,499,23057.18992
-507.817742,499,23085.097211
-550.569812,499,23113.204142
-519.878657,499,23141.254293
-553.683483,499,23170.033074
-523.566595,499,23197.828376
-628.861659,499,23225.639127
-479.281013,499,23253.67866
-490.806498,499,23284.2245
-554.480112,499,23313.065869
-524.371308,499,23341.271348
-538.576237,499,23369.223533
-491.994964,499,23397.459174
-510.053844,499,23425.688626
-524.362894,499,23454.31597
-521.271387,499,23482.664346
-554.954853,499,23510.595416
-610.680784,499,23538.756428
-616.841483,499,23566.787126
-646.281282,499,23595.612346
-522.373982,499,23623.660287
-547.0817,499,23651.589386
-516.17873,499,23679.460422
-495.95714,499,23707.739431
-535.785178,499,23736.429169
-640.219142,499,23764.883419
-552.132947,499,23792.750307
-596.662921,499,23820.7907
-480.654506,499,23848.638454
-568.557673,499,23877.329402
-544.426903,499,23905.834317
-567.392822,499,23933.718604
-520.554453,499,23961.573354
-578.662624,499,23989.51607
-554.310059,499,24018.180033
-518.33595,499,24046.34641
-561.312813,499,24074.093189
-492.79383,499,24102.415437
-588.747835,499,24130.53425
-548.746763,499,24159.241438
-593.952943,499,24187.09834
-585.173592,499,24215.008173
-556.787568,499,24242.925406
-492.691642,499,24270.862482
-603.591097,499,24299.754259
-626.964002,499,24327.907538
-538.454994,499,24356.062411
-556.286144,499,24383.989439
-567.908745,499,24411.832071
-528.317964,499,24441.134419
-489.220818,499,24469.024249
-572.540825,499,24496.936996
-522.18818,499,24525.251727
-530.559131,499,24553.08942
-558.40624,499,24582.017306
-621.26804,499,24609.74158
-530.076593,499,24637.919495
-557.425725,499,24665.926564
-552.439732,499,24696.255904
-504.0115,499,24725.24643
-461.53671,499,24753.824533
-509.434714,499,24781.617533
-497.92567,499,24809.880233
-520.373238,499,24837.842089
-528.155715,499,24866.454038
-565.050122,499,24894.031933
-570.146062,499,24922.265263
-543.500362,499,24950.515293
-578.651028,499,24978.661161
-504.915218,499,25007.034911
-531.141876,499,25035.101195
-559.499738,499,25063.406437
-556.278687,499,25091.588447
-563.152933,499,25119.480635
-569.66443,499,25148.314417
-578.885638,499,25176.113444
-544.050512,499,25204.293278
-672.30323,499,25232.318842
-562.037234,499,25260.828212
-691.3068,499,25289.573433
-595.209624,499,25317.735455
-520.736548,499,25345.619367
-590.297237,499,25373.444874
-621.195458,499,25401.171288
-554.210041,499,25429.847424
-603.765782,499,25457.88029
-625.274632,499,25485.760943
-601.028343,499,25513.763225
-572.778183,499,25541.551626
-564.672972,499,25570.09828
-650.195115,499,25598.124865
-517.349398,499,25626.409459
-501.901408,499,25654.261189
-526.461316,499,25682.14415
-519.77312,499,25710.981334
-551.620254,499,25739.162306
-491.321618,499,25767.278298
-510.549582,499,25795.219328
-535.293959,499,25823.419896
-503.260569,499,25852.195348
-609.236949,499,25880.289613
-561.937784,499,25908.100443
-597.895402,499,25935.764345
-438.721046,499,25963.899486
-563.854795,499,25992.678331
-521.150299,499,26020.636308
-488.960763,499,26048.60431
-466.002125,499,26076.650285
-515.482186,499,26106.860769
-566.469918,499,26135.645362
-593.442969,499,26163.441112
-588.344773,499,26191.518252
-554.446211,499,26219.435846
-547.178835,499,26247.333619
-468.872373,499,26276.095242
-564.275124,499,26304.222113
-607.92065,499,26332.164191
-606.203173,499,26360.823735
-551.615441,499,26388.9939
-682.211722,499,26417.661616
-546.774406,499,26445.664174
-538.588489,499,26473.539178
-533.673324,499,26501.734123
-572.913178,499,26529.60722
-505.679215,499,26558.456169
-708.273491,499,26586.734191
-617.883354,499,26614.667169
-520.15213,499,26642.658494
-521.766797,499,26670.89414
-584.348437,499,26699.622422
-547.544368,499,26728.106433
-541.76241,499,26756.075226
-541.733267,499,26784.081234
-552.289869,499,26811.894262
-597.430074,499,26840.561165
-536.386503,499,26868.528076
-567.795376,499,26896.388564
-488.14848,499,26924.20216
-501.074614,499,26952.036264
-567.799304,499,26980.600259
-486.122693,499,27008.872501
-473.533528,499,27036.697156
-570.66959,499,27064.884299
-520.868609,499,27092.91449
-430.903576,499,27121.65135
-517.904734,499,27150.078169
-645.805437,499,27177.973212
-535.700043,499,27205.856322
-538.458231,499,27233.801236
-600.680043,499,27262.97868
-509.689596,499,27290.808205
-534.880187,499,27318.875219
-589.02852,499,27346.871655
-579.172371,499,27374.931553
-542.755334,499,27403.642217
-477.479526,499,27431.805064
-481.586669,499,27460.326389
-597.402188,499,27488.174377
-518.272688,499,27518.634689
-467.428621,499,27547.382563
-564.201303,499,27575.2284
-491.041716,499,27603.308728
-512.428871,499,27631.38146
-587.824364,499,27659.22742
-545.379404,499,27687.935819
-690.867073,499,27715.926815
-548.335377,499,27743.673268
-603.143576,499,27771.879081
-500.060706,499,27799.952479
-598.917039,499,27828.697093
-562.65143,499,27856.839567
-591.662797,499,27884.990618
-615.281521,499,27912.97972
-531.350426,499,27941.25931
-420.224583,499,27969.696442
-519.994555,499,27997.847463
-587.375961,499,28025.884538
-558.628475,499,28053.841801
-604.116746,499,28081.663505
-497.999108,499,28110.254306
-634.489354,499,28138.284363
-552.58367,499,28166.194529
-497.889146,499,28194.198563
-515.897922,499,28222.309398
-596.079372,499,28250.908535
-529.624703,499,28278.779426
-518.4374,499,28306.627642
-567.10994,499,28334.690295
-508.955378,499,28362.863675
-570.567755,499,28391.689512
-562.30136,499,28419.630292
-573.172524,499,28447.768503
-489.551993,499,28475.802438
-541.228647,499,28504.109795
-504.266492,499,28532.674876
-611.205654,499,28560.68138
-485.996765,499,28589.088374
-479.046011,499,28617.11044
-535.702437,499,28645.039637
-523.709369,499,28673.736248
-561.544447,499,28701.485322
-567.101343,499,28729.647799
-622.690171,499,28757.739899
-629.622866,499,28785.787516
-514.094903,499,28814.723041
-584.602728,499,28842.688273
-492.972671,499,28870.821772
-522.771645,499,28898.862375
-523.992892,499,28929.206311
-635.182171,499,28957.556381
-557.840564,499,28986.704298
-552.951754,499,29014.755428
-549.583758,499,29042.693487
-485.161231,499,29070.739436
-566.931181,499,29098.614388
-555.21046,499,29127.218448
-571.716446,499,29155.094359
-538.300683,499,29183.203259
-637.598269,499,29211.83561
-599.727175,499,29239.817497
-484.257611,499,29269.805703
-578.921751,499,29297.801461
-519.832914,499,29325.750387
-535.219458,499,29353.835756
-637.799811,499,29382.598256
-648.359789,499,29411.293829
-520.559738,499,29439.477128
-481.575745,499,29467.718477
-550.15911,499,29495.797143
-698.131884,499,29524.066426
-434.372807,499,29552.976477
-534.755932,499,29580.840151
-446.174393,499,29608.774001
-475.311839,499,29636.868297
-532.706639,499,29665.058634
-487.255976,499,29694.121154
-637.618737,499,29722.384418
-470.057948,499,29750.354239
-647.437148,499,29778.368755
-550.946154,499,29806.401108
-559.294417,499,29835.150205
-636.354939,499,29863.066179
-523.377868,499,29891.015055
-499.823722,499,29919.184313
-550.874853,499,29947.251075
-477.152453,499,29976.128144
-660.216277,499,30004.225289
-647.852517,499,30032.134155
-571.169302,499,30060.003358
-549.852647,499,30087.987252
-634.991343,499,30116.52415
-518.494987,499,30144.671552
-586.038607,499,30172.622123
-567.959394,499,30200.825158
-484.735177,499,30228.871166
-580.041391,499,30257.623245
-554.543895,499,30285.532281
-511.669516,499,30313.530161
-535.119702,499,30344.157304
-517.172181,499,30372.477079
-542.257145,499,30401.301574
-514.413336,499,30429.270109
-493.081509,499,30457.193151
-512.818118,499,30485.266127
-585.243755,499,30513.267087
-532.086732,499,30541.794111
-435.16022,499,30569.755275
-473.813493,499,30597.65015
-598.15828,499,30625.629066
-559.304411,499,30653.782038
-504.058867,499,30682.955177
-600.990037,499,30710.823152
-537.477167,499,30738.842089
-579.106862,499,30766.686054
-577.475293,499,30794.65402
-459.803743,499,30823.457717
-529.55224,499,30851.255102
-586.995062,499,30879.395874
-643.61215,499,30907.278074
-475.05046,499,30935.303259
-574.570415,499,30963.997039
-528.507795,499,30991.912119
-494.787632,499,31019.620464
-528.348566,499,31047.560377
-531.246201,499,31075.486252
-638.436207,499,31104.10528
-547.695277,499,31132.181035
-506.660347,499,31160.005274
-517.645706,499,31187.924182
-599.918591,499,31215.761077
-535.406957,499,31244.38637
-597.237732,499,31272.29226
-525.028882,499,31300.324966
-580.669979,499,31328.38021
-591.907388,499,31356.325145
-588.555634,499,31385.060012
-528.394687,499,31413.047252
-481.537468,499,31441.070147
-593.948478,499,31469.412158
-485.810313,499,31497.440978
-560.807312,499,31526.055117
-507.233096,499,31554.03634
-535.786275,499,31581.836692
-651.553755,499,31609.969034
-531.654184,499,31638.264167
-483.301579,499,31667.051066
-607.841931,499,31695.33737
-562.739198,499,31723.321918
-533.766221,499,31753.772636
-570.275918,499,31782.248893
-586.287565,499,31811.069347
-531.265261,499,31839.13304
-552.423812,499,31867.645498
-502.279485,499,31895.673191
-542.903661,499,31923.63525
-555.762566,499,31952.303947
-540.17175,499,31980.256206
-530.30072,499,32008.415027
-580.903436,499,32036.412067
-576.465126,499,32064.488029
-602.733152,499,32093.047329
-587.161967,499,32121.123613
-495.477345,499,32148.957766
-544.783029,499,32177.064053
-613.33516,499,32205.089324
-517.933027,499,32233.781993
-532.38983,499,32262.134071
-567.049827,499,32289.966066
-585.35054,499,32318.413935
-504.166964,499,32346.367192
-484.329083,499,32375.10462
-566.980313,499,32402.93208
-592.496795,499,32430.829449
-516.469081,499,32458.752205
-511.220798,499,32486.66215
-610.664297,499,32515.701767
-569.374905,499,32544.231058
-475.210939,499,32572.5322
-586.17299,499,32600.337102
-563.637222,499,32628.425116
-468.473854,499,32657.454064
-595.342368,499,32685.646264
-574.630658,499,32713.614412
-570.791134,499,32741.581472
-487.315422,499,32769.470439
-631.693776,499,32798.18715
-574.01685,499,32826.322047
-595.84049,499,32854.553284
-475.034527,499,32882.41991
-543.701664,499,32910.179071
-539.948616,499,32939.055254
-549.446522,499,32967.035073
-579.057351,499,32995.047179
-642.258016,499,33023.081112
-618.336282,499,33050.849625
-480.695703,499,33079.633156
-550.94355,499,33107.573102
-558.377542,499,33135.875127
-587.844079,499,33166.6096
-518.498227,499,33195.050691
-633.278223,499,33223.960847
-513.011712,499,33251.866071
-556.671728,499,33280.460056
-520.593194,499,33308.48988
-553.298318,499,33336.307874
-600.809486,499,33365.489089
-513.625387,499,33393.428292
-560.170772,499,33421.654227
-633.693105,499,33449.889281
-596.371457,499,33478.019915
-594.079623,499,33506.634991
-535.498458,499,33534.674887
-587.404704,499,33562.599926
-525.835276,499,33590.506378
-492.976595,499,33618.580133
-592.246442,499,33647.568901
-471.792265,499,33675.559659
-455.14388,499,33703.633299
-505.182608,499,33731.521933
-603.50547,499,33759.452965
-469.140278,499,33788.406491
-489.220642,499,33816.889221
-498.619966,499,33844.962924
-528.123564,499,33872.999934
-595.143322,499,33901.099849
-557.155069,499,33930.44476
-552.072434,499,33958.382025
-543.233491,499,33986.814539
-479.209628,499,34015.028485
-620.216549,499,34043.01344
-513.121942,499,34072.438949
-602.295602,499,34100.388067
-688.04805,499,34128.290862
-501.311417,499,34156.209898
-465.364657,499,34184.188868
-517.33017,499,34212.845956
-462.680111,499,34240.781288
-600.843055,499,34269.130804
-594.472072,499,34297.114005
-516.066914,499,34325.03095
-600.243722,499,34354.005975
-568.055771,499,34382.100998
-632.319462,499,34410.166112
-539.389867,499,34438.154963
-573.260168,499,34466.116973
-556.242295,499,34495.706816
-533.552783,499,34523.580077
-652.750154,499,34551.794986
-594.394983,499,34582.144329
-503.598932,499,34610.438016
-546.494791,499,34639.372228
-656.547668,499,34667.322406
-608.401433,499,34695.382763
-563.895103,499,34723.522135
-493.859909,499,34751.389803
-562.211031,499,34780.151062
-552.291835,499,34808.265815
-641.922211,499,34836.31568
-494.43103,499,34864.412474
-522.464804,499,34892.468751
-583.386301,499,34921.249004
-503.548821,499,34949.258961
-523.796973,499,34977.267853
-516.49805,499,35005.712894
-487.070899,499,35033.604967
-441.262603,499,35062.496023
-545.942083,499,35090.451907
-568.641126,499,35118.356953
-589.970795,499,35146.4631
-537.801392,499,35174.444071
-554.750825,499,35203.143055
-545.356782,499,35231.433161
-584.588112,499,35259.560912
-460.84568,499,35287.573042
-560.382491,499,35315.595747
-552.120978,499,35344.399018
-509.79488,499,35372.684374
-584.581306,499,35400.902971
-587.00647,499,35428.690187
-593.495881,499,35456.78501
-546.151822,499,35485.892117
-645.839989,499,35514.201106
-566.165104,499,35542.362027
-513.686734,499,35570.159369
-576.115537,499,35598.121008
-630.16094,499,35626.837095
-501.862362,499,35654.815854
-544.374997,499,35682.641001
-521.715624,499,35710.454909
-463.543191,499,35738.622985
-645.65456,499,35767.344132
-605.190593,499,35795.326644
-599.392052,499,35823.086021
-593.814889,499,35851.012085
-484.676378,499,35878.871533
-581.888529,499,35907.710139
-573.621221,499,35935.634036
-573.948012,499,35963.5541
-639.366781,499,35993.83205
-479.446327,499,36022.075066
-521.810171,499,36050.934165
-589.732782,499,36079.298409
-550.127438,499,36107.184328
-549.364648,499,36135.640591
-498.384588,499,36163.586865
-466.284924,499,36192.265832
-509.015159,499,36220.200241
-624.536258,499,36248.117888
-553.768124,499,36276.348151
-598.291707,499,36304.12818
-523.071743,499,36332.995209
-563.737074,499,36360.972201
-493.928268,499,36389.212058
-570.523038,499,36417.382974
-585.024434,499,36445.362113
-473.242975,499,36473.885203
-501.482744,499,36501.943101
-484.948151,499,36530.209084
-545.891041,499,36558.26436
-441.744343,499,36586.307998
-457.784979,499,36615.088112
-485.076704,499,36643.116176
-483.124285,499,36671.165338
-548.337545,499,36699.264136
-559.361513,499,36727.061111
-544.622105,499,36755.849197
-443.03383,499,36783.959213
-530.316222,499,36812.279002
-568.078469,499,36840.158149
-533.924124,499,36868.089226
-572.591862,499,36896.838124
-548.216255,499,36924.76409
-686.462408,499,36952.516458
-530.489182,499,36980.45608
-489.308448,499,37008.358096
-512.434764,499,37037.015156
-497.618831,499,37065.975296
-550.795844,499,37094.043867
-443.947577,499,37122.167109
-489.50069,499,37150.008019
-592.685804,499,37179.179081
-463.027798,499,37207.258846
-503.48573,499,37235.368227
-549.784646,499,37263.595826
-506.075578,499,37291.564362
-531.838198,499,37320.328047
-574.004066,499,37348.302958
-659.984835,499,37376.37716
-527.664796,499,37406.834518
-513.207638,499,37434.677095
-501.955028,499,37463.375166
-430.364837,499,37491.563214
-580.76157,499,37519.544126
-572.32688,499,37548.048976
-563.96331,499,37576.174353
-515.317302,499,37604.81332
-548.977147,499,37633.046126
-595.264598,499,37661.0562
-645.210471,499,37689.279262
-529.918345,499,37717.297096
-581.813867,499,37746.179016
-519.827311,499,37774.159172
-492.71572,499,37802.145155
-478.9994,499,37830.016221
-510.77248,499,37857.884137
-552.478588,499,37886.61919
-530.020743,499,37914.529072
-462.465513,499,37942.711616
-562.141723,499,37970.984024
-514.602311,499,37998.939198
-510.313313,499,38027.860111
-427.383558,499,38055.908359
-498.952628,499,38083.995222
-581.995017,499,38111.677104
-478.101152,499,38139.584207
-648.800962,499,38168.546218
-634.261343,499,38196.98004
-575.449629,499,38224.952165
-504.130845,499,38253.221094
-632.298973,499,38281.080822
-527.89508,499,38309.709039
-691.030992,499,38338.086142
-574.69359,499,38366.03619
-563.709299,499,38394.188148
-547.897708,499,38422.16715
-571.228768,499,38450.937093
-549.110888,499,38479.006873
-593.567315,499,38506.909523
-514.649518,499,38535.028117
-580.696101,499,38562.964122
-460.614534,499,38591.687174
-488.255201,499,38619.86342
-520.490297,499,38647.975549
-532.220514,499,38675.906174
-603.013379,499,38703.951186
-516.13137,499,38733.164128
-662.616833,499,38761.386184
-611.30109,499,38789.787125
-475.035899,499,38820.118388
-627.623022,499,38848.143384
-540.337514,499,38877.073072
-468.153272,499,38905.143896
-479.960251,499,38932.998052
-503.067564,499,38961.064051
-596.388602,499,38989.099126
-528.991894,499,39017.950168
-536.892078,499,39046.184059
-553.170946,499,39074.339116
-634.557397,499,39102.403038
-581.996543,499,39130.370007
-545.172724,499,39159.155756
-614.022068,499,39187.40941
-546.10454,499,39215.558078
-501.531679,499,39244.200145
-599.229036,499,39272.696172
-541.735612,499,39301.249284
-551.365652,499,39329.412017
-572.433024,499,39357.885282
-603.805935,499,39386.416046
-526.380891,499,39414.358057
-548.816288,499,39443.067564
-578.692227,499,39471.642412
-528.593023,499,39499.598291
-544.768372,499,39528.025964
-548.853817,499,39556.074795
-549.444823,499,39584.676189
-549.4302,499,39613.621115
-566.838596,499,39643.279578
-502.481553,499,39673.138232
-568.837891,499,39703.507322
-514.270611,499,39734.889171
-585.20763,499,39764.923238
-527.008617,499,39794.104735
-553.968498,499,39823.769686
-569.48217,499,39852.897029
-638.128635,499,39881.556106
-561.674689,499,39909.590061
-601.994507,499,39937.437124
-569.096634,499,39965.596134
-482.855328,499,39993.66708
-543.394978,499,40022.448142
-611.725216,499,40050.359327
-565.116744,499,40078.541951
-525.114447,499,40106.931819
-522.200708,499,40134.848055
-607.077729,499,40163.58208
-568.618439,499,40191.828384
-593.096435,499,40219.760135
-567.779684,499,40250.291428
-548.344552,499,40278.484054
-577.231094,499,40307.116315
-498.317278,499,40335.063218
-631.032944,499,40363.032582
-530.405716,499,40391.005466
-532.953595,499,40418.952274
-578.462289,499,40447.42673
-520.703756,499,40475.83065
-512.781618,499,40503.779206
-535.126742,499,40531.797602
-617.852646,499,40560.284303
-690.849284,499,40589.032933
-689.573798,499,40616.784933
-521.049059,499,40644.437043
-699.466224,499,40672.446033
-483.339581,499,40700.146282
-572.553548,499,40729.033513
-484.143949,499,40757.001088
-571.993658,499,40784.757165
-665.072391,499,40812.727901
-530.153703,499,40840.632289
-592.512591,499,40869.323148
-595.919273,499,40897.508396
-582.262727,499,40925.278523
-515.5366,499,40953.271581
-594.545365,499,40981.296276
-509.30054,499,41009.866471
-521.317166,499,41037.655197
-553.16059,499,41065.415184
-523.39188,499,41093.224279
-449.409085,499,41121.672437
-570.710668,499,41150.563288
-510.259448,499,41178.187153
-490.57719,499,41206.092418
-534.42652,499,41233.767356
-568.852334,499,41261.748352
-541.532567,499,41290.447355
-542.152504,499,41318.28629
-546.081362,499,41346.606227
-521.248052,499,41375.013144
-542.792414,499,41402.799058
-582.421794,499,41431.716027
-572.284224,499,41459.660318
-540.430215,499,41488.112643
-591.231737,499,41516.000404
-503.227755,499,41543.944782
-514.945455,499,41572.516869
-465.414483,499,41600.429173
-532.541572,499,41628.989406
-511.074074,499,41659.385246
-540.908025,499,41687.13647
-563.770015,499,41715.786152
-622.383313,499,41743.626407
-596.94099,499,41771.5332
-470.961522,499,41799.676713
-469.773327,499,41827.570069
-593.556068,499,41856.314097
-450.790046,499,41884.277144
-501.466629,499,41912.395575
-522.706689,499,41940.601097
-545.406548,499,41968.85615
-538.085047,499,41997.669139
-505.208711,499,42025.737272
-571.219788,499,42053.480346
-475.360976,499,42081.265602
-633.838923,499,42109.456554
-496.008545,499,42138.158119
-450.344688,499,42165.986166
-571.428738,499,42193.893001
-514.803985,499,42221.875144
-511.454718,499,42249.982098
-519.961059,499,42278.844104
-547.600831,499,42307.347245
-532.235316,499,42335.268184
-561.027651,499,42363.402211
-566.620529,499,42391.773114
-508.782515,499,42420.487158
-508.873586,499,42448.563442
-507.705504,499,42476.601176
-539.491352,499,42504.602102
-558.737599,499,42532.589123
-567.858439,499,42561.249453
-475.692615,499,42590.00599
-586.701658,499,42617.971623
-524.937111,499,42646.009223
-497.374206,499,42673.926136
-528.539945,499,42702.819205
-556.207815,499,42730.760163
-473.858117,499,42759.343914
-511.145093,499,42787.176116
-520.229764,499,42815.097021
-488.728228,499,42843.829345
-521.672246,499,42871.640248
-488.399716,499,42899.642247
-460.292826,499,42927.443368
-544.370865,499,42955.686132
-537.627306,499,42984.622643
-533.648805,499,43012.755701
-440.186893,499,43040.717129
-543.998265,499,43071.165764
-606.346584,499,43099.260167
-542.120448,499,43127.21623
-498.965587,499,43156.424192
-508.58348,499,43184.595538
-537.682355,499,43212.611534
-590.867671,499,43240.465202
-594.032399,499,43268.324249
-515.484573,499,43297.203128
-496.496465,499,43325.265334
-525.519829,499,43353.092011
-610.673136,499,43381.101274
-482.036711,499,43408.9915
-559.304921,499,43438.024738
-586.972396,499,43465.911101
-525.584743,499,43493.763231
-407.519785,499,43521.860772
-563.698104,499,43549.964362
-569.711725,499,43579.00628
-572.18122,499,43607.157163
-555.123429,499,43635.070201
-531.778644,499,43663.067189
-495.037741,499,43690.880613
-562.19647,499,43719.413529
-571.67519,499,43747.465555
-548.805556,499,43775.241229
-552.184842,499,43803.068252
-513.033987,499,43831.232837
-496.647638,499,43860.319079
-496.819274,499,43888.228711
-468.070754,499,43916.258137
-570.746775,499,43944.260236
-515.798875,499,43972.114252
-594.739005,499,44001.152207
-570.407085,499,44029.353377
-625.870244,499,44057.042158
-549.789623,499,44085.318227
-580.785701,499,44113.154212
-583.126268,499,44142.134291
-565.204835,499,44170.148664
-574.496375,499,44198.249211
-618.790551,499,44226.459285
-489.971743,499,44254.275383
-554.349424,499,44283.427478
-509.508715,499,44311.482557
-579.585896,499,44339.786264
-553.760389,499,44368.250247
-561.606849,499,44396.778207
-569.786448,499,44425.426281
-621.149673,499,44453.263129
-528.994893,499,44483.302583
-464.344835,499,44511.418544
-517.425704,499,44539.294161
-548.368083,499,44568.107845
-533.543784,499,44596.042011
-635.21407,499,44623.895007
-566.759988,499,44651.76212
-546.284199,499,44680.100245
-626.706117,499,44708.905459
-525.986448,499,44737.001054
-544.422658,499,44765.057305
-511.762398,499,44792.960079
-504.61177,499,44820.810421
-583.26877,499,44849.326609
-517.118566,499,44877.344398
-557.325054,499,44905.546152
-505.084648,499,44933.223318
-503.61951,499,44961.081062
-511.568789,499,44989.699037
-504.239982,499,45017.723234
-513.640798,499,45046.023048
-630.477052,499,45073.851096
-466.750533,499,45102.105369
-601.257249,499,45131.288113
-459.158889,499,45159.245278
-453.001088,499,45186.894104
-613.093185,499,45214.657088
-496.84813,499,45243.040101
-570.582819,499,45271.761241
-525.785725,499,45299.806191
-516.821711,499,45327.919183
-569.231585,499,45355.656211
-609.006004,499,45383.634156
-484.030464,499,45412.455314
-600.08265,499,45440.344255
-555.760397,499,45468.828387
-491.56354,499,45497.092182
-509.842874,499,45524.958223
-552.88321,499,45553.58524
-634.061857,499,45581.815149
-533.465375,499,45609.692061
-522.756645,499,45637.64807
-553.929075,499,45665.69309
-518.202828,499,45694.374166
-541.66467,499,45722.52404
-606.242564,499,45750.365221
-525.278373,499,45778.0871
-573.562589,499,45806.009098
-482.00631,499,45834.738826
-553.96455,499,45862.533649
-452.705434,499,45892.802481
-662.947733,499,45920.771132
-513.852919,499,45948.907312
-537.475111,499,45977.793071
-536.95571,499,46005.669416
-636.186431,499,46033.375121
-568.131095,499,46061.383235
-451.5079,499,46089.749676
-595.913016,499,46118.435239
-603.653422,499,46146.637177
-509.70047,499,46174.712262
-493.365061,499,46202.515228
-467.338171,499,46230.451233
-519.431007,499,46259.360879
-611.318898,499,46287.250142
-573.626801,499,46315.650185
-542.219954,499,46343.553455
-535.978641,499,46371.463115
-643.331655,499,46400.120344
-574.517355,499,46427.983063
-501.278632,499,46455.927256
-473.249972,499,46484.001853
-561.456606,499,46511.668988
-529.030246,499,46540.41134
-581.828619,499,46568.336589
-559.079461,499,46596.462053
-476.252532,499,46624.408292
-533.549989,499,46652.532066
-469.05194,499,46681.196087
-527.033444,499,46708.930181
-467.335633,499,46737.148346
-490.4153,499,46765.01333
-513.273529,499,46793.075206
-685.029182,499,46822.223118
-597.674673,499,46850.110164
-520.897377,499,46878.749256
-541.403568,499,46907.517355
-553.174954,499,46935.615287
-535.486738,499,46964.484239
-524.599972,499,46992.298159
-566.076678,499,47020.136239
-565.816539,499,47048.023524
-551.563454,499,47075.977299
-495.875393,499,47104.778162
-543.566809,499,47132.504782
-571.301409,499,47160.453189
-522.042003,499,47188.296108
-548.023743,499,47216.631753
-542.085343,499,47245.171803
-560.384193,499,47273.046096
-503.967901,499,47303.582947
-602.25609,499,47331.783508
-409.532667,499,47359.695693
-588.371037,499,47388.494996
-554.559445,499,47416.379373
-579.957033,499,47444.252585
-504.13549,499,47472.096418
-501.506604,499,47500.431621
-576.784899,499,47529.177462
-560.966621,499,47557.350782
-574.020881,499,47585.355452
-543.781212,499,47613.53621
-597.740077,499,47642.154353
-588.241334,499,47671.313732
-591.90187,499,47699.474524
-557.906745,499,47727.480419
-562.18724,499,47755.695084
-568.982384,499,47783.815434
-510.01798,499,47812.726227
-585.465221,499,47840.644591
-543.998456,499,47868.620464
-643.768712,499,47896.469218
-515.131318,499,47924.665185
-552.458393,499,47953.209164
-539.232884,499,47982.019373
-509.510178,499,48009.65043
-556.420994,499,48037.549853
-563.683328,499,48065.953251
-586.05699,499,48094.655627
-546.657795,499,48123.149288
-529.285786,499,48151.15224
-470.536266,499,48178.851865
-500.23098,499,48206.62242
-529.771406,499,48235.469512
-587.041049,499,48263.811381
-542.201525,499,48291.80528
-539.996358,499,48319.695386
-531.917985,499,48348.176418
-576.942688,499,48376.962337
-593.72245,499,48404.995003
-604.568837,499,48433.016581
-504.450115,499,48461.100279
-545.855239,499,48489.065693
-510.137115,499,48517.520252
-436.848175,499,48545.587317
-573.889113,499,48573.475911
-490.788927,499,48601.49636
-487.66736,499,48629.387358
-558.982879,499,48658.10232
-560.213303,499,48686.397053
-488.520071,499,48717.885354
-518.756263,499,48746.189111
-560.364339,499,48773.979207
-479.918125,499,48803.069124
-518.768632,499,48831.107114
-609.359049,499,48859.064207
-478.782666,499,48887.071514
-621.904306,499,48915.053142
-472.532197,499,48943.980293
-487.801609,499,48971.920755
-557.640611,499,49000.145429
-449.507236,499,49027.893148
-531.123483,499,49055.790183
-600.30487,499,49084.489065
-541.855858,499,49112.291096
-539.506483,499,49140.476181
-508.11076,499,49168.405169
-524.967196,499,49196.691062
-443.421697,499,49225.517148
-594.67678,499,49253.298672
-615.980527,499,49280.978486
-536.108503,499,49309.246092
-593.490096,499,49337.178246
-531.856768,499,49365.868387
-625.239627,499,49393.735278
-612.722518,499,49421.816209
-547.869374,499,49449.93911
-558.909224,499,49477.815295
-446.901786,499,49506.598189
-451.862851,499,49534.431014
-428.944029,499,49562.435218
-604.059233,499,49590.516204
-515.469094,499,49618.489278
-536.275237,499,49648.235251
-553.28658,499,49676.410095
-550.962385,499,49704.573268
-621.219799,499,49732.503545
-625.287383,499,49760.484229
-594.068751,499,49789.487191
-615.247391,499,49817.904015
-515.393798,499,49845.746453
-518.754938,499,49873.640769
-502.519754,499,49901.604459
-483.084916,499,49930.456279
-499.145594,499,49958.45314
-461.907718,499,49986.491067
-556.52948,499,50014.313388
-500.579533,499,50042.620257
-470.347443,499,50071.883069
-556.662631,499,50099.682178
-690.293592,499,50129.949412
-536.461697,499,50158.200249
-571.084931,499,50186.224418
-537.403365,499,50215.372384
-531.709156,499,50243.379215
-530.503764,499,50271.238915
-633.836645,499,50299.477276
-545.732149,499,50327.665265
-586.745495,499,50356.666337
-558.754903,499,50384.798167
-538.614111,499,50412.609343
-564.90116,499,50441.894353
-522.166232,499,50469.865874
-563.942375,499,50498.484845
-539.73477,499,50526.300184
-522.256064,499,50554.242968
-532.595775,499,50582.363905
-421.437807,499,50610.388104
-527.068411,499,50638.995206
-639.700883,499,50667.197222
-564.745458,499,50695.554157
-471.052756,499,50723.505309
-557.767569,499,50751.434748
-525.965526,499,50780.554575
-540.228729,499,50808.380492
-531.535792,499,50836.436312
-531.604333,499,50864.630105
-584.957929,499,50892.563021
-594.077873,499,50921.692412
-535.488867,499,50950.007207
-569.23885,499,50978.380204
-509.94528,499,51006.537372
-488.663418,499,51034.44117
-493.502135,499,51063.14609
-515.827777,499,51091.319613
-498.552712,499,51119.205388
-543.86991,499,51147.108118
-469.012081,499,51175.149192
-473.071418,499,51203.769233
-531.099497,499,51231.880164
-559.01679,499,51260.219218
-593.112536,499,51288.309252
-541.205896,499,51316.309137
-473.82072,499,51344.93909
-516.431228,499,51373.215225
-577.640948,499,51401.062232
-522.541074,499,51428.978436
-482.436585,499,51457.195137
-487.008581,499,51485.75058
-501.978288,499,51513.622159
-494.645149,499,51544.063239
-498.508069,499,51572.039222
-424.948318,499,51600.136459
-452.788757,499,51628.823054
-609.056985,499,51656.776321
-508.440161,499,51684.572202
-463.644014,499,51712.412904
-513.077003,499,51740.312543
-576.939049,499,51769.028496
-555.911104,499,51796.911823
-504.926436,499,51824.925882
-515.004413,499,51852.884052
-616.67582,499,51880.797534
-526.673434,499,51909.437289
-574.937987,499,51937.262379
-581.031928,499,51965.558272
-599.955783,499,51993.877189
-493.943833,499,52021.93849
-628.230377,499,52050.727304
-493.334529,499,52078.668349
-501.538746,499,52106.580199
-517.683024,499,52134.625661
-514.075353,499,52162.428452
-564.720976,499,52191.054757
-519.969761,499,52218.985284
-484.346175,499,52247.076355
-504.122888,499,52275.59526
-508.859358,499,52303.386274
-457.876058,499,52331.926195
-543.53409,499,52359.800816
-541.17627,499,52387.768404
-489.728444,499,52415.622197
-531.322598,499,52443.554739
-513.461903,499,52472.164757
-454.943995,499,52500.370361
-465.951999,499,52528.609498
-544.255864,499,52556.464475
-565.821494,499,52584.640538
-546.979749,499,52613.355489
-597.079247,499,52641.1963
-497.804107,499,52669.149501
-611.01724,499,52697.297246
-610.147054,499,52725.374639
-539.442168,499,52753.885472
-567.382738,499,52781.820388
-530.540133,499,52809.65426
-501.968048,499,52837.652364
-613.469234,499,52865.653539
-627.808012,499,52894.432643
-553.389615,499,52922.3522
-498.944437,499,52952.769843
-460.630774,499,52980.674024
-529.473705,499,53008.484322
-627.900063,499,53037.2459
-576.560503,499,53065.006917
-514.374306,499,53092.907058
-667.657918,499,53120.61717
-522.778921,499,53148.429936
-575.800136,499,53177.060196
-550.94711,499,53204.924995
-540.624797,499,53232.947661
-603.706153,499,53260.693987
-485.023212,499,53288.670011
-622.876412,499,53317.454401
-587.382391,499,53345.263016
-548.557451,499,53373.37596
-555.235607,499,53401.241987
-631.211587,499,53429.36198
-615.886271,499,53458.190902
-655.564577,499,53486.192854
-538.167687,499,53514.288147
-556.667999,499,53542.210071
-491.759775,499,53569.92502
-580.195228,499,53598.625079
-590.883336,499,53626.649922
-513.557866,499,53654.824123
-574.430338,499,53682.977922
-545.858995,499,53710.718904
-611.478818,499,53739.323188
-525.421401,499,53767.15618
-602.006723,499,53795.220836
-523.699506,499,53823.056952
-521.550568,499,53851.271039
-518.707349,499,53880.150953
-584.18391,499,53908.38596
-595.131951,499,53936.192437
-568.111104,499,53964.66709
-511.191036,499,53992.457997
-600.163014,499,54021.20893
-456.732549,499,54049.393999
-450.246926,499,54077.31493
-467.814808,499,54105.227954
-497.514313,499,54133.219988
-572.8658,499,54161.983135
-487.910058,499,54190.172076
-547.389587,499,54218.271081
-572.661143,499,54246.13382
-511.027485,499,54274.597875
-457.237654,499,54303.428029
-433.883491,499,54331.442668
-441.982829,499,54361.875841
-508.081563,499,54389.727217
-569.882428,499,54417.698961
-489.233997,499,54446.244078
-602.706535,499,54474.153162
-557.369439,499,54502.214105
-491.477204,499,54530.153094
-477.468233,499,54558.144583
-528.935885,499,54586.718074
-510.684544,499,54614.837314
-545.231407,499,54642.823054
-538.00528,499,54671.17409
-561.691303,499,54699.06312
-583.187446,499,54728.083976
-526.963293,499,54756.725043
-527.222294,499,54784.765249
-488.08977,499,54812.593076
-481.856027,499,54840.745054
-498.418897,499,54869.408112
-576.091163,499,54897.242083
-588.537664,499,54925.339319
-507.272312,499,54953.221099
-581.854442,499,54981.269111
-563.558541,499,55009.950087
-543.803978,499,55037.774048
-477.000722,499,55065.605091
-547.917575,499,55093.532153
-560.412946,499,55121.424946
-562.805723,499,55150.192995
-441.308034,499,55178.428105
-563.139008,499,55206.422058
-487.258611,499,55234.649935
-442.845752,499,55262.604074
-524.378741,499,55291.680157
-525.214028,499,55319.816579
-592.887647,499,55347.670968
-537.365791,499,55375.55866
-556.37724,499,55403.404185
-601.134293,499,55432.316092
-597.282451,499,55460.098964
-554.273505,499,55487.969137
-568.60565,499,55516.146176
-449.657616,499,55544.093048
-489.464807,499,55572.873573
-508.664185,499,55600.773282
-576.133698,499,55628.931337
-530.299655,499,55656.9341
-451.569726,499,55684.938098
-470.412465,499,55713.817128
-535.93263,499,55741.863234
-562.8183,499,55772.764577
-611.0565,499,55800.811956
-443.6965,499,55828.94141
-547.356489,499,55857.608296
-502.036208,499,55886.608209
-529.487384,499,55914.499623
-585.547351,499,55942.43188
-555.532247,499,55970.648674
-510.223801,499,55999.71816
-667.821661,499,56028.158488
-569.79943,499,56056.120332
-551.41604,499,56084.473349
-505.288223,499,56112.759346
-512.352095,499,56141.488328
-593.615182,499,56169.416396
-421.614323,499,56197.38927
-554.302222,499,56225.793405
-505.869232,499,56253.882402
-576.396845,499,56283.066461
-532.394809,499,56311.520398
-593.077808,499,56339.401766
-533.969772,499,56367.322265
-547.641527,499,56395.196433
-517.291572,499,56424.198581
-451.499663,499,56451.964473
-541.832917,499,56480.005454
-538.049986,499,56508.486049
-570.945634,499,56536.268482
-554.981192,499,56565.008468
-487.002447,499,56593.200861
-536.631265,499,56621.173406
-547.962577,499,56648.983417
-500.467026,499,56677.227243
-552.755376,499,56705.933771
-587.30455,499,56734.423664
-437.313604,499,56763.059361
-628.46077,499,56790.981472
-483.973329,499,56819.345723
-610.436432,499,56848.719361
-535.857439,499,56876.65948
-545.264139,499,56904.876442
-528.291684,499,56932.859635
-490.466852,499,56960.861319
-521.328927,499,56989.716427
-488.56867,499,57018.283395
-534.622943,499,57046.412459
-543.139438,499,57074.425328
-529.915059,499,57102.517305
-562.170512,499,57131.271763
-567.610463,499,57159.203545
-554.646337,499,57189.924361
-504.525078,499,57217.792308
-560.666359,499,57245.660122
-540.681078,499,57273.814134
-510.132896,499,57302.568175
-537.558778,499,57330.578197
-603.423347,499,57359.071624
-552.462823,499,57387.032044
-520.675274,499,57414.72305
-482.817085,499,57443.553264
-508.681214,499,57471.458085
-556.973835,499,57499.466145
-442.724334,499,57527.477221
-517.679281,499,57555.334469
-468.761276,499,57584.407017
-474.278643,499,57612.451157
-529.557074,499,57640.371169
-493.92088,499,57668.406023
-487.194384,499,57696.350092
-458.804681,499,57725.124018
-513.587206,499,57753.705088
-541.65455,499,57781.776059
-472.766505,499,57809.79512
-571.889987,499,57837.723938
-481.614116,499,57866.568026
-599.445683,499,57894.513087
-469.318922,499,57922.329167
-501.554159,499,57950.38102
-495.714512,499,57978.305073
-516.685506,499,58007.307482
-511.785185,499,58035.352113
-670.268375,499,58063.447926
-539.930786,499,58091.362053
-456.224327,499,58119.411088
-480.064191,499,58148.14702
-555.741155,499,58176.126988
-454.630087,499,58204.213258
-590.783942,499,58232.478153
-572.860658,499,58260.518072
-588.692504,499,58289.268894
-613.417434,499,58317.395769
-510.292251,499,58345.555132
-568.614408,499,58373.312017
-458.448614,499,58401.375082
-501.769641,499,58430.050921
-552.220274,499,58458.113198
-593.795035,499,58485.992304
-508.185261,499,58514.196363
-535.896139,499,58542.356231
-471.082434,499,58571.098017
-529.958942,499,58601.76472
-525.858986,499,58629.832904
-534.428366,499,58658.037792
-470.725039,499,58685.9769
-546.097416,499,58714.770969
-501.041092,499,58742.695794
-543.499195,499,58770.552057
-507.359723,499,58798.529715
-602.517373,499,58826.514717
-465.277185,499,58855.209799
-479.530528,499,58883.220763
-519.125719,499,58911.326459
-507.045575,499,58939.28454
-528.19936,499,58967.09789
-483.966954,499,58995.791722
-517.856815,499,59023.775399
-536.143166,499,59051.833778
-533.97721,499,59079.756893
-518.338294,499,59107.818085
-599.691231,499,59136.43288
-587.350868,499,59164.264962
-608.084618,499,59192.03996
-523.214547,499,59220.007957
-531.004435,499,59247.76305
-535.535691,499,59276.818884
-492.383659,499,59304.595844
-511.354229,499,59332.51807
-648.76735,499,59360.996307
-544.158227,499,59389.154861
-594.36202,499,59417.715121
-467.864289,499,59445.699843
-579.544993,499,59473.554668
-554.98002,499,59501.549406
-573.743871,499,59529.949936
-542.138164,499,59558.707719
-552.90341,499,59586.521727
-562.425665,499,59614.398381
-498.683726,499,59642.452844
-554.867228,499,59670.741766
-474.988706,499,59699.733897
-612.337037,499,59727.611883
-564.966411,499,59755.640877
-582.039369,499,59783.658961
-551.233869,499,59811.633603
-508.238414,499,59840.269108
-466.171514,499,59868.362581
-572.101835,499,59896.2159
-628.290329,499,59924.132859
-496.820337,499,59952.049852
-553.112871,499,59980.709939
-571.267191,499,60011.059214
-507.124492,499,60039.242473
-541.511308,499,60067.104245
-525.156693,499,60095.338669
-525.770305,499,60124.236323
-481.027241,499,60152.128313
-506.41113,499,60180.04173
-561.899932,499,60208.140599
-552.25004,499,60236.236336
-540.009887,499,60265.311774
-581.458234,499,60293.196612
-487.442024,499,60321.095267
-450.51229,499,60349.831501
-497.09609,499,60378.015182
-484.833717,499,60406.809343
-513.469366,499,60435.692557
-519.083182,499,60463.902509
-559.253863,499,60491.881258
-585.780654,499,60520.130372
-531.386264,499,60549.007413
-570.987437,499,60576.971368
-501.157103,499,60605.054349
-533.437691,499,60633.105509
-549.951398,499,60661.469983
-570.985813,499,60691.271424
-566.167272,499,60720.322734
-568.162109,499,60750.348709
-570.219825,499,60779.57377
-534.153434,499,60808.796496
-590.355962,499,60838.871026
-530.901843,499,60868.361567
-645.882901,499,60897.127095
-589.776798,499,60926.382406
-498.010525,499,60955.215153
-591.609787,499,60985.345403
-615.117313,499,61014.664774
-529.629032,499,61044.108086
-579.428534,499,61073.370404
-627.437805,499,61102.298858
-599.087112,499,61132.157247
-529.290599,499,61161.772057
-551.993634,499,61190.685143
-640.279668,499,61219.999132
-496.984763,499,61249.544307
-487.173965,499,61279.776755
-529.608756,499,61308.737009
-522.129021,499,61337.614099
-513.239314,499,61369.63829
-501.68789,499,61398.915195
-494.987601,499,61429.622133
-535.926808,499,61461.109444
-504.993692,499,61491.237389
-544.856874,499,61522.000582
-539.810553,499,61553.363557
-575.92677,499,61585.827995
-439.531929,499,61616.821882
-558.787045,499,61647.775542
-566.152749,499,61677.506201
-470.677275,499,61708.023
-459.278641,499,61740.098813
-521.08745,499,61770.993537
-562.734459,499,61801.238491
-574.521861,499,61831.501755
-582.97442,499,61861.711637
-575.244366,499,61893.712027
-558.0485,499,61923.902553
-432.189646,499,61954.556953
-557.504062,499,61984.834992
-605.261186,499,62016.267344
-565.468837,499,62047.822662
-545.494671,499,62078.775818
-660.311726,499,62109.496646
-523.341248,499,62140.178185
-545.802099,499,62171.274403
-551.717413,499,62202.879069
-584.677176,499,62234.393088
-506.898632,499,62265.611531
-671.235502,499,62296.409612
-558.89924,499,62326.969674
-528.173025,499,62357.85497
-522.062195,499,62388.676518
-585.641815,499,62419.0161
-517.410219,499,62450.288079
-541.66765,499,62481.745439
-543.487995,499,62513.255699
-560.854289,499,62542.959754
-589.582423,499,62572.632625
-523.26807,499,62604.114102
-568.931961,499,62633.749888
-478.991929,499,62666.026447
-482.264545,499,62697.869599
-524.965339,499,62729.336055
-493.863399,499,62760.846086
-452.769706,499,62792.893076
-536.824491,499,62824.1828
-512.59368,499,62854.686726
-442.282613,499,62885.451012
-511.275384,499,62916.154299
-600.647737,499,62946.33607
-504.023635,499,62977.960438
-485.793798,499,63010.434616
-590.608647,499,63039.496014
-487.290931,499,63068.152009
-536.05117,499,63096.836262
-577.177801,499,63126.133863
-579.470367,499,63154.664567
-526.868295,499,63183.075707
-455.149241,499,63211.621447
-474.666834,499,63240.632504
-585.748406,499,63270.079138
-487.951994,499,63299.057718
-472.88007,499,63327.335336
-541.796784,499,63355.842332
-512.615084,499,63384.520984
-484.982287,499,63414.360188
-569.670911,499,63443.40847
-555.204907,499,63471.706187
-691.219093,499,63500.601253
-516.346885,499,63529.115175
-602.468501,499,63558.710541
-464.99623,499,63587.206986
-599.971609,499,63615.639594
-524.183424,499,63644.385108
-586.674308,499,63673.302765
-587.25298,499,63703.250376
-523.884515,499,63732.143312
-431.229275,499,63760.523544
-523.947497,499,63788.836256
-588.961023,499,63817.101061
-563.170486,499,63846.539964
-600.664231,499,63875.641494
-496.994752,499,63904.171719
-608.50891,499,63932.309226
-520.728739,499,63960.773052
-480.360719,499,63990.023402
-508.966643,499,64018.321176
-596.878469,499,64046.736092
-529.772352,499,64075.174553
-490.22045,499,64103.841769
-557.562817,499,64132.525288
-503.584291,499,64160.079021
-566.851037,499,64188.150892
-541.125886,499,64216.029398
-593.226533,499,64243.945218
-467.624072,499,64272.950032
-500.387924,499,64300.912004
-488.529016,499,64329.300166
-601.46098,499,64357.576377
-448.003414,499,64385.729294
-469.69113,499,64415.024091
-504.728087,499,64446.326075
-514.183573,499,64474.53917
-553.845744,499,64502.930634
-543.553496,499,64530.968015
-628.335399,499,64559.872222
-589.296965,499,64588.374856
-499.02826,499,64616.70603
-595.112481,499,64645.331562
-497.92969,499,64673.716961
-497.071313,499,64702.997063
-469.340123,499,64731.121135
-612.177816,499,64759.089729
-489.69641,499,64787.048939
-565.93692,499,64815.006283
-541.578625,499,64844.316159
-478.414176,499,64872.436795
-568.100505,499,64900.656538
-564.062396,499,64928.526586
-543.054224,499,64956.734987
-536.278566,499,64985.239992
-568.94824,499,65013.181979
-603.003126,499,65041.451842
-480.352605,499,65070.05503
-565.588547,499,65098.84322
-519.327061,499,65128.239162
-531.808436,499,65156.194095
-598.114913,499,65184.509425
-604.824834,499,65212.775717
-511.903416,499,65240.966618
-551.457915,499,65269.983712
-536.698617,499,65297.970181
-652.889079,499,65326.062607
-438.36321,499,65354.4832
-532.682511,499,65382.415386
-473.182185,499,65410.888529
-468.630418,499,65439.227192
-509.289451,499,65467.783274
-491.461603,499,65496.335927
-614.817466,499,65524.767609
-460.216948,499,65553.969885
-623.127377,499,65581.710993
-564.769387,499,65609.823088
-540.304223,499,65638.504563
-632.602082,499,65666.778351
-496.604484,499,65696.69807
-500.908455,499,65725.069145
-557.479534,499,65752.756973
-470.562889,499,65780.518471
-650.016146,499,65808.89875
-572.178467,499,65837.464646
-540.634753,499,65867.732447
-551.292898,499,65896.791521
-609.357982,499,65925.51515
-473.565566,499,65953.951985
-589.864328,499,65982.992558
-533.946923,499,66010.636544
-497.641112,499,66038.698919
-576.966332,499,66066.478781
-498.792274,499,66094.453372
-467.215168,499,66123.016957
-546.259822,499,66150.380139
-541.281126,499,66177.975144
-525.834128,499,66205.563249
-508.353691,499,66234.910983
-498.157243,499,66264.622694
-511.408388,499,66292.969519
-576.200544,499,66322.068983
-524.012497,499,66350.099516
-461.079639,499,66378.283252
-461.727302,499,66407.463744
-590.228786,499,66435.777366
-557.180656,499,66464.338782
-504.732113,499,66492.52617
-591.256595,499,66520.268411
-526.094562,499,66548.605002
-540.610676,499,66576.23017
-577.211639,499,66604.093712
-455.442718,499,66631.529641
-530.214152,499,66659.229685
-564.665222,499,66687.697983
-555.943109,499,66715.228158
-501.234406,499,66742.925494
-582.89356,499,66771.714829
-514.134103,499,66801.255948
-471.029938,499,66830.390884
-519.523382,499,66858.872529
-508.830958,499,66887.63453
-612.398716,499,66916.123414
-509.933636,499,66943.828633
-485.534757,499,66972.983974
-503.422453,499,67000.719597
-624.39046,499,67028.817614
-498.372237,499,67057.588296
-614.309855,499,67086.04093
-528.167668,499,67114.572642
-569.921279,499,67142.324953
-546.712303,499,67170.820043
-560.009766,499,67200.619016
-523.136514,499,67230.628202
-467.620829,499,67261.432988
-602.887098,499,67294.070584
-474.469882,499,67322.738382
-562.25624,499,67351.251772
-480.594206,499,67379.750704
-546.782292,499,67409.259707
-609.480989,499,67437.680737
-521.718707,499,67465.984196
-459.520277,499,67494.681977
-564.652794,499,67522.95425
-515.264819,499,67552.636822
-531.734294,499,67581.04074
-533.366176,499,67609.356365
-607.834612,499,67637.933777
-553.211041,499,67666.292251
-538.768455,499,67695.588191
-501.008378,499,67723.885418
-564.515155,499,67752.275825
-537.124765,499,67780.286248
-477.618004,499,67808.144173
-525.657609,499,67836.949937
-562.420608,499,67864.574126
-561.909683,499,67892.292021
-602.719875,499,67920.053082
-582.903953,499,67947.919178
-492.510066,499,67976.645216
-536.424108,499,68004.685127
-601.439966,499,68032.64968
-519.81849,499,68060.680922
-497.201666,499,68088.350094
-568.832721,499,68116.638992
-581.655494,499,68144.364093
-491.29858,499,68171.953091
-505.617755,499,68200.102031
-570.305718,499,68227.489264
-584.678305,499,68256.151509
-503.30213,499,68284.117155
-513.134922,499,68312.18217
-561.698994,499,68339.975826
-567.921469,499,68367.901459
-443.38434,499,68396.094579
-585.272418,499,68423.689185
-503.268595,499,68451.569874
-472.67844,499,68479.391517
-587.02622,499,68507.071056
-556.735935,499,68535.747092
-562.601205,499,68563.55761
-510.927986,499,68591.380747
-627.544138,499,68618.782085
-493.843518,499,68646.233403
-574.552251,499,68674.814419
-464.631653,499,68705.066714
-547.073457,499,68732.977097
-556.479265,499,68760.348107
-532.150464,499,68788.087081
-580.792815,499,68816.310603
-651.583109,499,68843.990619
-605.476439,499,68871.592508
-443.504875,499,68899.014617
-537.766617,499,68926.539304
-502.66447,499,68954.717094
-591.641197,499,68982.438682
-501.346243,499,69010.171257
-653.012555,499,69037.58455
-497.725801,499,69064.799579
-554.61988,499,69093.677215
-521.63598,499,69121.795591
-557.006733,499,69149.361055
-579.127279,499,69176.867085
-506.959182,499,69204.269256
-575.284364,499,69232.550305
-642.423819,499,69260.0892
-594.656813,499,69287.641077
-585.706164,499,69315.448171
-508.659597,499,69343.13578
-603.984823,499,69371.402337
-529.700867,499,69399.085117
-482.753357,499,69426.355162
-588.447544,499,69454.067457
-459.310666,499,69481.532986
-475.473381,499,69509.642024
-507.044564,499,69537.036268
-561.023499,499,69564.655164
-453.043425,499,69592.246295
-444.913627,499,69619.428568
-492.262516,499,69647.629755
-536.129736,499,69675.144543
-582.641613,499,69702.709267
-534.83292,499,69730.477224
-533.350056,499,69758.088465
-522.85252,499,69786.09524
-495.628682,499,69814.090336
-616.333676,499,69841.45728
-495.490661,499,69868.776618
-601.789492,499,69896.287203
-689.463396,499,69924.744965
-504.598671,499,69952.627755
-435.980594,499,69980.697051
-506.58205,499,70008.425333
-460.499233,499,70036.245269
-582.953028,499,70064.709823
-594.518689,499,70094.205804
-535.574099,499,70122.390795
-603.403462,499,70149.777285
-561.102863,499,70177.156751
-624.593448,499,70205.760223
-564.708715,499,70233.618588
-578.209992,499,70261.090287
-558.584683,499,70288.72896
-532.091859,499,70316.454408
-620.578115,499,70345.138415
-609.741147,499,70372.779134
-476.650599,499,70400.653792
-532.559922,499,70428.180683
-631.761572,499,70455.959375
-558.481026,499,70484.4919
-546.573335,499,70512.4935
-493.489155,499,70540.158589
-544.855355,499,70568.265373
-543.168896,499,70595.815044
-605.843258,499,70625.590077
-481.87865,499,70655.492161
-522.268048,499,70684.065617
-585.966771,499,70712.977879
-518.702811,499,70741.305914
-547.243815,499,70771.21776
-528.025271,499,70799.388941
-490.360843,499,70828.092608
-439.428759,499,70856.615822
-517.248714,499,70885.402886
-575.739669,499,70914.36244
-558.388694,499,70945.664984
-516.502685,499,70979.32448
-538.347705,499,71011.375273
-523.6328,499,71041.959944
-516.47794,499,71072.767922
-457.205141,499,71103.305702
-556.912807,499,71134.12087
-505.119415,499,71164.931518
-493.529278,499,71195.750473
-572.678176,499,71227.525533
-594.559029,499,71258.998055
-583.490508,499,71290.534303
-549.49719,499,71320.997852
-638.889188,499,71352.90757
-555.989875,499,71385.087188
-520.296234,499,71416.159389
-583.286116,499,71447.159512
-598.982454,499,71479.028763
-541.64772,499,71509.876387
-533.243757,499,71541.501911
-516.752366,499,71576.790845
-457.551176,499,71607.429342
-640.998794,499,71637.3889
-647.304706,499,71667.522849
-599.866387,499,71697.48907
-534.80097,499,71728.399044
-489.745137,499,71758.76227
-577.5586,499,71788.934659
-555.156544,499,71818.905463
-508.170779,499,71848.649683
-611.273752,499,71880.112521
-473.856195,499,71910.707937
-504.689811,499,71940.959491
-552.890998,499,71971.127854
-537.547676,499,72001.840051
-500.770524,499,72032.843591
-501.156227,499,72063.381539
-467.252925,499,72094.54052
-520.386504,499,72125.308639
-554.092449,499,72156.337565
-585.425889,499,72187.08888
-587.050117,499,72217.261011
-513.794395,499,72249.108256
-569.657287,499,72280.849073
-485.263614,499,72312.037526
-509.681348,499,72342.993043
-534.937533,499,72374.236653
-516.262615,499,72406.223005
-469.241167,499,72437.002141
-473.762962,499,72469.13862
-539.853672,499,72501.428656
-448.738315,499,72532.272012
-437.880368,499,72563.765064
-493.913133,499,72594.237662
-475.256601,499,72625.840554
-540.648367,499,72657.663078
-548.883798,499,72688.102217
-523.605539,499,72720.502801
-453.320429,499,72751.413703
-526.034115,499,72782.716874
-575.943046,499,72814.122318
-543.602471,499,72845.445944
-565.341743,499,72875.617536
-537.075734,499,72905.767926
-623.31042,499,72937.678825
-518.743438,499,72970.276195
-455.290087,499,73001.874604
-519.909169,499,73033.417254
-499.852312,499,73064.652448
-542.982372,499,73095.701852
-440.578051,499,73129.886412
-472.092135,499,73160.925436
-555.090279,499,73193.529627
-462.518349,499,73226.311819
-504.102706,499,73258.873134
-494.483697,499,73291.952858
-489.770504,499,73325.321579
-524.336591,499,73357.66785
-574.164369,499,73391.55992
-666.02675,499,73422.565338
-534.875264,499,73454.50228
-503.711152,499,73487.011039
-505.583222,499,73519.889289
-434.140303,499,73553.202426
-599.119161,499,73586.198825
-550.394576,499,73620.410415
-552.791727,499,73653.643866
-514.667719,499,73685.157968
-540.198166,499,73717.322487
-594.197232,499,73750.380934
-658.771316,499,73783.198334
-482.011298,499,73816.022117
-574.649297,499,73847.659834
-499.96265,499,73880.881095
-486.944305,499,73912.98854
-488.641004,499,73946.368085
-501.932009,499,73977.502913
-517.998812,499,74009.259643
-509.912723,499,74041.203029
-442.250184,499,74073.992786
-538.780834,499,74108.66875
-513.37365,499,74141.528937
-507.696635,499,74174.179373
-432.144827,499,74206.716675
-482.28639,499,74238.974431
-572.132564,499,74271.294994
-446.068806,499,74303.308412
-611.555395,499,74336.308058
-586.404827,499,74367.707857
-549.451031,499,74399.622743
-505.96037,499,74432.023062
-635.865816,499,74464.005739
-507.524389,499,74493.862636
-680.815816,499,74523.301977
-558.407822,499,74554.767228
-552.802653,499,74587.772871
-480.708312,499,74620.254071
-564.980857,499,74651.057053
-545.514084,499,74683.489856
-581.768775,499,74715.605786
-494.04079,499,74748.698594
-566.880648,499,74777.566157
-456.045555,499,74806.550288
-484.115364,499,74835.894951
-511.271305,499,74865.006901
-538.293185,499,74894.70264
-577.528646,499,74923.830567
-503.284253,499,74952.882947
-647.440334,499,74981.745008
-572.176977,499,75010.624755
-475.582903,499,75041.445461
-609.188593,499,75071.751507
-558.367373,499,75101.719485
-454.589012,499,75131.893844
-518.817679,499,75161.776081
-489.20482,499,75192.697612
-602.88252,499,75222.718576
-511.864622,499,75252.528901
-511.273024,499,75282.221421
-561.070406,499,75312.699171
-633.643968,499,75343.871861
-544.776274,499,75373.884939
-490.944362,499,75403.728009
-569.817977,499,75433.742411
-563.734861,499,75463.939034
-517.50312,499,75494.861367
-535.042892,499,75524.686784
-539.938272,499,75554.322742
-517.342604,499,75584.221914
-538.655531,499,75614.005507
-581.609738,499,75644.97421
-534.259858,499,75675.245111
-529.433207,499,75705.300963
-540.595882,499,75735.292443
-550.893669,499,75765.154973
-530.337481,499,75795.802636
-501.986803,499,75826.114062
-492.732715,499,75856.528204
-487.727779,499,75886.669264
-577.152378,499,75916.326107
-495.603721,499,75947.648037
-528.81149,499,75977.53012
-505.565303,499,76007.420127
-544.454912,499,76037.45479
-509.511212,499,76067.518942
-572.549279,499,76098.404504
-487.387536,499,76128.356594
-627.95316,499,76158.430823
-472.193505,499,76188.425014
-568.362535,499,76218.773386
-568.839143,499,76252.463981
-436.961799,499,76282.507293
-543.414928,499,76312.901694
-600.228183,499,76343.033855
-546.031005,499,76374.284827
-519.419807,499,76405.603599
-521.354344,499,76436.657801
-597.14057,499,76466.831486
-557.039557,499,76497.082909
-598.721049,499,76527.043525
-584.127958,499,76557.534664
-518.665457,499,76588.118813
-535.422679,499,76618.866143
-539.985967,499,76649.66776
-609.293374,499,76679.420103
-502.525088,499,76711.020404
-552.864977,499,76741.926334
-601.239264,499,76772.73242
-521.456879,499,76803.836046
-508.585887,499,76835.299796
-514.730105,499,76867.341829
-601.292575,499,76897.95101
-664.832909,499,76928.879145
-665.411608,499,76959.323294
-510.940951,499,76989.647863
-693.968193,499,77020.706098
-495.899539,499,77051.523646
-576.829891,499,77082.581653
-480.714239,499,77113.321722
-581.95695,499,77143.319657
-662.746374,499,77174.963426
-538.192903,499,77205.28775
-578.251756,499,77236.184268
-575.529996,499,77266.505378
-615.337794,499,77297.053486
-527.364775,499,77328.681086
-562.748851,499,77360.23257
-496.344712,499,77390.840884
-520.983977,499,77421.06057
-565.11773,499,77451.780106
-511.165189,499,77483.616589
-450.179846,499,77513.271246
-533.27818,499,77543.939543
-492.744122,499,77574.582421
-485.397254,499,77604.578825
-538.845342,499,77637.438573
-560.542047,499,77668.286542
-532.07635,499,77699.048123
-553.328183,499,77730.465271
-542.753391,499,77760.432088
-520.236687,499,77794.202135
-505.920947,499,77826.299592
-544.217823,499,77858.822375
-561.037624,499,77890.629892
-491.267777,499,77923.099417
-551.91849,499,77957.011933
-490.640595,499,77988.264541
-518.892982,499,78019.136722
-448.553187,499,78051.262298
-525.879686,499,78083.321709
-507.419236,499,78115.24772
-513.667194,499,78147.419064
-555.204081,499,78179.488191
-578.003925,499,78211.610302
-604.929814,499,78243.597707
-474.404799,499,78276.82512
-456.695794,499,78308.551203
-561.14439,499,78341.081085
-464.915206,499,78372.162369
-501.709403,499,78403.723946
-529.404404,499,78436.626226
-540.742391,499,78466.969296
-464.621304,499,78497.156241
-510.801788,499,78528.192754
-546.605758,499,78560.176565
-463.646539,499,78593.355011
-646.229797,499,78624.188974
-447.828008,499,78655.283316
-450.010263,499,78686.414263
-563.484572,499,78716.654962
-513.890554,499,78747.538531
-517.933621,499,78779.055282
-474.045036,499,78810.234013
-548.23604,499,78841.325355
-518.119856,499,78870.911455
-526.175986,499,78903.854967
-569.570241,499,78935.610722
-484.671889,499,78966.79112
-473.056657,499,78997.203523
-512.055198,499,79027.885827
-543.728281,499,79060.80173
-549.627227,499,79092.051497
-584.033687,499,79122.827527
-468.309081,499,79155.086641
-601.825834,499,79187.342455
-510.265076,499,79219.467596
-485.952899,499,79249.668791
-488.812324,499,79281.276281
-545.812283,499,79312.561886
-481.532056,499,79344.048808
-493.38517,499,79380.134512
-506.847732,499,79413.192577
-464.9317,499,79445.643639
-506.326238,499,79475.448007
-461.747162,499,79506.26313
-463.950717,499,79539.681548
-545.515494,499,79571.803043
-507.660076,499,79603.434909
-534.771748,499,79634.910376
-437.366841,499,79666.439228
-514.174332,499,79697.863036
-578.209034,499,79727.194756
-524.283789,499,79756.090626
-495.825406,499,79787.578823
-545.420639,499,79818.003865
-522.785303,499,79847.539773
-559.290095,499,79877.068048
-586.232209,499,79906.466842
-523.665381,499,79935.914212
-493.811369,499,79964.663643
-515.654562,499,79995.128431
-574.696874,499,80027.138743
-476.603593,499,80057.823313
-559.559038,499,80086.997668
-584.543458,499,80117.083002
-520.210205,499,80148.897633
-414.770641,499,80179.521316
-561.948593,499,80208.52694
-467.055654,499,80238.065834
-575.003744,499,80267.924062
-541.168336,499,80299.0396
-533.774275,499,80329.006137
-524.581427,499,80359.304596
-531.99102,499,80390.795645
-602.450633,499,80421.727677
-544.48601,499,80451.314843
-548.00284,499,80480.894139
-496.603372,499,80512.297716
-499.718326,499,80542.511708
-498.207767,499,80572.220717
-464.905526,499,80604.037621
-581.652727,499,80637.012767
-521.384845,499,80668.82883
-578.919691,499,80698.614082
-576.881942,499,80729.886494
-635.851634,499,80762.637707
-562.468881,499,80794.263378
-580.968495,499,80826.104543
-582.422647,499,80857.743985
-492.985923,499,80888.445012
-579.076183,499,80923.088056
-625.329141,499,80952.991197
-494.753865,499,80984.369018
-530.615222,499,81016.032996
-492.419758,499,81050.24584
-579.793267,499,81082.8253
-537.730557,499,81113.322703
-566.418229,499,81144.637036
-582.952244,499,81175.45205
-611.073477,499,81206.117716
-522.43348,499,81238.171041
-475.374753,499,81270.267411
-487.097981,499,81301.747681
-544.293103,499,81332.904708
-524.763145,499,81364.813614
-601.881299,499,81398.905344
-514.343926,499,81429.715902
-516.155954,499,81460.705943
-626.995,499,81492.384035
-512.087619,499,81525.535695
-540.034296,499,81558.347502
-478.224436,499,81589.44732
-512.251151,499,81620.158242
-537.609924,499,81651.799495
-493.214308,499,81682.392053
-521.303504,499,81714.114963
-488.135301,499,81744.79848
-546.129101,499,81775.694735
-513.916476,499,81807.590583
-517.584405,499,81839.360315
-503.630583,499,81872.264982
-583.205811,499,81905.240227
-446.555509,499,81936.682977
-570.52854,499,81967.715628
-464.753672,499,81999.620086
-422.830023,499,82031.692659
-589.524832,499,82062.815196
-518.132367,499,82092.374423
-532.931197,499,82123.909953
-494.037288,499,82156.416877
-522.494923,499,82188.522962
-547.55032,499,82219.172293
-578.54333,499,82249.755489
-481.730723,499,82281.15455
-582.089422,499,82312.522689
-560.325198,499,82344.666173
-464.282033,499,82376.139057
-509.440932,499,82406.898103
-547.385952,499,82438.288059
-619.582677,499,82469.033196
-535.087454,499,82504.603554
-503.697913,499,82535.596955
-553.348394,499,82566.389801
-497.610821,499,82596.385015
-549.261608,499,82626.575338
-606.466052,499,82658.483643
-526.32357,499,82688.392009
-565.860393,499,82718.254735
-460.201683,499,82748.51215
-576.678813,499,82778.745471
-441.831091,499,82809.72493
-663.20057,499,82839.476766
-512.0195,499,82870.651704
-539.306492,499,82900.879274
-519.290479,499,82930.977462
-556.593583,499,82961.74209
-553.085105,499,82991.102941
-445.60578,499,83020.995536
-570.450455,499,83050.706398
-603.795661,499,83080.889361
-511.143769,499,83112.230471
-467.42164,499,83141.863562
-460.900648,499,83171.036204
-527.330632,499,83200.262347
-564.627774,499,83230.103895
-550.18713,499,83261.298121
-502.842132,499,83291.98786
-520.047493,499,83322.36206
-643.186574,499,83352.503565
-573.909323,499,83383.194302
-499.47982,499,83413.867102
-480.513321,499,83443.433024
-561.439847,499,83473.637853
-552.002932,499,83503.914182
-563.812894,499,83533.384166
-555.721078,499,83564.092555
-472.736543,499,83595.394046
-508.226538,499,83625.138874
-479.428428,499,83655.719378
-535.877575,499,83685.397585
-465.414406,499,83716.85443
-525.263299,499,83747.953164
-536.376036,499,83779.286457
-671.890465,499,83808.734442
-528.195509,499,83839.704765
-514.648808,499,83871.564639
-525.18414,499,83901.626069
-525.588795,499,83931.537523
-530.007011,499,83961.584798
-526.125634,499,83992.721074
-518.188718,499,84026.334142
-553.31548,499,84058.34505
-532.479616,499,84090.890166
-498.53463,499,84122.508867
-526.909418,499,84153.267217
-525.899641,499,84186.163154
-525.935475,499,84218.372251
-525.777543,499,84249.873903
-541.209,499,84280.511457
-551.761344,499,84312.629043
-519.511325,499,84345.362977
-592.704651,499,84375.900233
-413.068627,499,84406.49964
-581.427333,499,84438.782856
-543.807147,499,84470.609828
-578.811979,499,84502.74706
-499.166249,499,84533.856457
-499.074453,499,84566.8647
-573.203389,499,84597.847706
-533.46569,499,84627.280349
-528.651868,499,84658.982241
-542.464052,499,84692.265124
-580.136361,499,84726.165782
-550.504661,499,84757.481849
-567.686966,499,84789.749608
-565.46363,499,84823.7081
-545.970084,499,84853.483577
-531.07952,499,84883.667635
-465.395404,499,84916.604283
-572.682424,499,84948.122278
-536.336791,499,84981.191334
-603.286038,499,85012.095799
-482.712687,499,85044.632759
-531.572998,499,85075.788431
-505.17769,499,85105.472173
-504.001581,499,85137.543097
-564.81137,499,85170.904379
-533.886421,499,85202.02908
-559.44672,499,85233.616451
-528.443446,499,85266.672793
-511.111356,499,85299.360541
-462.173093,499,85330.119204
-497.017547,499,85360.053052
-508.894079,499,85391.149492
-576.393144,499,85424.213464
-545.534921,499,85457.027366
-574.592781,499,85489.762403
-535.476554,499,85523.443477
-575.100564,499,85553.859949
-580.214193,499,85584.400467
-566.807706,499,85619.873291
-509.21667,499,85653.998095
-553.541698,499,85685.811129
-471.390863,499,85717.449592
-432.726504,499,85750.059107
-577.516857,499,85784.017364
-502.9575,499,85814.173833
-464.523795,499,85845.324728
-548.401568,499,85877.685347
-533.06571,499,85911.214435
-493.406731,499,85946.242124
-523.79186,499,85980.04035
-568.27482,499,86012.562188
-483.165799,499,86044.570668
-513.725866,499,86076.102242
-610.460152,499,86110.198364
-489.199842,499,86143.981439
-610.722083,499,86177.313413
-482.197941,499,86210.309318
-466.309404,499,86243.597021
-571.089551,499,86276.173498
-447.584369,499,86307.630128
-512.632723,499,86342.008916
-569.521222,499,86374.798224
-532.363495,499,86408.825125
-556.430979,499,86442.77927
-555.459533,499,86475.891928
-506.344623,499,86508.788851
-456.785536,499,86541.666444
-581.362907,499,86573.144837
-576.643499,499,86605.836442
-527.190943,499,86638.291116
-587.915524,499,86670.044359
-511.168599,499,86704.633208
-628.108458,499,86737.678741
-574.172306,499,86768.508059
-533.559171,499,86800.756505
-563.099075,499,86832.885542
-477.189804,499,86865.86589
-449.870488,499,86897.111046
-404.848251,499,86930.842139
-600.269097,499,86963.258515
-518.408026,499,86994.252158
-514.735122,499,87024.067105
-559.468629,499,87055.359331
-529.49518,499,87088.342276
-609.579487,499,87119.840747
-597.047359,499,87150.771574
-609.821999,499,87182.343759
-593.918192,499,87212.944893
-501.952054,499,87243.849515
-526.112159,499,87275.28337
-490.839301,499,87305.685053
-501.430206,499,87336.29029
-487.687201,499,87366.5237
-478.038211,499,87397.575577
